{"Q3":{"code":3,"name":"ROOT","type":634},"Q24017414":{"code":24017414,"name":"MISC","p":3,"type":24017414},"Q183039":{"code":183039,"name":"COUNTRY","p":3,"type":183039},"Q56061":{"code":56061,"name":"admin","p":3,"type":56061},"Q486972":{"code":486972,"name":"settled","p":3,"type":486972},"Q2221906":{"code":2221906,"name":"geo","p":3,"type":2221906},"Q25894868":{"code":25894868,"name":"place type","p":24017414,"type":25894868},"Q41710":{"code":41710,"name":"ethnic group","p":24017414,"type":41710},"Q23442":{"code":23442,"name":"island","p":25894868,"type":23442},"Q6256":{"code":6256,"name":"country","p":183039,"type":6256},"Q12076836":{"code":12076836,"name":"of a single country","p":56061,"type":12076836},"Q1799794":{"code":1799794,"name":"By level","p":56061,"type":1799794},"Q10864048":{"code":10864048,"name":"A1","p":1799794,"type":10864048},"Q515":{"code":515,"name":"city","p":486972,"type":515},"Q1782540":{"code":1782540,"name":"railway town","p":486972,"type":1782540},"Q98966309":{"code":98966309,"name":"classification of human settlements","p":486972,"type":98966309},"Q7930989":{"code":7930989,"name":"city or town","p":486972,"type":7930989},"Q618123":{"code":618123,"name":"geographical feature","p":2221906,"type":618123},"Q1291195":{"code":1291195,"name":"place of discovery","p":618123,"type":1291195},"Q3957":{"code":3957,"name":"town","p":98966309,"type":3957},"Q5119":{"code":5119,"name":"capital city","p":515,"type":5119},"Q123480":{"code":123480,"name":"landlocked country","p":6256,"type":123480},"Q1549591":{"code":1549591,"name":"big city","p":98966309,"type":1549591},"Q842412":{"code":842412,"name":"administrative territorial entity of Turkmenistan","p":12076836,"type":842412},"Q902814":{"code":902814,"name":"border town","p":7930989,"type":902814},"Q839954":{"code":839954,"name":"archaeological site","p":1291195,"type":839954},"Q3624078":{"code":3624078,"name":"sovereign state","p":6256,"type":3624078},"Q5283544":{"code":5283544,"name":"district of Turkmenistan","p":842412,"type":5283544},"Q2989457":{"code":2989457,"name":"urban-type settlement","p":486972,"type":2989457},"Q17309849":{"code":17309849,"name":"city district of Turkmenistan","p":842412,"type":17309849},"Q50330360":{"code":50330360,"name":"second largest city","p":7930989,"type":50330360},"Q1637706":{"code":1637706,"name":"million city","p":1549591,"type":1637706},"Q12014176":{"code":12014176,"name":"region of Turkmenistan","p":842412,"type":12014176},"Q-3":{"code":-3,"name":"UNLINKED","p":3,"type":-3},"Q644930":{"code":644930,"name":"mission sui iuris (Q644930)","p":-3,"type":644930},"Q133311":{"code":133311,"name":"tribe (Q133311)","p":-3,"type":133311},"Q769696":{"code":769696,"name":"ethnic minority (Q769696)","p":-3,"type":769696}}