{"Q3":{"code":3,"name":"ROOT","type":634},"Q15893266":{"code":15893266,"name":"FORMER","p":3,"type":15893266},"Q24017414":{"code":24017414,"name":"MISC","p":3,"type":24017414},"Q183039":{"code":183039,"name":"COUNTRY","p":3,"type":183039},"Q56061":{"code":56061,"name":"admin","p":3,"type":56061},"Q486972":{"code":486972,"name":"settled","p":3,"type":486972},"Q2625603":{"code":2625603,"name":"population","p":3,"type":2625603},"Q51041800":{"code":51041800,"name":"religious","p":3,"type":51041800},"Q659390":{"code":659390,"name":"construct","p":3,"type":659390},"Q104098715":{"code":104098715,"name":"territorial entity type","p":3,"type":104098715},"Q2221906":{"code":2221906,"name":"geo","p":3,"type":2221906},"Q19953632":{"code":19953632,"name":"former admin","p":15893266,"type":19953632},"Q5962346":{"code":5962346,"name":"classification system","p":24017414,"type":5962346},"Q11834037":{"code":11834037,"name":"physico-geographical regionalization","p":5962346,"type":11834037},"Q25894868":{"code":25894868,"name":"place type","p":24017414,"type":25894868},"Q41710":{"code":41710,"name":"ethnic group","p":24017414,"type":41710},"Q23442":{"code":23442,"name":"island","p":25894868,"type":23442},"Q15617994":{"code":15617994,"name":"designation for an administrative territorial entity","p":24017414,"type":15617994},"Q111972893":{"code":111972893,"name":"type of structure","p":24017414,"type":111972893},"Q811979":{"code":811979,"name":"architectural structure","p":111972893,"type":811979},"Q41176":{"code":41176,"name":"building","p":811979,"type":41176},"Q96084375":{"code":96084375,"name":"former building or structure","p":41176,"type":96084375},"Q12292478":{"code":12292478,"name":"estate","p":811979,"type":12292478},"Q875157":{"code":875157,"name":"resort","p":12292478,"type":875157},"Q699405":{"code":699405,"name":"residence","p":811979,"type":699405},"Q5890494":{"code":5890494,"name":"homestead","p":699405,"type":5890494},"Q11755880":{"code":11755880,"name":"residential building","p":699405,"type":11755880},"Q113489728":{"code":113489728,"name":"OECD country","p":183039,"type":113489728},"Q1307214":{"code":1307214,"name":"form of government","p":183039,"type":1307214},"Q6256":{"code":6256,"name":"country","p":183039,"type":6256},"Q171308":{"code":171308,"name":"oblast","p":56061,"type":171308},"Q15621274":{"code":15621274,"name":"enclave or exclave","p":56061,"type":15621274},"Q3024240":{"code":3024240,"name":"historical country","p":19953632,"type":3024240},"Q12076836":{"code":12076836,"name":"of a single country","p":56061,"type":12076836},"Q2520520":{"code":2520520,"name":"administrative territorial entity of Hungary","p":12076836,"type":2520520},"Q697379":{"code":697379,"name":"administrative territorial entity of Romania","p":12076836,"type":697379},"Q15620181":{"code":15620181,"name":"administrative territorial entity of Estonia","p":12076836,"type":15620181},"Q1799794":{"code":1799794,"name":"By level","p":56061,"type":1799794},"Q788176":{"code":788176,"name":"autonomous administrative territorial entity","p":56061,"type":788176},"Q10864048":{"code":10864048,"name":"A1","p":1799794,"type":10864048},"Q13220204":{"code":13220204,"name":"A2","p":1799794,"type":13220204},"Q13221722":{"code":13221722,"name":"A3","p":1799794,"type":13221722},"Q14757767":{"code":14757767,"name":"A4","p":1799794,"type":14757767},"Q4976993":{"code":4976993,"name":"civil parish","p":14757767,"type":4976993},"Q7275":{"code":7275,"name":"state","p":56061,"type":7275},"Q702492":{"code":702492,"name":"urban area","p":486972,"type":702492},"Q515":{"code":515,"name":"city","p":486972,"type":515},"Q532":{"code":532,"name":"village","p":486972,"type":532},"Q618299":{"code":618299,"name":"settlement","p":486972,"type":618299},"Q15284":{"code":15284,"name":"municipality","p":486972,"type":15284},"Q15253706":{"code":15253706,"name":"like a city","p":486972,"type":15253706},"Q244793":{"code":244793,"name":"twin cities","p":486972,"type":244793},"Q676050":{"code":676050,"name":"old town","p":486972,"type":676050},"Q1782540":{"code":1782540,"name":"railway town","p":486972,"type":1782540},"Q98966309":{"code":98966309,"name":"classification of human settlements","p":486972,"type":98966309},"Q7930989":{"code":7930989,"name":"city or town","p":486972,"type":7930989},"Q33829":{"code":33829,"name":"human population","p":2625603,"type":33829},"Q1492823":{"code":1492823,"name":"ecclesiastical district","p":51041800,"type":1492823},"Q20926517":{"code":20926517,"name":"religious administrative territorial entity","p":51041800,"type":20926517},"Q665487":{"code":665487,"name":"diocese","p":20926517,"type":665487},"Q471855":{"code":471855,"name":"jurisdiction","p":659390,"type":471855},"Q2665272":{"code":2665272,"name":"Ecclesiastical circumscription immediately subject to the Holy See","p":471855,"type":2665272},"Q618123":{"code":618123,"name":"geographical feature","p":2221906,"type":618123},"Q1291195":{"code":1291195,"name":"place of discovery","p":618123,"type":1291195},"Q82794":{"code":82794,"name":"geographic region","p":618123,"type":82794},"Q106589819":{"code":106589819,"name":"elevation","p":618123,"type":106589819},"Q74817647":{"code":74817647,"name":"aspect in a geographic region","p":82794,"type":74817647},"Q205895":{"code":205895,"name":"landmass","p":82794,"type":205895},"Q183366":{"code":183366,"name":"territory","p":82794,"type":183366},"Q4835091":{"code":4835091,"name":"territory","p":82794,"type":4835091},"Q15642541":{"code":15642541,"name":"human-geographic territorial entity","p":183366,"type":15642541},"Q3957":{"code":3957,"name":"town","p":98966309,"type":3957},"Q74047":{"code":74047,"name":"ghost town","p":98966309,"type":74047},"Q5119":{"code":5119,"name":"capital city","p":515,"type":5119},"Q112099":{"code":112099,"name":"island nation","p":6256,"type":112099},"Q123705":{"code":123705,"name":"neighborhood","p":486972,"type":123705},"Q13691":{"code":13691,"name":"artificial island","p":23442,"type":13691},"Q33837":{"code":33837,"name":"archipelago","p":205895,"type":33837},"Q39816":{"code":39816,"name":"valley","p":82794,"type":39816},"Q137773":{"code":137773,"name":"ward of Japan","p":15617994,"type":137773},"Q207520":{"code":207520,"name":"region of Japan","p":82794,"type":207520},"Q133004":{"code":133004,"name":"diaspora","p":24017414,"type":133004},"Q200250":{"code":200250,"name":"metropolis","p":486972,"type":200250},"Q208511":{"code":208511,"name":"global city","p":515,"type":208511},"Q162602":{"code":162602,"name":"river island","p":23442,"type":162602},"Q50337":{"code":50337,"name":"prefecture of Japan","p":15617994,"type":50337},"Q108178728":{"code":108178728,"name":"national capital","p":5119,"type":108178728},"Q1187811":{"code":1187811,"name":"college town","p":515,"type":1187811},"Q748198":{"code":748198,"name":"gay village","p":123705,"type":748198},"Q1541735":{"code":1541735,"name":"former province of Hokkaidō","p":15617994,"type":1541735},"Q1549591":{"code":1549591,"name":"big city","p":98966309,"type":1549591},"Q1637706":{"code":1637706,"name":"million city","p":1549591,"type":1637706},"Q909458":{"code":909458,"name":"Jōkamachi","p":515,"type":909458},"Q933394":{"code":933394,"name":"exclave","p":15621274,"type":933394},"Q1145012":{"code":1145012,"name":"special city of Japan","p":515,"type":1145012},"Q1161185":{"code":1161185,"name":"high island","p":23442,"type":1161185},"Q424857":{"code":424857,"name":"ōaza","p":15617994,"type":424857},"Q494721":{"code":494721,"name":"city of Japan","p":15617994,"type":494721},"Q1749269":{"code":1749269,"name":"city designated by government ordinance","p":494721,"type":1749269},"Q272888":{"code":272888,"name":"red-light district","p":123705,"type":272888},"Q356936":{"code":356936,"name":"exclusion zone","p":4835091,"type":356936},"Q2264924":{"code":2264924,"name":"port settlement","p":515,"type":2264924},"Q3146899":{"code":3146899,"name":"diocese of the Catholic Church","p":665487,"type":3146899},"Q3257686":{"code":3257686,"name":"locality","p":486972,"type":3257686},"Q839328":{"code":839328,"name":"fu","p":15617994,"type":839328},"Q841985":{"code":841985,"name":"han system","p":15617994,"type":841985},"Q850450":{"code":850450,"name":"subprefecture of Japan","p":15617994,"type":850450},"Q1226252":{"code":1226252,"name":"tied island","p":23442,"type":1226252},"Q1402592":{"code":1402592,"name":"island group","p":82794,"type":1402592},"Q1850442":{"code":1850442,"name":"administrative territorial entity of Japan","p":12076836,"type":1850442},"Q620509":{"code":620509,"name":"military town","p":3957,"type":620509},"Q627236":{"code":627236,"name":"company town","p":486972,"type":627236},"Q1025961":{"code":1025961,"name":"capital of Japan","p":5119,"type":1025961},"Q1054813":{"code":1054813,"name":"municipality of Japan","p":15617994,"type":1054813},"Q1907114":{"code":1907114,"name":"metropolitan area","p":56061,"type":1907114},"Q1066984":{"code":1066984,"name":"financial centre","p":208511,"type":1066984},"Q1074523":{"code":1074523,"name":"planned community","p":486972,"type":1074523},"Q3624078":{"code":3624078,"name":"sovereign state","p":6256,"type":3624078},"Q11499984":{"code":11499984,"name":"educational town","p":515,"type":11499984},"Q15239622":{"code":15239622,"name":"disputed territory","p":183366,"type":15239622},"Q15661340":{"code":15661340,"name":"ancient city","p":515,"type":15661340},"Q9391358":{"code":9391358,"name":"city with public health center","p":515,"type":9391358},"Q10564515":{"code":10564515,"name":"monzenmachi","p":486972,"type":10564515},"Q11394721":{"code":11394721,"name":"Inland city","p":7930989,"type":11394721},"Q11422368":{"code":11422368,"name":"city for international conferences and tourism","p":515,"type":11422368},"Q11480697":{"code":11480697,"name":"town area","p":702492,"type":11480697},"Q11484330":{"code":11484330,"name":"kouiki chimei","p":82794,"type":11484330},"Q11499971":{"code":11499971,"name":"school zone","p":123705,"type":11499971},"Q677678":{"code":677678,"name":"fortified town","p":515,"type":677678},"Q691960":{"code":691960,"name":"satellite city","p":515,"type":691960},"Q692581":{"code":692581,"name":"holy city","p":7930989,"type":692581},"Q1062177":{"code":1062177,"name":"capital region","p":4835091,"type":1062177},"Q1065592":{"code":1065592,"name":"desert island","p":23442,"type":1065592},"Q4120211":{"code":4120211,"name":"regional organization","p":56061,"type":4120211},"Q4174776":{"code":4174776,"name":"village of Japan","p":15617994,"type":4174776},"Q1122846":{"code":1122846,"name":"district of Japan","p":15617994,"type":1122846},"Q1137833":{"code":1137833,"name":"core city of Japan","p":494721,"type":1137833},"Q5327369":{"code":5327369,"name":"chōchō","p":15617994,"type":5327369},"Q17308006":{"code":17308006,"name":"island of Japan","p":23442,"type":17308006},"Q18663566":{"code":18663566,"name":"dissolved municipality of Japan","p":1054813,"type":18663566},"Q1133961":{"code":1133961,"name":"commercial district","p":123705,"type":1133961},"Q51929311":{"code":51929311,"name":"largest city","p":7930989,"type":51929311},"Q52103661":{"code":52103661,"name":"former island","p":23442,"type":52103661},"Q65241205":{"code":65241205,"name":"new town","p":1074523,"type":65241205},"Q65589340":{"code":65589340,"name":"prefectural capital of Japan","p":5119,"type":65589340},"Q5327704":{"code":5327704,"name":"special ward of Japan","p":15617994,"type":5327704},"Q65948724":{"code":65948724,"name":"neighborhood in Japan","p":15617994,"type":65948724},"Q27554677":{"code":27554677,"name":"former capital","p":486972,"type":27554677},"Q46426234":{"code":46426234,"name":"former district of Japan","p":1122846,"type":46426234},"Q50330360":{"code":50330360,"name":"second largest city","p":7930989,"type":50330360},"Q60997513":{"code":60997513,"name":"","p":515,"type":60997513},"Q-1":{"code":-1,"name":"INVALID","p":3,"type":-1},"Q-2":{"code":-2,"name":"EXCLUDED","p":3,"type":-2},"Q35798":{"code":35798,"name":"executive branch (Q35798)","p":-1,"type":35798},"Q93267":{"code":93267,"name":"isthmus (Q93267)","p":-1,"type":93267},"Q188509":{"code":188509,"name":"suburb (Q188509)","p":-1,"type":188509},"Q386426":{"code":386426,"name":"natural heritage (Q386426)","p":-1,"type":386426},"Q484652":{"code":484652,"name":"international organization (Q484652)","p":-1,"type":484652},"Q524158":{"code":524158,"name":"kami (Q524158)","p":-1,"type":524158},"Q674950":{"code":674950,"name":"residential area (Q674950)","p":-1,"type":674950},"Q728937":{"code":728937,"name":"railway line (Q728937)","p":-1,"type":728937},"Q739302":{"code":739302,"name":"production (Q739302)","p":-1,"type":739302},"Q820477":{"code":820477,"name":"mine (Q820477)","p":-1,"type":820477},"Q1165944":{"code":1165944,"name":"land use (Q1165944)","p":-1,"type":1165944},"Q1468524":{"code":1468524,"name":"city center (Q1468524)","p":-1,"type":1468524},"Q3477348":{"code":3477348,"name":"urban area (Q3477348)","p":-1,"type":3477348},"Q3702971":{"code":3702971,"name":"personal data (Q3702971)","p":-2,"type":3702971},"Q10541491":{"code":10541491,"name":"legal form (Q10541491)","p":-1,"type":10541491},"Q11081619":{"code":11081619,"name":"land (Q11081619)","p":-1,"type":11081619},"Q21000333":{"code":21000333,"name":"shopping street (Q21000333)","p":-1,"type":21000333},"Q29025902":{"code":29025902,"name":"volcanic landform (Q29025902)","p":-1,"type":29025902},"Q29028649":{"code":29028649,"name":"economic concept (Q29028649)","p":-1,"type":29028649},"Q60029820":{"code":60029820,"name":"FFH-Habitat (Q60029820)","p":-1,"type":60029820},"Q60595545":{"code":60595545,"name":"abionym (Q60595545)","p":-1,"type":60595545},"Q64728694":{"code":64728694,"name":"proposed entity (Q64728694)","p":-1,"type":64728694},"Q111737478":{"code":111737478,"name":"catholic ecclesiastical district (Q111737478)","p":-1,"type":111737478},"Q-3":{"code":-3,"name":"UNLINKED","p":3,"type":-3},"Q11292":{"code":11292,"name":"coral reef (Q11292)","p":-3,"type":11292},"Q184358":{"code":184358,"name":"reef (Q184358)","p":-3,"type":184358},"Q245065":{"code":245065,"name":"intergovernmental organization (Q245065)","p":-3,"type":245065},"Q174844":{"code":174844,"name":"megacity (Q174844)","p":-3,"type":174844},"Q105390172":{"code":105390172,"name":"Roman Catholic metropolitan archdiocese (Q105390172)","p":-3,"type":105390172},"Q1200957":{"code":1200957,"name":"tourist destination (Q1200957)","p":-3,"type":1200957},"Q745456":{"code":745456,"name":"business cluster (Q745456)","p":-3,"type":745456},"Q828359":{"code":828359,"name":"commuter town (Q828359)","p":-3,"type":828359},"Q959309":{"code":959309,"name":"coal mine (Q959309)","p":-3,"type":959309},"Q1662024":{"code":1662024,"name":"industrial district (Q1662024)","p":-3,"type":1662024},"Q327532":{"code":327532,"name":"Shintai (Q327532)","p":-3,"type":327532},"Q1324355":{"code":1324355,"name":"geopark (Q1324355)","p":-3,"type":1324355},"Q1797594":{"code":1797594,"name":"wide-area cooperative (Q1797594)","p":-3,"type":1797594},"Q498274":{"code":498274,"name":"tombolo (Q498274)","p":-3,"type":498274},"Q653139":{"code":653139,"name":"volcanic plug (Q653139)","p":-3,"type":653139},"Q1059478":{"code":1059478,"name":"town of Japan (Q1059478)","p":-3,"type":1059478},"Q11505677":{"code":11505677,"name":"new town in Japan (Q11505677)","p":-3,"type":11505677},"Q15079663":{"code":15079663,"name":"rapid transit railway line (Q15079663)","p":-3,"type":15079663},"Q5215430":{"code":5215430,"name":"danchi (Q5215430)","p":-3,"type":5215430},"Q6027980":{"code":6027980,"name":"industrial region (Q6027980)","p":-3,"type":6027980},"Q7884789":{"code":7884789,"name":"toponym (Q7884789)","p":-3,"type":7884789},"Q28550993":{"code":28550993,"name":"reclaimed land (Q28550993)","p":-3,"type":28550993},"Q28864185":{"code":28864185,"name":"proposed administrative territorial entity (Q28864185)","p":-3,"type":28864185},"Q11643712":{"code":11643712,"name":"No label (Q11643712)","p":-3,"type":11643712},"Q11660439":{"code":11660439,"name":"No label (Q11660439)","p":-3,"type":11660439}}