{"Q3":{"code":3,"name":"ROOT","type":634},"Q24017414":{"code":24017414,"name":"MISC","p":3,"type":24017414},"Q183039":{"code":183039,"name":"COUNTRY","p":3,"type":183039},"Q56061":{"code":56061,"name":"admin","p":3,"type":56061},"Q486972":{"code":486972,"name":"settled","p":3,"type":486972},"Q51041800":{"code":51041800,"name":"religious","p":3,"type":51041800},"Q2221906":{"code":2221906,"name":"geo","p":3,"type":2221906},"Q25894868":{"code":25894868,"name":"place type","p":24017414,"type":25894868},"Q41710":{"code":41710,"name":"ethnic group","p":24017414,"type":41710},"Q23442":{"code":23442,"name":"island","p":25894868,"type":23442},"Q15617994":{"code":15617994,"name":"designation for an administrative territorial entity","p":24017414,"type":15617994},"Q111972893":{"code":111972893,"name":"type of structure","p":24017414,"type":111972893},"Q811979":{"code":811979,"name":"architectural structure","p":111972893,"type":811979},"Q6256":{"code":6256,"name":"country","p":183039,"type":6256},"Q12076836":{"code":12076836,"name":"of a single country","p":56061,"type":12076836},"Q515":{"code":515,"name":"city","p":486972,"type":515},"Q15284":{"code":15284,"name":"municipality","p":486972,"type":15284},"Q98966309":{"code":98966309,"name":"classification of human settlements","p":486972,"type":98966309},"Q7930989":{"code":7930989,"name":"city or town","p":486972,"type":7930989},"Q1492823":{"code":1492823,"name":"ecclesiastical district","p":51041800,"type":1492823},"Q20926517":{"code":20926517,"name":"religious administrative territorial entity","p":51041800,"type":20926517},"Q665487":{"code":665487,"name":"diocese","p":20926517,"type":665487},"Q618123":{"code":618123,"name":"geographical feature","p":2221906,"type":618123},"Q82794":{"code":82794,"name":"geographic region","p":618123,"type":82794},"Q3957":{"code":3957,"name":"town","p":98966309,"type":3957},"Q5119":{"code":5119,"name":"capital city","p":515,"type":5119},"Q162602":{"code":162602,"name":"river island","p":23442,"type":162602},"Q192611":{"code":192611,"name":"electoral district","p":56061,"type":192611},"Q373074":{"code":373074,"name":"suffragan diocese","p":15617994,"type":373074},"Q475050":{"code":475050,"name":"federal district","p":15617994,"type":475050},"Q884030":{"code":884030,"name":"administrative territorial entity of Venezuela","p":12076836,"type":884030},"Q902814":{"code":902814,"name":"border town","p":7930989,"type":902814},"Q1402592":{"code":1402592,"name":"island group","p":82794,"type":1402592},"Q1497364":{"code":1497364,"name":"building complex","p":811979,"type":1497364},"Q1549591":{"code":1549591,"name":"big city","p":98966309,"type":1549591},"Q1637706":{"code":1637706,"name":"million city","p":1549591,"type":1637706},"Q2983893":{"code":2983893,"name":"quarter","p":56061,"type":2983893},"Q3146899":{"code":3146899,"name":"diocese of the Catholic Church","p":665487,"type":3146899},"Q3257686":{"code":3257686,"name":"locality","p":486972,"type":3257686},"Q3732788":{"code":3732788,"name":"apostolic exarchate","p":1492823,"type":3732788},"Q3327920":{"code":3327920,"name":"municipality of Venezuela","p":884030,"type":3327920},"Q3624078":{"code":3624078,"name":"sovereign state","p":6256,"type":3624078},"Q105388829":{"code":105388829,"name":"Latin Catholic diocese","p":20926517,"type":105388829},"Q50330360":{"code":50330360,"name":"second largest city","p":7930989,"type":50330360},"Q51929311":{"code":51929311,"name":"largest city","p":7930989,"type":51929311},"Q-3":{"code":-3,"name":"UNLINKED","p":3,"type":-3},"Q44782":{"code":44782,"name":"port (Q44782)","p":-3,"type":44782},"Q62049":{"code":62049,"name":"county seat (Q62049)","p":-3,"type":62049},"Q103817":{"code":103817,"name":"indigenous people (Q103817)","p":-3,"type":103817},"Q199403":{"code":199403,"name":"tropical forest (Q199403)","p":-3,"type":199403},"Q501094":{"code":501094,"name":"state of Venezuela (Q501094)","p":-3,"type":501094},"Q620225":{"code":620225,"name":"apostolic vicariate (Q620225)","p":-3,"type":620225},"Q828359":{"code":828359,"name":"commuter town (Q828359)","p":-3,"type":828359},"Q2065736":{"code":2065736,"name":"cultural property (Q2065736)","p":-3,"type":2065736},"Q105390172":{"code":105390172,"name":"Roman Catholic metropolitan archdiocese (Q105390172)","p":-3,"type":105390172},"Q6063801":{"code":6063801,"name":"parish of Venezuela (Q6063801)","p":-3,"type":6063801}}