{"Q3":{"code":3,"name":"ROOT","type":634},"Q15893266":{"code":15893266,"name":"FORMER","p":3,"type":15893266},"Q24017414":{"code":24017414,"name":"MISC","p":3,"type":24017414},"Q183039":{"code":183039,"name":"COUNTRY","p":3,"type":183039},"Q56061":{"code":56061,"name":"admin","p":3,"type":56061},"Q486972":{"code":486972,"name":"settled","p":3,"type":486972},"Q51041800":{"code":51041800,"name":"religious","p":3,"type":51041800},"Q2221906":{"code":2221906,"name":"geo","p":3,"type":2221906},"Q19953632":{"code":19953632,"name":"former admin","p":15893266,"type":19953632},"Q25894868":{"code":25894868,"name":"place type","p":24017414,"type":25894868},"Q41710":{"code":41710,"name":"ethnic group","p":24017414,"type":41710},"Q23442":{"code":23442,"name":"island","p":25894868,"type":23442},"Q111972893":{"code":111972893,"name":"type of structure","p":24017414,"type":111972893},"Q811979":{"code":811979,"name":"architectural structure","p":111972893,"type":811979},"Q41176":{"code":41176,"name":"building","p":811979,"type":41176},"Q6256":{"code":6256,"name":"country","p":183039,"type":6256},"Q1799794":{"code":1799794,"name":"By level","p":56061,"type":1799794},"Q10864048":{"code":10864048,"name":"A1","p":1799794,"type":10864048},"Q7275":{"code":7275,"name":"state","p":56061,"type":7275},"Q515":{"code":515,"name":"city","p":486972,"type":515},"Q532":{"code":532,"name":"village","p":486972,"type":532},"Q98966309":{"code":98966309,"name":"classification of human settlements","p":486972,"type":98966309},"Q7930989":{"code":7930989,"name":"city or town","p":486972,"type":7930989},"Q20926517":{"code":20926517,"name":"religious administrative territorial entity","p":51041800,"type":20926517},"Q665487":{"code":665487,"name":"diocese","p":20926517,"type":665487},"Q3914":{"code":3914,"name":"school","p":41176,"type":3914},"Q5119":{"code":5119,"name":"capital city","p":515,"type":5119},"Q3957":{"code":3957,"name":"town","p":98966309,"type":3957},"Q1306755":{"code":1306755,"name":"administrative centre","p":2221906,"type":1306755},"Q1549591":{"code":1549591,"name":"big city","p":98966309,"type":1549591},"Q1052743":{"code":1052743,"name":"regions of Ghana","p":10864048,"type":1052743},"Q1250464":{"code":1250464,"name":"realm","p":7275,"type":1250464},"Q902814":{"code":902814,"name":"border town","p":7930989,"type":902814},"Q1637706":{"code":1637706,"name":"million city","p":1549591,"type":1637706},"Q1907114":{"code":1907114,"name":"metropolitan area","p":56061,"type":1907114},"Q3624078":{"code":3624078,"name":"sovereign state","p":6256,"type":3624078},"Q2264924":{"code":2264924,"name":"port settlement","p":515,"type":2264924},"Q3146899":{"code":3146899,"name":"diocese of the Catholic Church","p":665487,"type":3146899},"Q-3":{"code":-3,"name":"UNLINKED","p":3,"type":-3},"Q2977":{"code":2977,"name":"cathedral (Q2977)","p":-3,"type":2977},"Q177634":{"code":177634,"name":"community (Q177634)","p":-3,"type":177634},"Q545769":{"code":545769,"name":"districts of Ghana (Q545769)","p":-3,"type":545769},"Q620225":{"code":620225,"name":"apostolic vicariate (Q620225)","p":-3,"type":620225},"Q41760643":{"code":41760643,"name":"constituency of the Parliament of the Republic of Ghana (Q41760643)","p":-3,"type":41760643},"Q105390172":{"code":105390172,"name":"Roman Catholic metropolitan archdiocese (Q105390172)","p":-3,"type":105390172},"Q2472587":{"code":2472587,"name":"people (Q2472587)","p":-3,"type":2472587}}