{"Q3":{"code":3,"name":"ROOT","type":634},"Q15893266":{"code":15893266,"name":"FORMER","p":3,"type":15893266},"Q24017414":{"code":24017414,"name":"MISC","p":3,"type":24017414},"Q183039":{"code":183039,"name":"COUNTRY","p":3,"type":183039},"Q56061":{"code":56061,"name":"admin","p":3,"type":56061},"Q486972":{"code":486972,"name":"settled","p":3,"type":486972},"Q2625603":{"code":2625603,"name":"population","p":3,"type":2625603},"Q51041800":{"code":51041800,"name":"religious","p":3,"type":51041800},"Q659390":{"code":659390,"name":"construct","p":3,"type":659390},"Q104098715":{"code":104098715,"name":"territorial entity type","p":3,"type":104098715},"Q2221906":{"code":2221906,"name":"geo","p":3,"type":2221906},"Q19953632":{"code":19953632,"name":"former admin","p":15893266,"type":19953632},"Q5962346":{"code":5962346,"name":"classification system","p":24017414,"type":5962346},"Q11834037":{"code":11834037,"name":"physico-geographical regionalization","p":5962346,"type":11834037},"Q25894868":{"code":25894868,"name":"place type","p":24017414,"type":25894868},"Q41710":{"code":41710,"name":"ethnic group","p":24017414,"type":41710},"Q23442":{"code":23442,"name":"island","p":25894868,"type":23442},"Q15617994":{"code":15617994,"name":"designation for an administrative territorial entity","p":24017414,"type":15617994},"Q111972893":{"code":111972893,"name":"type of structure","p":24017414,"type":111972893},"Q811979":{"code":811979,"name":"architectural structure","p":111972893,"type":811979},"Q41176":{"code":41176,"name":"building","p":811979,"type":41176},"Q96084375":{"code":96084375,"name":"former building or structure","p":41176,"type":96084375},"Q12292478":{"code":12292478,"name":"estate","p":811979,"type":12292478},"Q875157":{"code":875157,"name":"resort","p":12292478,"type":875157},"Q699405":{"code":699405,"name":"residence","p":811979,"type":699405},"Q5890494":{"code":5890494,"name":"homestead","p":699405,"type":5890494},"Q11755880":{"code":11755880,"name":"residential building","p":699405,"type":11755880},"Q113489728":{"code":113489728,"name":"OECD country","p":183039,"type":113489728},"Q1307214":{"code":1307214,"name":"form of government","p":183039,"type":1307214},"Q6256":{"code":6256,"name":"country","p":183039,"type":6256},"Q171308":{"code":171308,"name":"oblast","p":56061,"type":171308},"Q15621274":{"code":15621274,"name":"enclave or exclave","p":56061,"type":15621274},"Q3024240":{"code":3024240,"name":"historical country","p":19953632,"type":3024240},"Q12076836":{"code":12076836,"name":"of a single country","p":56061,"type":12076836},"Q2520520":{"code":2520520,"name":"administrative territorial entity of Hungary","p":12076836,"type":2520520},"Q697379":{"code":697379,"name":"administrative territorial entity of Romania","p":12076836,"type":697379},"Q15620181":{"code":15620181,"name":"administrative territorial entity of Estonia","p":12076836,"type":15620181},"Q1799794":{"code":1799794,"name":"By level","p":56061,"type":1799794},"Q788176":{"code":788176,"name":"autonomous administrative territorial entity","p":56061,"type":788176},"Q10864048":{"code":10864048,"name":"A1","p":1799794,"type":10864048},"Q13220204":{"code":13220204,"name":"A2","p":1799794,"type":13220204},"Q13221722":{"code":13221722,"name":"A3","p":1799794,"type":13221722},"Q14757767":{"code":14757767,"name":"A4","p":1799794,"type":14757767},"Q4976993":{"code":4976993,"name":"civil parish","p":14757767,"type":4976993},"Q7275":{"code":7275,"name":"state","p":56061,"type":7275},"Q702492":{"code":702492,"name":"urban area","p":486972,"type":702492},"Q515":{"code":515,"name":"city","p":486972,"type":515},"Q532":{"code":532,"name":"village","p":486972,"type":532},"Q618299":{"code":618299,"name":"settlement","p":486972,"type":618299},"Q15284":{"code":15284,"name":"municipality","p":486972,"type":15284},"Q15253706":{"code":15253706,"name":"like a city","p":486972,"type":15253706},"Q244793":{"code":244793,"name":"twin cities","p":486972,"type":244793},"Q676050":{"code":676050,"name":"old town","p":486972,"type":676050},"Q1782540":{"code":1782540,"name":"railway town","p":486972,"type":1782540},"Q98966309":{"code":98966309,"name":"classification of human settlements","p":486972,"type":98966309},"Q7930989":{"code":7930989,"name":"city or town","p":486972,"type":7930989},"Q33829":{"code":33829,"name":"human population","p":2625603,"type":33829},"Q1492823":{"code":1492823,"name":"ecclesiastical district","p":51041800,"type":1492823},"Q20926517":{"code":20926517,"name":"religious administrative territorial entity","p":51041800,"type":20926517},"Q665487":{"code":665487,"name":"diocese","p":20926517,"type":665487},"Q471855":{"code":471855,"name":"jurisdiction","p":659390,"type":471855},"Q2665272":{"code":2665272,"name":"Ecclesiastical circumscription immediately subject to the Holy See","p":471855,"type":2665272},"Q618123":{"code":618123,"name":"geographical feature","p":2221906,"type":618123},"Q1291195":{"code":1291195,"name":"place of discovery","p":618123,"type":1291195},"Q82794":{"code":82794,"name":"geographic region","p":618123,"type":82794},"Q106589819":{"code":106589819,"name":"elevation","p":618123,"type":106589819},"Q74817647":{"code":74817647,"name":"aspect in a geographic region","p":82794,"type":74817647},"Q205895":{"code":205895,"name":"landmass","p":82794,"type":205895},"Q183366":{"code":183366,"name":"territory","p":82794,"type":183366},"Q4835091":{"code":4835091,"name":"territory","p":82794,"type":4835091},"Q15642541":{"code":15642541,"name":"human-geographic territorial entity","p":183366,"type":15642541},"Q74047":{"code":74047,"name":"ghost town","p":98966309,"type":74047},"Q123705":{"code":123705,"name":"neighborhood","p":486972,"type":123705},"Q162602":{"code":162602,"name":"river island","p":23442,"type":162602},"Q159313":{"code":159313,"name":"urban agglomeration","p":702492,"type":159313},"Q7688":{"code":7688,"name":"raion","p":15617994,"type":7688},"Q133156":{"code":133156,"name":"colony","p":82794,"type":133156},"Q148837":{"code":148837,"name":"polis","p":15617994,"type":148837},"Q149621":{"code":149621,"name":"district","p":15617994,"type":149621},"Q171441":{"code":171441,"name":"enclave","p":15621274,"type":171441},"Q3957":{"code":3957,"name":"town","p":98966309,"type":3957},"Q5119":{"code":5119,"name":"capital city","p":515,"type":5119},"Q203323":{"code":203323,"name":"administrative territorial entity of Ukraine","p":12076836,"type":203323},"Q427961":{"code":427961,"name":"metropolis","p":665487,"type":427961},"Q350895":{"code":350895,"name":"abandoned village","p":98966309,"type":350895},"Q356936":{"code":356936,"name":"exclusion zone","p":4835091,"type":356936},"Q604435":{"code":604435,"name":"microdistrict","p":123705,"type":604435},"Q1130491":{"code":1130491,"name":"sloboda","p":486972,"type":1130491},"Q13691":{"code":13691,"name":"artificial island","p":23442,"type":13691},"Q34763":{"code":34763,"name":"peninsula","p":205895,"type":34763},"Q1849719":{"code":1849719,"name":"municipal formation in Russia","p":15284,"type":1849719},"Q634099":{"code":634099,"name":"rural settlement of Russia","p":1849719,"type":634099},"Q933394":{"code":933394,"name":"exclave","p":15621274,"type":933394},"Q1048835":{"code":1048835,"name":"political territorial entity","p":56061,"type":1048835},"Q1267632":{"code":1267632,"name":"raion of Ukraine","p":7688,"type":1267632},"Q1306755":{"code":1306755,"name":"administrative centre","p":2221906,"type":1306755},"Q27002":{"code":27002,"name":"selsoviet","p":15617994,"type":27002},"Q13416557":{"code":13416557,"name":"Royal city in Polish–Lithuanian Commonwealth","p":515,"type":13416557},"Q13539802":{"code":13539802,"name":"place with town rights and privileges","p":15284,"type":13539802},"Q902814":{"code":902814,"name":"border town","p":7930989,"type":902814},"Q3146899":{"code":3146899,"name":"diocese of the Catholic Church","p":665487,"type":3146899},"Q3154693":{"code":3154693,"name":"city council","p":56061,"type":3154693},"Q3732792":{"code":3732792,"name":"archiepiscopal exarchate","p":1492823,"type":3732792},"Q4057659":{"code":4057659,"name":"subdivision of Kyiv","p":486972,"type":4057659},"Q4057732":{"code":4057732,"name":"administrative territorial entity of Crimea","p":203323,"type":4057732},"Q4286337":{"code":4286337,"name":"city district","p":56061,"type":4286337},"Q12134916":{"code":12134916,"name":"centre of oblast","p":56061,"type":12134916},"Q2514025":{"code":2514025,"name":"posyolok","p":15617994,"type":2514025},"Q2974842":{"code":2974842,"name":"lost city","p":98966309,"type":2974842},"Q2989457":{"code":2989457,"name":"urban-type settlement","p":486972,"type":2989457},"Q51929311":{"code":51929311,"name":"largest city","p":7930989,"type":51929311},"Q4414033":{"code":4414033,"name":"rural council of Ukraine","p":27002,"type":4414033},"Q3257686":{"code":3257686,"name":"locality","p":486972,"type":3257686},"Q3348196":{"code":3348196,"name":"oblast of Ukraine","p":171308,"type":3348196},"Q3565075":{"code":3565075,"name":"raion of city in Ukraine","p":13221722,"type":3565075},"Q5123999":{"code":5123999,"name":"city of regional significance of Ukraine","p":203323,"type":5123999},"Q3374262":{"code":3374262,"name":"miasteczko","p":15284,"type":3374262},"Q99541706":{"code":99541706,"name":"historical unrecognized state","p":3024240,"type":99541706},"Q4533081":{"code":4533081,"name":"ethnolinguistic group","p":41710,"type":4533081},"Q105388829":{"code":105388829,"name":"Latin Catholic diocese","p":20926517,"type":105388829},"Q105389481":{"code":105389481,"name":"Greek-Catholic eparchy","p":20926517,"type":105389481},"Q21672098":{"code":21672098,"name":"village of Ukraine","p":532,"type":21672098},"Q21507948":{"code":21507948,"name":"former village","p":532,"type":21507948},"Q13626398":{"code":13626398,"name":"urban okrug in Russia","p":1849719,"type":13626398},"Q1549591":{"code":1549591,"name":"big city","p":98966309,"type":1549591},"Q3624078":{"code":3624078,"name":"sovereign state","p":6256,"type":3624078},"Q11197007":{"code":11197007,"name":"ethnoreligious group","p":41710,"type":11197007},"Q15239622":{"code":15239622,"name":"disputed territory","p":183366,"type":15239622},"Q7216840":{"code":7216840,"name":"urban-type settlement in Ukraine","p":74817647,"type":7216840},"Q4946461":{"code":4946461,"name":"spa town","p":486972,"type":4946461},"Q12015918":{"code":12015918,"name":"colony","p":56061,"type":12015918},"Q12051488":{"code":12051488,"name":"populated place in Ukraine","p":74817647,"type":12051488},"Q12131624":{"code":12131624,"name":"city in Ukraine","p":12051488,"type":12131624},"Q1637706":{"code":1637706,"name":"million city","p":1549591,"type":1637706},"Q12131640":{"code":12131640,"name":"city of district significance","p":203323,"type":12131640},"Q15243209":{"code":15243209,"name":"historic district","p":149621,"type":15243209},"Q19832712":{"code":19832712,"name":"historical administrative division","p":56061,"type":19832712},"Q1620908":{"code":1620908,"name":"historical region","p":56061,"type":1620908},"Q1631226":{"code":1631226,"name":"settlement council","p":15617994,"type":1631226},"Q21683299":{"code":21683299,"name":"settlement council  in Ukraine","p":203323,"type":21683299},"Q22674925":{"code":22674925,"name":"former settlement","p":98966309,"type":22674925},"Q41501164":{"code":41501164,"name":"village of Crimea","p":532,"type":41501164},"Q48907157":{"code":48907157,"name":"section of populated place","p":2221906,"type":48907157},"Q33101426":{"code":33101426,"name":"urban council of Ukraine","p":3154693,"type":33101426},"Q1977835":{"code":1977835,"name":"autonomous republic","p":788176,"type":1977835},"Q2023000":{"code":2023000,"name":"khutor","p":15617994,"type":2023000},"Q2198484":{"code":2198484,"name":"municipal district","p":56061,"type":2198484},"Q2264924":{"code":2264924,"name":"port settlement","p":515,"type":2264924},"Q28790362":{"code":28790362,"name":"ethnic community","p":41710,"type":28790362},"Q30892871":{"code":30892871,"name":"inhabited area","p":486972,"type":30892871},"Q108822885":{"code":108822885,"name":"Catholic Metropolitan Archieparchy","p":51041800,"type":108822885},"Q-1":{"code":-1,"name":"INVALID","p":3,"type":-1},"Q7188":{"code":7188,"name":"government (Q7188)","p":-1,"type":7188},"Q34442":{"code":34442,"name":"road (Q34442)","p":-1,"type":34442},"Q37732":{"code":37732,"name":"demography (Q37732)","p":-1,"type":37732},"Q43263":{"code":43263,"name":"federal subject of Russia (Q43263)","p":-1,"type":43263},"Q57821":{"code":57821,"name":"fortification (Q57821)","p":-1,"type":57821},"Q151885":{"code":151885,"name":"concept (Q151885)","p":-1,"type":151885},"Q155076":{"code":155076,"name":"juridical person (Q155076)","p":-1,"type":155076},"Q178706":{"code":178706,"name":"institution (Q178706)","p":-1,"type":178706},"Q192287":{"code":192287,"name":"subdivision of Russia (Q192287)","p":-1,"type":192287},"Q285181":{"code":285181,"name":"eparchy (Q285181)","p":-1,"type":285181},"Q351389":{"code":351389,"name":"ethnic minority (Q351389)","p":-1,"type":351389},"Q687121":{"code":687121,"name":"volost (Q687121)","p":-1,"type":687121},"Q874405":{"code":874405,"name":"social group (Q874405)","p":-1,"type":874405},"Q1364324":{"code":1364324,"name":"uyezd (Q1364324)","p":-1,"type":1364324},"Q1752346":{"code":1752346,"name":"assembly (Q1752346)","p":-1,"type":1752346},"Q2577883":{"code":2577883,"name":"occupied territory (Q2577883)","p":-1,"type":2577883},"Q2725376":{"code":2725376,"name":"demographics (Q2725376)","p":-1,"type":2725376},"Q4204491":{"code":4204491,"name":"administrative territorial entity of the Soviet Union (Q4204491)","p":-1,"type":4204491},"Q12819564":{"code":12819564,"name":"station (Q12819564)","p":-1,"type":12819564},"Q13406463":{"code":13406463,"name":"Wikimedia list article (Q13406463)","p":-1,"type":13406463},"Q17853087":{"code":17853087,"name":"merge (Q17853087)","p":-1,"type":17853087},"Q28872924":{"code":28872924,"name":"designation for an administrative territorial entity of a single country (Q28872924)","p":-1,"type":28872924},"Q29028649":{"code":29028649,"name":"economic concept (Q29028649)","p":-1,"type":29028649},"Q33104069":{"code":33104069,"name":"political concept (Q33104069)","p":-1,"type":33104069},"Q85785387":{"code":85785387,"name":"migrant crisis (Q85785387)","p":-1,"type":85785387},"Q111737478":{"code":111737478,"name":"catholic ecclesiastical district (Q111737478)","p":-1,"type":111737478},"Q113682025":{"code":113682025,"name":"barrier beach (Q113682025)","p":-1,"type":113682025},"Q-3":{"code":-3,"name":"UNLINKED","p":3,"type":-3},"Q79007":{"code":79007,"name":"street (Q79007)","p":-3,"type":79007},"Q6266":{"code":6266,"name":"nation (Q6266)","p":-3,"type":6266},"Q11204":{"code":11204,"name":"legislature (Q11204)","p":-3,"type":11204},"Q183342":{"code":183342,"name":"federal city of Russia (Q183342)","p":-3,"type":183342},"Q200209":{"code":200209,"name":"cities of Ukraine (Q200209)","p":-3,"type":200209},"Q1200957":{"code":1200957,"name":"tourist destination (Q1200957)","p":-3,"type":1200957},"Q55488":{"code":55488,"name":"railway station (Q55488)","p":-3,"type":55488},"Q217101":{"code":217101,"name":"spit (Q217101)","p":-3,"type":217101},"Q231002":{"code":231002,"name":"nationality (Q231002)","p":-3,"type":231002},"Q1397926":{"code":1397926,"name":"refugee crisis (Q1397926)","p":-3,"type":1397926},"Q2472587":{"code":2472587,"name":"people (Q2472587)","p":-3,"type":2472587},"Q769696":{"code":769696,"name":"ethnic minority (Q769696)","p":-3,"type":769696},"Q1431554":{"code":1431554,"name":"apostolic administration (Q1431554)","p":-3,"type":1431554},"Q20094029":{"code":20094029,"name":"Russian-occupied territories of Ukraine (Q20094029)","p":-3,"type":20094029},"Q60176300":{"code":60176300,"name":"Eastern Orthodox eparchy (Q60176300)","p":-3,"type":60176300},"Q4291381":{"code":4291381,"name":"amalgamated hromada (Q4291381)","p":-3,"type":4291381},"Q6501447":{"code":6501447,"name":"local government (Q6501447)","p":-3,"type":6501447},"Q62944360":{"code":62944360,"name":"country population (Q62944360)","p":-3,"type":62944360},"Q84823091":{"code":84823091,"name":"region of Ukraine (Q84823091)","p":-3,"type":84823091},"Q104841013":{"code":104841013,"name":"hromada (Q104841013)","p":-3,"type":104841013},"Q20719675":{"code":20719675,"name":"raion of the Soviet Union (Q20719675)","p":-3,"type":20719675},"Q20732405":{"code":20732405,"name":"volost of the Russian Empire (Q20732405)","p":-3,"type":20732405},"Q15078955":{"code":15078955,"name":"urban-type settlement in Russia (Q15078955)","p":-3,"type":15078955},"Q15195406":{"code":15195406,"name":"city district in Russia (Q15195406)","p":-3,"type":15195406},"Q6621940":{"code":6621940,"name":"local self-government (Q6621940)","p":-3,"type":6621940},"Q10553309":{"code":10553309,"name":"legislative house (Q10553309)","p":-3,"type":10553309},"Q18867064":{"code":18867064,"name":"uyezd of the Soviet Union (Q18867064)","p":-3,"type":18867064},"Q23983664":{"code":23983664,"name":"demographics of country or region (Q23983664)","p":-3,"type":23983664},"Q28035482":{"code":28035482,"name":"administrative territorial entity of the Republic of Crimea (Q28035482)","p":-3,"type":28035482},"Q29968665":{"code":29968665,"name":"fortress island (Q29968665)","p":-3,"type":29968665},"Q105390172":{"code":105390172,"name":"Roman Catholic metropolitan archdiocese (Q105390172)","p":-3,"type":105390172},"Q111262701":{"code":111262701,"name":"raion of Crimea (Q111262701)","p":-3,"type":111262701},"Q113637359":{"code":113637359,"name":"monohromada (Q113637359)","p":-3,"type":113637359}}