{"Q3":{"code":3,"name":"ROOT","type":634},"Q24017414":{"code":24017414,"name":"MISC","p":3,"type":24017414},"Q183039":{"code":183039,"name":"COUNTRY","p":3,"type":183039},"Q56061":{"code":56061,"name":"admin","p":3,"type":56061},"Q486972":{"code":486972,"name":"settled","p":3,"type":486972},"Q51041800":{"code":51041800,"name":"religious","p":3,"type":51041800},"Q25894868":{"code":25894868,"name":"place type","p":24017414,"type":25894868},"Q23442":{"code":23442,"name":"island","p":25894868,"type":23442},"Q1307214":{"code":1307214,"name":"form of government","p":183039,"type":1307214},"Q6256":{"code":6256,"name":"country","p":183039,"type":6256},"Q15621274":{"code":15621274,"name":"enclave or exclave","p":56061,"type":15621274},"Q1799794":{"code":1799794,"name":"By level","p":56061,"type":1799794},"Q10864048":{"code":10864048,"name":"A1","p":1799794,"type":10864048},"Q13221722":{"code":13221722,"name":"A3","p":1799794,"type":13221722},"Q515":{"code":515,"name":"city","p":486972,"type":515},"Q98966309":{"code":98966309,"name":"classification of human settlements","p":486972,"type":98966309},"Q20926517":{"code":20926517,"name":"religious administrative territorial entity","p":51041800,"type":20926517},"Q665487":{"code":665487,"name":"diocese","p":20926517,"type":665487},"Q5119":{"code":5119,"name":"capital city","p":515,"type":5119},"Q123705":{"code":123705,"name":"neighborhood","p":56061,"type":123705},"Q59281":{"code":59281,"name":"provisional government","p":1307214,"type":59281},"Q112099":{"code":112099,"name":"island nation","p":6256,"type":112099},"Q741821":{"code":741821,"name":"municipality of East Timor","p":10864048,"type":741821},"Q3146899":{"code":3146899,"name":"diocese of the Catholic Church","p":665487,"type":3146899},"Q933394":{"code":933394,"name":"exclave","p":15621274,"type":933394},"Q1549591":{"code":1549591,"name":"big city","p":98966309,"type":1549591},"Q2072238":{"code":2072238,"name":"archdiocese","p":665487,"type":2072238},"Q3257686":{"code":3257686,"name":"locality","p":486972,"type":3257686},"Q3624078":{"code":3624078,"name":"sovereign state","p":6256,"type":3624078},"Q22044663":{"code":22044663,"name":"suco of East Timor","p":13221722,"type":22044663},"Q111127635":{"code":111127635,"name":"special administrative region in East Timor","p":10864048,"type":111127635},"Q-3":{"code":-3,"name":"UNLINKED","p":3,"type":-3},"Q3191695":{"code":3191695,"name":"regency of Indonesia (Q3191695)","p":-3,"type":3191695},"Q1512109":{"code":1512109,"name":"administrative post of East Timor (Q1512109)","p":-3,"type":1512109},"Q44005284":{"code":44005284,"name":"peacekeeping mission (Q44005284)","p":-3,"type":44005284}}