{"Q3":{"code":3,"name":"ROOT","type":634},"Q15893266":{"code":15893266,"name":"FORMER","p":3,"type":15893266},"Q24017414":{"code":24017414,"name":"MISC","p":3,"type":24017414},"Q183039":{"code":183039,"name":"COUNTRY","p":3,"type":183039},"Q56061":{"code":56061,"name":"admin","p":3,"type":56061},"Q486972":{"code":486972,"name":"settled","p":3,"type":486972},"Q19953632":{"code":19953632,"name":"former admin","p":15893266,"type":19953632},"Q25894868":{"code":25894868,"name":"place type","p":24017414,"type":25894868},"Q41710":{"code":41710,"name":"ethnic group","p":24017414,"type":41710},"Q23442":{"code":23442,"name":"island","p":25894868,"type":23442},"Q1307214":{"code":1307214,"name":"form of government","p":183039,"type":1307214},"Q6256":{"code":6256,"name":"country","p":183039,"type":6256},"Q3024240":{"code":3024240,"name":"historical country","p":19953632,"type":3024240},"Q1799794":{"code":1799794,"name":"By level","p":56061,"type":1799794},"Q10864048":{"code":10864048,"name":"A1","p":1799794,"type":10864048},"Q7275":{"code":7275,"name":"state","p":56061,"type":7275},"Q515":{"code":515,"name":"city","p":486972,"type":515},"Q98966309":{"code":98966309,"name":"classification of human settlements","p":486972,"type":98966309},"Q7930989":{"code":7930989,"name":"city or town","p":486972,"type":7930989},"Q5119":{"code":5119,"name":"capital city","p":515,"type":5119},"Q3957":{"code":3957,"name":"town","p":98966309,"type":3957},"Q41614":{"code":41614,"name":"constitutional monarchy","p":1307214,"type":41614},"Q1250464":{"code":1250464,"name":"realm","p":7275,"type":1250464},"Q1549591":{"code":1549591,"name":"big city","p":98966309,"type":1549591},"Q902814":{"code":902814,"name":"border town","p":7930989,"type":902814},"Q1637706":{"code":1637706,"name":"million city","p":1549591,"type":1637706},"Q2393184":{"code":2393184,"name":"hill station","p":3957,"type":2393184},"Q3624078":{"code":3624078,"name":"sovereign state","p":6256,"type":3624078},"Q51929311":{"code":51929311,"name":"largest city","p":7930989,"type":51929311},"Q-3":{"code":-3,"name":"UNLINKED","p":3,"type":-3},"Q384003":{"code":384003,"name":"apostolic prefecture (Q384003)","p":-3,"type":384003},"Q620225":{"code":620225,"name":"apostolic vicariate (Q620225)","p":-3,"type":620225},"Q14846916":{"code":14846916,"name":"provincial municipality of Cambodia (Q14846916)","p":-3,"type":14846916},"Q14846918":{"code":14846918,"name":"district of Cambodia (Q14846918)","p":-3,"type":14846918},"Q5154047":{"code":5154047,"name":"quarter/commune of Cambodia (Q5154047)","p":-3,"type":5154047},"Q7252589":{"code":7252589,"name":"province of Cambodia (Q7252589)","p":-3,"type":7252589}}