{"Q3":{"code":3,"name":"ROOT","type":634},"Q24017414":{"code":24017414,"name":"MISC","p":3,"type":24017414},"Q183039":{"code":183039,"name":"COUNTRY","p":3,"type":183039},"Q486972":{"code":486972,"name":"settled","p":3,"type":486972},"Q51041800":{"code":51041800,"name":"religious","p":3,"type":51041800},"Q25894868":{"code":25894868,"name":"place type","p":24017414,"type":25894868},"Q41710":{"code":41710,"name":"ethnic group","p":24017414,"type":41710},"Q23442":{"code":23442,"name":"island","p":25894868,"type":23442},"Q6256":{"code":6256,"name":"country","p":183039,"type":6256},"Q515":{"code":515,"name":"city","p":486972,"type":515},"Q532":{"code":532,"name":"village","p":486972,"type":532},"Q98966309":{"code":98966309,"name":"classification of human settlements","p":486972,"type":98966309},"Q7930989":{"code":7930989,"name":"city or town","p":486972,"type":7930989},"Q20926517":{"code":20926517,"name":"religious administrative territorial entity","p":51041800,"type":20926517},"Q665487":{"code":665487,"name":"diocese","p":20926517,"type":665487},"Q5119":{"code":5119,"name":"capital city","p":515,"type":5119},"Q7270":{"code":7270,"name":"republic","p":183039,"type":7270},"Q1549591":{"code":1549591,"name":"big city","p":98966309,"type":1549591},"Q3624078":{"code":3624078,"name":"sovereign state","p":6256,"type":3624078},"Q2264924":{"code":2264924,"name":"port settlement","p":515,"type":2264924},"Q162602":{"code":162602,"name":"river island","p":23442,"type":162602},"Q3146899":{"code":3146899,"name":"diocese of the Catholic Church","p":665487,"type":3146899},"Q3257686":{"code":3257686,"name":"locality","p":486972,"type":3257686},"Q820254":{"code":820254,"name":"mining community","p":486972,"type":820254},"Q902814":{"code":902814,"name":"border town","p":7930989,"type":902814},"Q-3":{"code":-3,"name":"UNLINKED","p":3,"type":-3},"Q608843":{"code":608843,"name":"region of Namibia (Q608843)","p":-3,"type":608843},"Q15219655":{"code":15219655,"name":"civil town of Wisconsin (Q15219655)","p":-3,"type":15219655},"Q105390172":{"code":105390172,"name":"Roman Catholic metropolitan archdiocese (Q105390172)","p":-3,"type":105390172},"Q1625987":{"code":1625987,"name":"bantustan of South West Africa (Q1625987)","p":-3,"type":1625987},"Q620225":{"code":620225,"name":"apostolic vicariate (Q620225)","p":-3,"type":620225}}