{"Q3":{"code":3,"name":"ROOT","type":634},"Q15893266":{"code":15893266,"name":"FORMER","p":3,"type":15893266},"Q24017414":{"code":24017414,"name":"MISC","p":3,"type":24017414},"Q183039":{"code":183039,"name":"COUNTRY","p":3,"type":183039},"Q56061":{"code":56061,"name":"admin","p":3,"type":56061},"Q486972":{"code":486972,"name":"settled","p":3,"type":486972},"Q2625603":{"code":2625603,"name":"population","p":3,"type":2625603},"Q51041800":{"code":51041800,"name":"religious","p":3,"type":51041800},"Q659390":{"code":659390,"name":"construct","p":3,"type":659390},"Q104098715":{"code":104098715,"name":"territorial entity type","p":3,"type":104098715},"Q2221906":{"code":2221906,"name":"geo","p":3,"type":2221906},"Q19953632":{"code":19953632,"name":"former admin","p":15893266,"type":19953632},"Q5962346":{"code":5962346,"name":"classification system","p":24017414,"type":5962346},"Q11834037":{"code":11834037,"name":"physico-geographical regionalization","p":5962346,"type":11834037},"Q25894868":{"code":25894868,"name":"place type","p":24017414,"type":25894868},"Q41710":{"code":41710,"name":"ethnic group","p":24017414,"type":41710},"Q23442":{"code":23442,"name":"island","p":25894868,"type":23442},"Q15617994":{"code":15617994,"name":"designation for an administrative territorial entity","p":24017414,"type":15617994},"Q111972893":{"code":111972893,"name":"type of structure","p":24017414,"type":111972893},"Q811979":{"code":811979,"name":"architectural structure","p":111972893,"type":811979},"Q41176":{"code":41176,"name":"building","p":811979,"type":41176},"Q96084375":{"code":96084375,"name":"former building or structure","p":41176,"type":96084375},"Q12292478":{"code":12292478,"name":"estate","p":811979,"type":12292478},"Q875157":{"code":875157,"name":"resort","p":12292478,"type":875157},"Q699405":{"code":699405,"name":"residence","p":811979,"type":699405},"Q5890494":{"code":5890494,"name":"homestead","p":699405,"type":5890494},"Q11755880":{"code":11755880,"name":"residential building","p":699405,"type":11755880},"Q113489728":{"code":113489728,"name":"OECD country","p":183039,"type":113489728},"Q1307214":{"code":1307214,"name":"form of government","p":183039,"type":1307214},"Q6256":{"code":6256,"name":"country","p":183039,"type":6256},"Q171308":{"code":171308,"name":"oblast","p":56061,"type":171308},"Q15621274":{"code":15621274,"name":"enclave or exclave","p":56061,"type":15621274},"Q3024240":{"code":3024240,"name":"historical country","p":19953632,"type":3024240},"Q12076836":{"code":12076836,"name":"of a single country","p":56061,"type":12076836},"Q2520520":{"code":2520520,"name":"administrative territorial entity of Hungary","p":12076836,"type":2520520},"Q697379":{"code":697379,"name":"administrative territorial entity of Romania","p":12076836,"type":697379},"Q15620181":{"code":15620181,"name":"administrative territorial entity of Estonia","p":12076836,"type":15620181},"Q1799794":{"code":1799794,"name":"By level","p":56061,"type":1799794},"Q788176":{"code":788176,"name":"autonomous administrative territorial entity","p":56061,"type":788176},"Q10864048":{"code":10864048,"name":"A1","p":1799794,"type":10864048},"Q13220204":{"code":13220204,"name":"A2","p":1799794,"type":13220204},"Q13221722":{"code":13221722,"name":"A3","p":1799794,"type":13221722},"Q14757767":{"code":14757767,"name":"A4","p":1799794,"type":14757767},"Q4976993":{"code":4976993,"name":"civil parish","p":14757767,"type":4976993},"Q7275":{"code":7275,"name":"state","p":56061,"type":7275},"Q702492":{"code":702492,"name":"urban area","p":486972,"type":702492},"Q515":{"code":515,"name":"city","p":486972,"type":515},"Q532":{"code":532,"name":"village","p":486972,"type":532},"Q618299":{"code":618299,"name":"settlement","p":486972,"type":618299},"Q15284":{"code":15284,"name":"municipality","p":486972,"type":15284},"Q15253706":{"code":15253706,"name":"like a city","p":486972,"type":15253706},"Q244793":{"code":244793,"name":"twin cities","p":486972,"type":244793},"Q676050":{"code":676050,"name":"old town","p":486972,"type":676050},"Q1782540":{"code":1782540,"name":"railway town","p":486972,"type":1782540},"Q98966309":{"code":98966309,"name":"classification of human settlements","p":486972,"type":98966309},"Q7930989":{"code":7930989,"name":"city or town","p":486972,"type":7930989},"Q33829":{"code":33829,"name":"human population","p":2625603,"type":33829},"Q1492823":{"code":1492823,"name":"ecclesiastical district","p":51041800,"type":1492823},"Q20926517":{"code":20926517,"name":"religious administrative territorial entity","p":51041800,"type":20926517},"Q665487":{"code":665487,"name":"diocese","p":20926517,"type":665487},"Q471855":{"code":471855,"name":"jurisdiction","p":659390,"type":471855},"Q2665272":{"code":2665272,"name":"Ecclesiastical circumscription immediately subject to the Holy See","p":471855,"type":2665272},"Q618123":{"code":618123,"name":"geographical feature","p":2221906,"type":618123},"Q1291195":{"code":1291195,"name":"place of discovery","p":618123,"type":1291195},"Q82794":{"code":82794,"name":"geographic region","p":618123,"type":82794},"Q106589819":{"code":106589819,"name":"elevation","p":618123,"type":106589819},"Q74817647":{"code":74817647,"name":"aspect in a geographic region","p":82794,"type":74817647},"Q205895":{"code":205895,"name":"landmass","p":82794,"type":205895},"Q183366":{"code":183366,"name":"territory","p":82794,"type":183366},"Q4835091":{"code":4835091,"name":"territory","p":82794,"type":4835091},"Q15642541":{"code":15642541,"name":"human-geographic territorial entity","p":183366,"type":15642541},"Q123705":{"code":123705,"name":"neighborhood","p":486972,"type":123705},"Q149621":{"code":149621,"name":"district","p":15617994,"type":149621},"Q162602":{"code":162602,"name":"river island","p":23442,"type":162602},"Q192611":{"code":192611,"name":"electoral district","p":56061,"type":192611},"Q208500":{"code":208500,"name":"principality","p":1307214,"type":208500},"Q200250":{"code":200250,"name":"metropolis","p":486972,"type":200250},"Q208511":{"code":208511,"name":"global city","p":515,"type":208511},"Q839954":{"code":839954,"name":"archaeological site","p":1291195,"type":839954},"Q245260":{"code":245260,"name":"conurbation","p":702492,"type":245260},"Q373074":{"code":373074,"name":"suffragan diocese","p":15617994,"type":373074},"Q512187":{"code":512187,"name":"federal republic","p":1307214,"type":512187},"Q3957":{"code":3957,"name":"town","p":98966309,"type":3957},"Q587144":{"code":587144,"name":"census town","p":3957,"type":587144},"Q692581":{"code":692581,"name":"holy city","p":7930989,"type":692581},"Q817477":{"code":817477,"name":"tehsil","p":15617994,"type":817477},"Q902814":{"code":902814,"name":"border town","p":7930989,"type":902814},"Q1074523":{"code":1074523,"name":"planned community","p":486972,"type":1074523},"Q2365748":{"code":2365748,"name":"administrative territorial entity of India","p":12076836,"type":2365748},"Q1149652":{"code":1149652,"name":"district of India","p":2365748,"type":1149652},"Q1161185":{"code":1161185,"name":"high island","p":23442,"type":1161185},"Q1230708":{"code":1230708,"name":"division of India","p":2365748,"type":1230708},"Q1549591":{"code":1549591,"name":"big city","p":98966309,"type":1549591},"Q1637706":{"code":1637706,"name":"million city","p":1549591,"type":1637706},"Q1336152":{"code":1336152,"name":"princely state","p":15617994,"type":1336152},"Q1468524":{"code":1468524,"name":"city center","p":123705,"type":1468524},"Q1520223":{"code":1520223,"name":"constitutional republic","p":183039,"type":1520223},"Q1620908":{"code":1620908,"name":"historical region","p":56061,"type":1620908},"Q2264924":{"code":2264924,"name":"port settlement","p":515,"type":2264924},"Q2322432":{"code":2322432,"name":"Nagar Panchayat","p":2365748,"type":2322432},"Q2393184":{"code":2393184,"name":"hill station","p":3957,"type":2393184},"Q1907114":{"code":1907114,"name":"metropolitan area","p":56061,"type":1907114},"Q2732840":{"code":2732840,"name":"Gram panchayat","p":56061,"type":2732840},"Q3146899":{"code":3146899,"name":"diocese of the Catholic Church","p":665487,"type":3146899},"Q2072238":{"code":2072238,"name":"archdiocese","p":665487,"type":2072238},"Q3257686":{"code":3257686,"name":"locality","p":486972,"type":3257686},"Q3455524":{"code":3455524,"name":"administrative region","p":15617994,"type":3455524},"Q3491994":{"code":3491994,"name":"subdistrict","p":15617994,"type":3491994},"Q3624078":{"code":3624078,"name":"sovereign state","p":6256,"type":3624078},"Q4464237":{"code":4464237,"name":"notified area","p":2365748,"type":4464237},"Q4927168":{"code":4927168,"name":"Block Panchayat","p":56061,"type":4927168},"Q5119":{"code":5119,"name":"capital city","p":515,"type":5119},"Q11271835":{"code":11271835,"name":"state capital","p":5119,"type":11271835},"Q15239622":{"code":15239622,"name":"disputed territory","p":183366,"type":15239622},"Q5255892":{"code":5255892,"name":"democratic republic","p":183039,"type":5255892},"Q7318010":{"code":7318010,"name":"Revenue Village","p":532,"type":7318010},"Q7631016":{"code":7631016,"name":"subdivision of India","p":2365748,"type":7631016},"Q7694920":{"code":7694920,"name":"tehsil of India","p":817477,"type":7694920},"Q15244514":{"code":15244514,"name":"Mandal","p":486972,"type":15244514},"Q15661340":{"code":15661340,"name":"ancient city","p":515,"type":15661340},"Q16861595":{"code":16861595,"name":"Town Municipal Council","p":2365748,"type":16861595},"Q18918041":{"code":18918041,"name":"municipality of West Bengal","p":15284,"type":18918041},"Q20725872":{"code":20725872,"name":"Eastern Catholic eparchy","p":20926517,"type":20725872},"Q23309217":{"code":23309217,"name":"Grama Panchayaths of Kerala","p":2732840,"type":23309217},"Q27554677":{"code":27554677,"name":"former capital","p":486972,"type":27554677},"Q27612211":{"code":27612211,"name":"province of India","p":2365748,"type":27612211},"Q47481352":{"code":47481352,"name":"Lok Sabha constituency","p":192611,"type":47481352},"Q7270":{"code":7270,"name":"republic","p":183039,"type":7270},"Q8502":{"code":8502,"name":"mountain","p":106589819,"type":8502},"Q34763":{"code":34763,"name":"peninsula","p":205895,"type":34763},"Q39816":{"code":39816,"name":"valley","p":82794,"type":39816},"Q50330360":{"code":50330360,"name":"second largest city","p":7930989,"type":50330360},"Q51929311":{"code":51929311,"name":"largest city","p":7930989,"type":51929311},"Q48988742":{"code":48988742,"name":"Tiruvuru mandal","p":817477,"type":48988742},"Q105388829":{"code":105388829,"name":"Latin Catholic diocese","p":20926517,"type":105388829},"Q108178728":{"code":108178728,"name":"national capital","p":5119,"type":108178728},"Q108441897":{"code":108441897,"name":"syro-malabar metropolitan archdiocese","p":51041800,"type":108441897},"Q108822885":{"code":108822885,"name":"Catholic Metropolitan Archieparchy","p":51041800,"type":108822885},"Q112684326":{"code":112684326,"name":"municipality of India","p":486972,"type":112684326},"Q112791080":{"code":112791080,"name":"zone of Greater Hyderabad Municipal Corporation","p":2365748,"type":112791080},"Q56436498":{"code":56436498,"name":"village in India","p":532,"type":56436498},"Q57178953":{"code":57178953,"name":"cantonment town","p":2365748,"type":57178953},"Q57179730":{"code":57179730,"name":"industrial township","p":2365748,"type":57179730},"Q58339518":{"code":58339518,"name":"town  in India","p":3957,"type":58339518},"Q58339717":{"code":58339717,"name":"city of India","p":515,"type":58339717},"Q98929991":{"code":98929991,"name":"place","p":618123,"type":98929991},"Q-1":{"code":-1,"name":"INVALID","p":3,"type":-1},"Q-2":{"code":-2,"name":"EXCLUDED","p":3,"type":-2},"Q11204":{"code":11204,"name":"legislature (Q11204)","p":-1,"type":11204},"Q57821":{"code":57821,"name":"fortification (Q57821)","p":-1,"type":57821},"Q57831":{"code":57831,"name":"fortress (Q57831)","p":-1,"type":57831},"Q103817":{"code":103817,"name":"indigenous people (Q103817)","p":-1,"type":103817},"Q130695":{"code":130695,"name":"caste system in India (Q130695)","p":-1,"type":130695},"Q131541":{"code":131541,"name":"states and union territories of India (Q131541)","p":-1,"type":131541},"Q151885":{"code":151885,"name":"concept (Q151885)","p":-1,"type":151885},"Q155076":{"code":155076,"name":"juridical person (Q155076)","p":-1,"type":155076},"Q188869":{"code":188869,"name":"field (Q188869)","p":-1,"type":188869},"Q327333":{"code":327333,"name":"government agency (Q327333)","p":-1,"type":327333},"Q473972":{"code":473972,"name":"protected area (Q473972)","p":-1,"type":473972},"Q697295":{"code":697295,"name":"shrine (Q697295)","p":-1,"type":697295},"Q701632":{"code":701632,"name":"municipal council (Q701632)","p":-1,"type":701632},"Q874405":{"code":874405,"name":"social group (Q874405)","p":-1,"type":874405},"Q960648":{"code":960648,"name":"point of interest (Q960648)","p":-1,"type":960648},"Q1048835":{"code":1048835,"name":"political territorial entity (Q1048835)","p":-1,"type":1048835},"Q1107656":{"code":1107656,"name":"garden (Q1107656)","p":-1,"type":1107656},"Q1151405":{"code":1151405,"name":"client state (Q1151405)","p":-1,"type":1151405},"Q1263068":{"code":1263068,"name":"duplicate entry (Q1263068)","p":-1,"type":1263068},"Q3409269":{"code":3409269,"name":"statistical unit (Q3409269)","p":-1,"type":3409269},"Q3477348":{"code":3477348,"name":"urban area (Q3477348)","p":-1,"type":3477348},"Q3702971":{"code":3702971,"name":"personal data (Q3702971)","p":-2,"type":3702971},"Q3976646":{"code":3976646,"name":"administrative territorial entity of Nepal (Q3976646)","p":-1,"type":3976646},"Q6044472":{"code":6044472,"name":"intentional living (Q6044472)","p":-1,"type":6044472},"Q10541491":{"code":10541491,"name":"legal form (Q10541491)","p":-1,"type":10541491},"Q11774263":{"code":11774263,"name":"Vidhan Sabha constituency (Q11774263)","p":-1,"type":11774263},"Q12769393":{"code":12769393,"name":"end (Q12769393)","p":-1,"type":12769393},"Q14204246":{"code":14204246,"name":"Wikimedia project page (Q14204246)","p":-1,"type":14204246},"Q15646492":{"code":15646492,"name":"administrative territorial entity of British India (Q15646492)","p":-1,"type":15646492},"Q15700808":{"code":15700808,"name":"urban unit definition (Q15700808)","p":-1,"type":15700808},"Q16334295":{"code":16334295,"name":"group of humans (Q16334295)","p":-1,"type":16334295},"Q19361238":{"code":19361238,"name":"Wikidata metaclass (Q19361238)","p":-1,"type":19361238},"Q28872924":{"code":28872924,"name":"designation for an administrative territorial entity of a single country (Q28872924)","p":-1,"type":28872924},"Q98772493":{"code":98772493,"name":"administrative territorial entity of Company rule in India (Q98772493)","p":-1,"type":98772493},"Q111737478":{"code":111737478,"name":"catholic ecclesiastical district (Q111737478)","p":-1,"type":111737478},"Q-3":{"code":-3,"name":"UNLINKED","p":3,"type":-3},"Q174844":{"code":174844,"name":"megacity (Q174844)","p":-3,"type":174844},"Q188509":{"code":188509,"name":"suburb (Q188509)","p":-3,"type":188509},"Q231002":{"code":231002,"name":"nationality (Q231002)","p":-3,"type":231002},"Q467745":{"code":467745,"name":"union territory of India (Q467745)","p":-3,"type":467745},"Q570116":{"code":570116,"name":"tourist attraction (Q570116)","p":-3,"type":570116},"Q672979":{"code":672979,"name":"strusciate Sofia (Q672979)","p":-3,"type":672979},"Q745456":{"code":745456,"name":"business cluster (Q745456)","p":-3,"type":745456},"Q851990":{"code":851990,"name":"population group (Q851990)","p":-3,"type":851990},"Q1195098":{"code":1195098,"name":"ward (Q1195098)","p":-3,"type":1195098},"Q842402":{"code":842402,"name":"Hindu temple (Q842402)","p":-3,"type":842402},"Q1530705":{"code":1530705,"name":"village development committee of Nepal (Q1530705)","p":-3,"type":1530705},"Q1559394":{"code":1559394,"name":"gompa (Q1559394)","p":-3,"type":1559394},"Q1785071":{"code":1785071,"name":"fort (Q1785071)","p":-3,"type":1785071},"Q1827414":{"code":1827414,"name":"tea garden (Q1827414)","p":-3,"type":1827414},"Q2373919":{"code":2373919,"name":"intentional community (Q2373919)","p":-3,"type":2373919},"Q2472587":{"code":2472587,"name":"people (Q2472587)","p":-3,"type":2472587},"Q2613100":{"code":2613100,"name":"Jain temple (Q2613100)","p":-3,"type":2613100},"Q2714144":{"code":2714144,"name":"bird sanctuary (Q2714144)","p":-3,"type":2714144},"Q3117863":{"code":3117863,"name":"isolated human group (Q3117863)","p":-3,"type":3117863},"Q3241965":{"code":3241965,"name":"tributary state (Q3241965)","p":-3,"type":3241965},"Q4167410":{"code":4167410,"name":"Wikimedia disambiguation page (Q4167410)","p":-3,"type":4167410},"Q2097994":{"code":2097994,"name":"municipal corporation (Q2097994)","p":-3,"type":2097994},"Q2758248":{"code":2758248,"name":"District Councils of India (Q2758248)","p":-3,"type":2758248},"Q2775236":{"code":2775236,"name":"community development block in India (Q2775236)","p":-3,"type":2775236},"Q4691986":{"code":4691986,"name":"agency of British India (Q4691986)","p":-3,"type":4691986},"Q12443800":{"code":12443800,"name":"state of India (Q12443800)","p":-3,"type":12443800},"Q12932380":{"code":12932380,"name":"Hinduism of an area (Q12932380)","p":-3,"type":12932380},"Q15135589":{"code":15135589,"name":"pilgrimage site (Q15135589)","p":-3,"type":15135589},"Q6958514":{"code":6958514,"name":"municipal council of India (Q6958514)","p":-3,"type":6958514},"Q6621940":{"code":6621940,"name":"local self-government (Q6621940)","p":-3,"type":6621940},"Q6936225":{"code":6936225,"name":"municipal corporation in India (Q6936225)","p":-3,"type":6936225},"Q9325485":{"code":9325485,"name":"Government Legislation Centre (Q9325485)","p":-3,"type":9325485},"Q16830604":{"code":16830604,"name":"census town of India (Q16830604)","p":-3,"type":16830604},"Q17319161":{"code":17319161,"name":"princely estate of the British Raj (Q17319161)","p":-3,"type":17319161},"Q17362920":{"code":17362920,"name":"Wikimedia duplicated page (Q17362920)","p":-3,"type":17362920},"Q17507349":{"code":17507349,"name":"district of British India (Q17507349)","p":-3,"type":17507349},"Q44539":{"code":44539,"name":"temple (Q44539)","p":-3,"type":44539},"Q54375413":{"code":54375413,"name":"constituency of the Andhra Pradesh Legislative Assembly (Q54375413)","p":-3,"type":54375413},"Q54375514":{"code":54375514,"name":"constituency of the Telangana Legislative Assembly (Q54375514)","p":-3,"type":54375514},"Q105390172":{"code":105390172,"name":"Roman Catholic metropolitan archdiocese (Q105390172)","p":-3,"type":105390172},"Q70780172":{"code":70780172,"name":"tea plantation (Q70780172)","p":-3,"type":70780172},"Q71586722":{"code":71586722,"name":"Scheduled Castes (Q71586722)","p":-3,"type":71586722},"Q98772456":{"code":98772456,"name":"district of Company rule in India (Q98772456)","p":-3,"type":98772456},"Q105074756":{"code":105074756,"name":"municipal corporation of West Bengal (Q105074756)","p":-3,"type":105074756}}