{"Q3":{"code":3,"name":"ROOT","type":634},"Q15893266":{"code":15893266,"name":"FORMER","p":3,"type":15893266},"Q24017414":{"code":24017414,"name":"MISC","p":3,"type":24017414},"Q183039":{"code":183039,"name":"COUNTRY","p":3,"type":183039},"Q56061":{"code":56061,"name":"admin","p":3,"type":56061},"Q486972":{"code":486972,"name":"settled","p":3,"type":486972},"Q2625603":{"code":2625603,"name":"population","p":3,"type":2625603},"Q51041800":{"code":51041800,"name":"religious","p":3,"type":51041800},"Q2221906":{"code":2221906,"name":"geo","p":3,"type":2221906},"Q19953632":{"code":19953632,"name":"former admin","p":15893266,"type":19953632},"Q25894868":{"code":25894868,"name":"place type","p":24017414,"type":25894868},"Q41710":{"code":41710,"name":"ethnic group","p":24017414,"type":41710},"Q23442":{"code":23442,"name":"island","p":25894868,"type":23442},"Q15617994":{"code":15617994,"name":"designation for an administrative territorial entity","p":24017414,"type":15617994},"Q1307214":{"code":1307214,"name":"form of government","p":183039,"type":1307214},"Q6256":{"code":6256,"name":"country","p":183039,"type":6256},"Q3024240":{"code":3024240,"name":"historical country","p":19953632,"type":3024240},"Q12076836":{"code":12076836,"name":"of a single country","p":56061,"type":12076836},"Q1799794":{"code":1799794,"name":"By level","p":56061,"type":1799794},"Q13220204":{"code":13220204,"name":"A2","p":1799794,"type":13220204},"Q702492":{"code":702492,"name":"urban area","p":486972,"type":702492},"Q515":{"code":515,"name":"city","p":486972,"type":515},"Q532":{"code":532,"name":"village","p":486972,"type":532},"Q15284":{"code":15284,"name":"municipality","p":486972,"type":15284},"Q15253706":{"code":15253706,"name":"like a city","p":486972,"type":15253706},"Q98966309":{"code":98966309,"name":"classification of human settlements","p":486972,"type":98966309},"Q7930989":{"code":7930989,"name":"city or town","p":486972,"type":7930989},"Q33829":{"code":33829,"name":"human population","p":2625603,"type":33829},"Q20926517":{"code":20926517,"name":"religious administrative territorial entity","p":51041800,"type":20926517},"Q665487":{"code":665487,"name":"diocese","p":20926517,"type":665487},"Q618123":{"code":618123,"name":"geographical feature","p":2221906,"type":618123},"Q1291195":{"code":1291195,"name":"place of discovery","p":618123,"type":1291195},"Q82794":{"code":82794,"name":"geographic region","p":618123,"type":82794},"Q106589819":{"code":106589819,"name":"elevation","p":618123,"type":106589819},"Q205895":{"code":205895,"name":"landmass","p":82794,"type":205895},"Q183366":{"code":183366,"name":"territory","p":82794,"type":183366},"Q4835091":{"code":4835091,"name":"territory","p":82794,"type":4835091},"Q15642541":{"code":15642541,"name":"human-geographic territorial entity","p":183366,"type":15642541},"Q162602":{"code":162602,"name":"river island","p":23442,"type":162602},"Q123705":{"code":123705,"name":"neighborhood","p":486972,"type":123705},"Q149621":{"code":149621,"name":"district","p":15617994,"type":149621},"Q192611":{"code":192611,"name":"electoral district","p":56061,"type":192611},"Q208500":{"code":208500,"name":"principality","p":1307214,"type":208500},"Q208511":{"code":208511,"name":"global city","p":515,"type":208511},"Q245260":{"code":245260,"name":"conurbation","p":702492,"type":245260},"Q373074":{"code":373074,"name":"suffragan diocese","p":15617994,"type":373074},"Q200250":{"code":200250,"name":"metropolis","p":486972,"type":200250},"Q512187":{"code":512187,"name":"federal republic","p":1307214,"type":512187},"Q3957":{"code":3957,"name":"town","p":98966309,"type":3957},"Q587144":{"code":587144,"name":"census town","p":3957,"type":587144},"Q692581":{"code":692581,"name":"holy city","p":7930989,"type":692581},"Q839954":{"code":839954,"name":"archaeological site","p":1291195,"type":839954},"Q817477":{"code":817477,"name":"tehsil","p":15617994,"type":817477},"Q902814":{"code":902814,"name":"border town","p":7930989,"type":902814},"Q1074523":{"code":1074523,"name":"planned community","p":486972,"type":1074523},"Q2365748":{"code":2365748,"name":"administrative territorial entity of India","p":12076836,"type":2365748},"Q1230708":{"code":1230708,"name":"division of India","p":2365748,"type":1230708},"Q1336152":{"code":1336152,"name":"princely state","p":15617994,"type":1336152},"Q1549591":{"code":1549591,"name":"big city","p":98966309,"type":1549591},"Q1620908":{"code":1620908,"name":"historical region","p":56061,"type":1620908},"Q1149652":{"code":1149652,"name":"district of India","p":2365748,"type":1149652},"Q1468524":{"code":1468524,"name":"city center","p":123705,"type":1468524},"Q1520223":{"code":1520223,"name":"constitutional republic","p":183039,"type":1520223},"Q1161185":{"code":1161185,"name":"high island","p":23442,"type":1161185},"Q1637706":{"code":1637706,"name":"million city","p":1549591,"type":1637706},"Q2393184":{"code":2393184,"name":"hill station","p":3957,"type":2393184},"Q4927168":{"code":4927168,"name":"Block Panchayat","p":56061,"type":4927168},"Q5255892":{"code":5255892,"name":"democratic republic","p":183039,"type":5255892},"Q1907114":{"code":1907114,"name":"metropolitan area","p":56061,"type":1907114},"Q2072238":{"code":2072238,"name":"archdiocese","p":665487,"type":2072238},"Q2322432":{"code":2322432,"name":"Nagar Panchayat","p":2365748,"type":2322432},"Q3455524":{"code":3455524,"name":"administrative region","p":15617994,"type":3455524},"Q3491994":{"code":3491994,"name":"subdistrict","p":15617994,"type":3491994},"Q3624078":{"code":3624078,"name":"sovereign state","p":6256,"type":3624078},"Q2732840":{"code":2732840,"name":"Gram panchayat","p":56061,"type":2732840},"Q4464237":{"code":4464237,"name":"notified area","p":2365748,"type":4464237},"Q5119":{"code":5119,"name":"capital city","p":515,"type":5119},"Q11271835":{"code":11271835,"name":"state capital","p":5119,"type":11271835},"Q3146899":{"code":3146899,"name":"diocese of the Catholic Church","p":665487,"type":3146899},"Q3257686":{"code":3257686,"name":"locality","p":486972,"type":3257686},"Q15239622":{"code":15239622,"name":"disputed territory","p":183366,"type":15239622},"Q7318010":{"code":7318010,"name":"Revenue Village","p":532,"type":7318010},"Q7631016":{"code":7631016,"name":"subdivision of India","p":2365748,"type":7631016},"Q7694920":{"code":7694920,"name":"tehsil of India","p":817477,"type":7694920},"Q48988742":{"code":48988742,"name":"Tiruvuru mandal","p":817477,"type":48988742},"Q50330360":{"code":50330360,"name":"second largest city","p":7930989,"type":50330360},"Q20725872":{"code":20725872,"name":"Eastern Catholic eparchy","p":51041800,"type":20725872},"Q18918041":{"code":18918041,"name":"municipality of West Bengal","p":15284,"type":18918041},"Q23309217":{"code":23309217,"name":"Grama Panchayaths of Kerala","p":2732840,"type":23309217},"Q27554677":{"code":27554677,"name":"former capital","p":486972,"type":27554677},"Q27612211":{"code":27612211,"name":"province of India","p":2365748,"type":27612211},"Q47481352":{"code":47481352,"name":"Lok Sabha constituency","p":192611,"type":47481352},"Q15244514":{"code":15244514,"name":"Mandal","p":486972,"type":15244514},"Q15661340":{"code":15661340,"name":"ancient city","p":515,"type":15661340},"Q16861595":{"code":16861595,"name":"Town Municipal Council","p":2365748,"type":16861595},"Q7270":{"code":7270,"name":"republic","p":183039,"type":7270},"Q8502":{"code":8502,"name":"mountain","p":106589819,"type":8502},"Q34763":{"code":34763,"name":"peninsula","p":205895,"type":34763},"Q39816":{"code":39816,"name":"valley","p":82794,"type":39816},"Q56436498":{"code":56436498,"name":"village in India","p":532,"type":56436498},"Q57178953":{"code":57178953,"name":"cantonment town","p":2365748,"type":57178953},"Q57179730":{"code":57179730,"name":"industrial township","p":2365748,"type":57179730},"Q58339518":{"code":58339518,"name":"town  in India","p":3957,"type":58339518},"Q58339717":{"code":58339717,"name":"city of India","p":515,"type":58339717},"Q51929311":{"code":51929311,"name":"largest city","p":7930989,"type":51929311},"Q98929991":{"code":98929991,"name":"place","p":618123,"type":98929991},"Q105388829":{"code":105388829,"name":"Latin Catholic diocese","p":20926517,"type":105388829},"Q108178728":{"code":108178728,"name":"national capital","p":5119,"type":108178728},"Q108441897":{"code":108441897,"name":"syro-malabar metropolitan archdiocese","p":51041800,"type":108441897},"Q108822885":{"code":108822885,"name":"Catholic Metropolitan Archieparchy","p":51041800,"type":108822885},"Q112684326":{"code":112684326,"name":"municipal area of India","p":486972,"type":112684326},"Q112791080":{"code":112791080,"name":"zone of Greater Hyderabad Municipal Corporation","p":2365748,"type":112791080},"Q-3":{"code":-3,"name":"UNLINKED","p":3,"type":-3},"Q174844":{"code":174844,"name":"megacity (Q174844)","p":-3,"type":174844},"Q188509":{"code":188509,"name":"suburb (Q188509)","p":-3,"type":188509},"Q467745":{"code":467745,"name":"union territory of India (Q467745)","p":-3,"type":467745},"Q570116":{"code":570116,"name":"tourist attraction (Q570116)","p":-3,"type":570116},"Q672979":{"code":672979,"name":"strusciate Sofia (Q672979)","p":-3,"type":672979},"Q745456":{"code":745456,"name":"business cluster (Q745456)","p":-3,"type":745456},"Q842402":{"code":842402,"name":"Hindu temple (Q842402)","p":-3,"type":842402},"Q851990":{"code":851990,"name":"population group (Q851990)","p":-3,"type":851990},"Q1195098":{"code":1195098,"name":"ward (Q1195098)","p":-3,"type":1195098},"Q1530705":{"code":1530705,"name":"village development committee of Nepal (Q1530705)","p":-3,"type":1530705},"Q1559394":{"code":1559394,"name":"gompa (Q1559394)","p":-3,"type":1559394},"Q1827414":{"code":1827414,"name":"tea garden (Q1827414)","p":-3,"type":1827414},"Q2472587":{"code":2472587,"name":"people (Q2472587)","p":-3,"type":2472587},"Q1785071":{"code":1785071,"name":"fort (Q1785071)","p":-3,"type":1785071},"Q2097994":{"code":2097994,"name":"municipal corporation (Q2097994)","p":-3,"type":2097994},"Q2373919":{"code":2373919,"name":"intentional community (Q2373919)","p":-3,"type":2373919},"Q2613100":{"code":2613100,"name":"Jain temple (Q2613100)","p":-3,"type":2613100},"Q2714144":{"code":2714144,"name":"bird sanctuary (Q2714144)","p":-3,"type":2714144},"Q4167410":{"code":4167410,"name":"Wikimedia disambiguation page (Q4167410)","p":-3,"type":4167410},"Q4691986":{"code":4691986,"name":"agency of British India (Q4691986)","p":-3,"type":4691986},"Q2758248":{"code":2758248,"name":"District Councils of India (Q2758248)","p":-3,"type":2758248},"Q2775236":{"code":2775236,"name":"community development block in India (Q2775236)","p":-3,"type":2775236},"Q9325485":{"code":9325485,"name":"Government Legislation Centre (Q9325485)","p":-3,"type":9325485},"Q12443800":{"code":12443800,"name":"state of India (Q12443800)","p":-3,"type":12443800},"Q3117863":{"code":3117863,"name":"isolated human group (Q3117863)","p":-3,"type":3117863},"Q3241965":{"code":3241965,"name":"tributary state (Q3241965)","p":-3,"type":3241965},"Q6621940":{"code":6621940,"name":"local self-government (Q6621940)","p":-3,"type":6621940},"Q12932380":{"code":12932380,"name":"Hinduism of an area (Q12932380)","p":-3,"type":12932380},"Q15135589":{"code":15135589,"name":"pilgrimage site (Q15135589)","p":-3,"type":15135589},"Q6936225":{"code":6936225,"name":"municipal corporation in India (Q6936225)","p":-3,"type":6936225},"Q6958514":{"code":6958514,"name":"municipality of India (Q6958514)","p":-3,"type":6958514},"Q17507349":{"code":17507349,"name":"district of British India (Q17507349)","p":-3,"type":17507349},"Q16830604":{"code":16830604,"name":"census town of India (Q16830604)","p":-3,"type":16830604},"Q17319161":{"code":17319161,"name":"princely estate of the British Raj (Q17319161)","p":-3,"type":17319161},"Q17362920":{"code":17362920,"name":"Wikimedia duplicated page (Q17362920)","p":-3,"type":17362920},"Q44539":{"code":44539,"name":"temple (Q44539)","p":-3,"type":44539},"Q54375413":{"code":54375413,"name":"constituency of the Andhra Pradesh Legislative Assembly (Q54375413)","p":-3,"type":54375413},"Q54375514":{"code":54375514,"name":"constituency of the Telangana Legislative Assembly (Q54375514)","p":-3,"type":54375514},"Q70780172":{"code":70780172,"name":"tea plantation (Q70780172)","p":-3,"type":70780172},"Q71586722":{"code":71586722,"name":"Scheduled Castes (Q71586722)","p":-3,"type":71586722},"Q98772456":{"code":98772456,"name":"district of Company rule in India (Q98772456)","p":-3,"type":98772456},"Q105074756":{"code":105074756,"name":"municipal corporation of West Bengal (Q105074756)","p":-3,"type":105074756},"Q105390172":{"code":105390172,"name":"Roman Catholic metropolitan archdiocese (Q105390172)","p":-3,"type":105390172}}