{"Q3":{"code":3,"name":"ROOT","type":634},"Q15893266":{"code":15893266,"name":"FORMER","p":3,"type":15893266},"Q24017414":{"code":24017414,"name":"MISC","p":3,"type":24017414},"Q183039":{"code":183039,"name":"COUNTRY","p":3,"type":183039},"Q56061":{"code":56061,"name":"admin","p":3,"type":56061},"Q486972":{"code":486972,"name":"settled","p":3,"type":486972},"Q2625603":{"code":2625603,"name":"population","p":3,"type":2625603},"Q51041800":{"code":51041800,"name":"religious","p":3,"type":51041800},"Q659390":{"code":659390,"name":"construct","p":3,"type":659390},"Q104098715":{"code":104098715,"name":"territorial entity type","p":3,"type":104098715},"Q2221906":{"code":2221906,"name":"geo","p":3,"type":2221906},"Q19953632":{"code":19953632,"name":"former admin","p":15893266,"type":19953632},"Q5962346":{"code":5962346,"name":"classification system","p":24017414,"type":5962346},"Q11834037":{"code":11834037,"name":"physico-geographical regionalization","p":5962346,"type":11834037},"Q25894868":{"code":25894868,"name":"place type","p":24017414,"type":25894868},"Q41710":{"code":41710,"name":"ethnic group","p":24017414,"type":41710},"Q23442":{"code":23442,"name":"island","p":25894868,"type":23442},"Q15617994":{"code":15617994,"name":"designation for an administrative territorial entity","p":24017414,"type":15617994},"Q111972893":{"code":111972893,"name":"type of structure","p":24017414,"type":111972893},"Q811979":{"code":811979,"name":"architectural structure","p":111972893,"type":811979},"Q41176":{"code":41176,"name":"building","p":811979,"type":41176},"Q96084375":{"code":96084375,"name":"former building or structure","p":41176,"type":96084375},"Q12292478":{"code":12292478,"name":"estate","p":811979,"type":12292478},"Q875157":{"code":875157,"name":"resort","p":12292478,"type":875157},"Q699405":{"code":699405,"name":"residence","p":811979,"type":699405},"Q5890494":{"code":5890494,"name":"homestead","p":699405,"type":5890494},"Q11755880":{"code":11755880,"name":"residential building","p":699405,"type":11755880},"Q113489728":{"code":113489728,"name":"OECD country","p":183039,"type":113489728},"Q1307214":{"code":1307214,"name":"form of government","p":183039,"type":1307214},"Q6256":{"code":6256,"name":"country","p":183039,"type":6256},"Q171308":{"code":171308,"name":"oblast","p":56061,"type":171308},"Q15621274":{"code":15621274,"name":"enclave or exclave","p":56061,"type":15621274},"Q3024240":{"code":3024240,"name":"historical country","p":19953632,"type":3024240},"Q12076836":{"code":12076836,"name":"of a single country","p":56061,"type":12076836},"Q2520520":{"code":2520520,"name":"administrative territorial entity of Hungary","p":12076836,"type":2520520},"Q697379":{"code":697379,"name":"administrative territorial entity of Romania","p":12076836,"type":697379},"Q15620181":{"code":15620181,"name":"administrative territorial entity of Estonia","p":12076836,"type":15620181},"Q1799794":{"code":1799794,"name":"By level","p":56061,"type":1799794},"Q788176":{"code":788176,"name":"autonomous administrative territorial entity","p":56061,"type":788176},"Q10864048":{"code":10864048,"name":"A1","p":1799794,"type":10864048},"Q13220204":{"code":13220204,"name":"A2","p":1799794,"type":13220204},"Q13221722":{"code":13221722,"name":"A3","p":1799794,"type":13221722},"Q14757767":{"code":14757767,"name":"A4","p":1799794,"type":14757767},"Q4976993":{"code":4976993,"name":"civil parish","p":14757767,"type":4976993},"Q7275":{"code":7275,"name":"state","p":56061,"type":7275},"Q702492":{"code":702492,"name":"urban area","p":486972,"type":702492},"Q515":{"code":515,"name":"city","p":486972,"type":515},"Q532":{"code":532,"name":"village","p":486972,"type":532},"Q618299":{"code":618299,"name":"settlement","p":486972,"type":618299},"Q15284":{"code":15284,"name":"municipality","p":486972,"type":15284},"Q15253706":{"code":15253706,"name":"like a city","p":486972,"type":15253706},"Q244793":{"code":244793,"name":"twin cities","p":486972,"type":244793},"Q676050":{"code":676050,"name":"old town","p":486972,"type":676050},"Q1782540":{"code":1782540,"name":"railway town","p":486972,"type":1782540},"Q98966309":{"code":98966309,"name":"classification of human settlements","p":486972,"type":98966309},"Q7930989":{"code":7930989,"name":"city or town","p":486972,"type":7930989},"Q33829":{"code":33829,"name":"human population","p":2625603,"type":33829},"Q1492823":{"code":1492823,"name":"ecclesiastical district","p":51041800,"type":1492823},"Q20926517":{"code":20926517,"name":"religious administrative territorial entity","p":51041800,"type":20926517},"Q665487":{"code":665487,"name":"diocese","p":20926517,"type":665487},"Q471855":{"code":471855,"name":"jurisdiction","p":659390,"type":471855},"Q2665272":{"code":2665272,"name":"Ecclesiastical circumscription immediately subject to the Holy See","p":471855,"type":2665272},"Q618123":{"code":618123,"name":"geographical feature","p":2221906,"type":618123},"Q1291195":{"code":1291195,"name":"place of discovery","p":618123,"type":1291195},"Q82794":{"code":82794,"name":"geographic region","p":618123,"type":82794},"Q106589819":{"code":106589819,"name":"elevation","p":618123,"type":106589819},"Q74817647":{"code":74817647,"name":"aspect in a geographic region","p":82794,"type":74817647},"Q205895":{"code":205895,"name":"landmass","p":82794,"type":205895},"Q183366":{"code":183366,"name":"territory","p":82794,"type":183366},"Q4835091":{"code":4835091,"name":"territory","p":82794,"type":4835091},"Q15642541":{"code":15642541,"name":"human-geographic territorial entity","p":183366,"type":15642541},"Q123705":{"code":123705,"name":"neighborhood","p":486972,"type":123705},"Q74047":{"code":74047,"name":"ghost town","p":98966309,"type":74047},"Q130003":{"code":130003,"name":"ski resort","p":486972,"type":130003},"Q149621":{"code":149621,"name":"district","p":15617994,"type":149621},"Q162602":{"code":162602,"name":"river island","p":23442,"type":162602},"Q161243":{"code":161243,"name":"dependent territory","p":15617994,"type":161243},"Q3957":{"code":3957,"name":"town","p":98966309,"type":3957},"Q5107":{"code":5107,"name":"continent","p":205895,"type":5107},"Q5119":{"code":5119,"name":"capital city","p":515,"type":5119},"Q171174":{"code":171174,"name":"direct democracy","p":1307214,"type":171174},"Q171441":{"code":171441,"name":"enclave","p":15621274,"type":171441},"Q192611":{"code":192611,"name":"electoral district","p":56061,"type":192611},"Q5084":{"code":5084,"name":"hamlet","p":15617994,"type":5084},"Q8502":{"code":8502,"name":"mountain","p":106589819,"type":8502},"Q200250":{"code":200250,"name":"metropolis","p":486972,"type":200250},"Q202199":{"code":202199,"name":"inland island","p":23442,"type":202199},"Q317548":{"code":317548,"name":"resort town","p":3957,"type":317548},"Q329683":{"code":329683,"name":"industrial zone","p":82794,"type":329683},"Q350895":{"code":350895,"name":"abandoned village","p":98966309,"type":350895},"Q627236":{"code":627236,"name":"company town","p":486972,"type":627236},"Q6266":{"code":6266,"name":"nation","p":659390,"type":6266},"Q2713747":{"code":2713747,"name":"division of the Australian House of Representatives","p":192611,"type":2713747},"Q3032154":{"code":3032154,"name":"electoral district of New South Wales","p":192611,"type":3032154},"Q738570":{"code":738570,"name":"central business district","p":123705,"type":738570},"Q3146899":{"code":3146899,"name":"diocese of the Catholic Church","p":665487,"type":3146899},"Q34763":{"code":34763,"name":"peninsula","p":205895,"type":34763},"Q748198":{"code":748198,"name":"gay village","p":123705,"type":748198},"Q820254":{"code":820254,"name":"mining community","p":486972,"type":820254},"Q3257686":{"code":3257686,"name":"locality","p":486972,"type":3257686},"Q1549591":{"code":1549591,"name":"big city","p":98966309,"type":1549591},"Q1637706":{"code":1637706,"name":"million city","p":1549591,"type":1637706},"Q1778235":{"code":1778235,"name":"territorial abbey","p":1492823,"type":1778235},"Q1907114":{"code":1907114,"name":"metropolitan area","p":56061,"type":1907114},"Q33837":{"code":33837,"name":"archipelago","p":205895,"type":33837},"Q191992":{"code":191992,"name":"headland","p":34763,"type":191992},"Q208511":{"code":208511,"name":"global city","p":515,"type":208511},"Q223832":{"code":223832,"name":"dominion of the British Empire","p":161243,"type":223832},"Q39816":{"code":39816,"name":"valley","p":82794,"type":39816},"Q3301455":{"code":3301455,"name":"precinct","p":192611,"type":3301455},"Q3308596":{"code":3308596,"name":"mayor–council government","p":1307214,"type":3308596},"Q3491994":{"code":3491994,"name":"subdistrict","p":15617994,"type":3491994},"Q3624078":{"code":3624078,"name":"sovereign state","p":6256,"type":3624078},"Q4668360":{"code":4668360,"name":"Aboriginal community in Western Australia","p":486972,"type":4668360},"Q43702":{"code":43702,"name":"federation","p":1307214,"type":43702},"Q1066984":{"code":1066984,"name":"financial centre","p":208511,"type":1066984},"Q1080224":{"code":1080224,"name":"state electoral district","p":192611,"type":1080224},"Q1161185":{"code":1161185,"name":"high island","p":23442,"type":1161185},"Q54050":{"code":54050,"name":"hill","p":106589819,"type":54050},"Q1402592":{"code":1402592,"name":"island group","p":82794,"type":1402592},"Q1468524":{"code":1468524,"name":"city center","p":123705,"type":1468524},"Q105389481":{"code":105389481,"name":"Greek-Catholic eparchy","p":20926517,"type":105389481},"Q105419665":{"code":105419665,"name":"Roman Catholic archdiocese not metropolitan","p":51041800,"type":105419665},"Q106071744":{"code":106071744,"name":"former town","p":98966309,"type":106071744},"Q114496982":{"code":114496982,"name":"political city","p":98966309,"type":114496982},"Q46169":{"code":46169,"name":"national park","p":15617994,"type":46169},"Q28942344":{"code":28942344,"name":"Indigenous Australian community","p":486972,"type":28942344},"Q7113057":{"code":7113057,"name":"outstation","p":28942344,"type":7113057},"Q7557352":{"code":7557352,"name":"Soldier settlement","p":486972,"type":7557352},"Q10354598":{"code":10354598,"name":"rural settlement","p":56061,"type":10354598},"Q11197007":{"code":11197007,"name":"ethnoreligious group","p":41710,"type":11197007},"Q19610511":{"code":19610511,"name":"township","p":15617994,"type":19610511},"Q20725872":{"code":20725872,"name":"Eastern Catholic eparchy","p":20926517,"type":20725872},"Q11271835":{"code":11271835,"name":"state capital","p":5119,"type":11271835},"Q18618819":{"code":18618819,"name":"national park of Australia","p":46169,"type":18618819},"Q23037160":{"code":23037160,"name":"quasi-state","p":7275,"type":23037160},"Q26907711":{"code":26907711,"name":"district of the Australian Capital Territory","p":149621,"type":26907711},"Q28930084":{"code":28930084,"name":"parish of Victoria","p":4976993,"type":28930084},"Q30114493":{"code":30114493,"name":"bounded rural locality","p":3257686,"type":30114493},"Q50330360":{"code":50330360,"name":"second largest city","p":7930989,"type":50330360},"Q51929311":{"code":51929311,"name":"largest city","p":7930989,"type":51929311},"Q46831":{"code":46831,"name":"mountain range","p":82794,"type":46831},"Q104488513":{"code":104488513,"name":"proposed city","p":7930989,"type":104488513},"Q105388829":{"code":105388829,"name":"Latin Catholic diocese","p":20926517,"type":105388829},"Q-1":{"code":-1,"name":"INVALID","p":3,"type":-1},"Q-2":{"code":-2,"name":"EXCLUDED","p":3,"type":-2},"Q8072":{"code":8072,"name":"volcano (Q8072)","p":-1,"type":8072},"Q15324":{"code":15324,"name":"body of water (Q15324)","p":-1,"type":15324},"Q22652":{"code":22652,"name":"green space (Q22652)","p":-1,"type":22652},"Q35120":{"code":35120,"name":"entity (Q35120)","p":-1,"type":35120},"Q37901":{"code":37901,"name":"strait (Q37901)","p":-1,"type":37901},"Q62447":{"code":62447,"name":"aerodrome (Q62447)","p":-1,"type":62447},"Q93288":{"code":93288,"name":"contract (Q93288)","p":-1,"type":93288},"Q93352":{"code":93352,"name":"coast (Q93352)","p":-1,"type":93352},"Q101998":{"code":101998,"name":"biome (Q101998)","p":-1,"type":101998},"Q107390":{"code":107390,"name":"federated state (Q107390)","p":-1,"type":107390},"Q107425":{"code":107425,"name":"landscape (Q107425)","p":-1,"type":107425},"Q151885":{"code":151885,"name":"concept (Q151885)","p":-1,"type":151885},"Q177634":{"code":177634,"name":"community (Q177634)","p":-1,"type":177634},"Q178712":{"code":178712,"name":"state or territory of Australia (Q178712)","p":-1,"type":178712},"Q210272":{"code":210272,"name":"cultural heritage (Q210272)","p":-1,"type":210272},"Q211606":{"code":211606,"name":"social structure (Q211606)","p":-1,"type":211606},"Q269528":{"code":269528,"name":"unincorporated area (Q269528)","p":-1,"type":269528},"Q271669":{"code":271669,"name":"landform (Q271669)","p":-1,"type":271669},"Q325668":{"code":325668,"name":"designation of origin (Q325668)","p":-1,"type":325668},"Q417175":{"code":417175,"name":"kingdom (Q417175)","p":-1,"type":417175},"Q473972":{"code":473972,"name":"protected area (Q473972)","p":-1,"type":473972},"Q662296":{"code":662296,"name":"shire (Q662296)","p":-1,"type":662296},"Q782198":{"code":782198,"name":"administrative territorial entity of Australia (Q782198)","p":-1,"type":782198},"Q811430":{"code":811430,"name":"human-made geographic feature (Q811430)","p":-1,"type":811430},"Q863404":{"code":863404,"name":"subterranea (Q863404)","p":-1,"type":863404},"Q874405":{"code":874405,"name":"social group (Q874405)","p":-1,"type":874405},"Q1165944":{"code":1165944,"name":"land use (Q1165944)","p":-1,"type":1165944},"Q1839674":{"code":1839674,"name":"lands inhabited by indigenous peoples (Q1839674)","p":-1,"type":1839674},"Q1973901":{"code":1973901,"name":"economic region (Q1973901)","p":-1,"type":1973901},"Q2097233":{"code":2097233,"name":"station (Q2097233)","p":-1,"type":2097233},"Q2507626":{"code":2507626,"name":"water area (Q2507626)","p":-1,"type":2507626},"Q2516121":{"code":2516121,"name":"transport structure (Q2516121)","p":-1,"type":2516121},"Q2551525":{"code":2551525,"name":"water reservoir (Q2551525)","p":-1,"type":2551525},"Q3610510":{"code":3610510,"name":"ethnic enclave (Q3610510)","p":-1,"type":3610510},"Q3702971":{"code":3702971,"name":"personal data (Q3702971)","p":-2,"type":3702971},"Q4167410":{"code":4167410,"name":"Wikimedia disambiguation page (Q4167410)","p":-1,"type":4167410},"Q4167836":{"code":4167836,"name":"Wikimedia category (Q4167836)","p":-1,"type":4167836},"Q4443227":{"code":4443227,"name":"Stone Age settlement site (Q4443227)","p":-1,"type":4443227},"Q6044472":{"code":6044472,"name":"intentional living (Q6044472)","p":-1,"type":6044472},"Q6485012":{"code":6485012,"name":"lands administrative division of New South Wales (Q6485012)","p":-1,"type":6485012},"Q7251282":{"code":7251282,"name":"protected area of South Australia (Q7251282)","p":-1,"type":7251282},"Q12819564":{"code":12819564,"name":"station (Q12819564)","p":-1,"type":12819564},"Q15700808":{"code":15700808,"name":"urban unit definition (Q15700808)","p":-1,"type":15700808},"Q16889133":{"code":16889133,"name":"class (Q16889133)","p":-1,"type":16889133},"Q17000624":{"code":17000624,"name":"protected area of Australia (Q17000624)","p":-1,"type":17000624},"Q27955379":{"code":27955379,"name":"road transport infrastructure (Q27955379)","p":-1,"type":27955379},"Q33127846":{"code":33127846,"name":"statistical territorial entity of Australia (Q33127846)","p":-1,"type":33127846},"Q35145263":{"code":35145263,"name":"natural geographic object (Q35145263)","p":-1,"type":35145263},"Q63438000":{"code":63438000,"name":"climate emergency declaration (Q63438000)","p":-1,"type":63438000},"Q96196009":{"code":96196009,"name":"state (former or current) (Q96196009)","p":-1,"type":96196009},"Q111737478":{"code":111737478,"name":"undefined (Q111737478)","p":-1,"type":111737478},"Q115977752":{"code":115977752,"name":"undefined (Q115977752)","p":-1,"type":115977752},"Q-3":{"code":-3,"name":"UNLINKED","p":3,"type":-3},"Q160091":{"code":160091,"name":"plain (Q160091)","p":-3,"type":160091},"Q131681":{"code":131681,"name":"reservoir (Q131681)","p":-3,"type":131681},"Q170321":{"code":170321,"name":"wetland (Q170321)","p":-3,"type":170321},"Q358":{"code":358,"name":"heritage site (Q358)","p":-3,"type":358},"Q4421":{"code":4421,"name":"forest (Q4421)","p":-3,"type":4421},"Q179049":{"code":179049,"name":"nature reserve (Q179049)","p":-3,"type":179049},"Q185113":{"code":185113,"name":"cape (Q185113)","p":-3,"type":185113},"Q188443":{"code":188443,"name":"micronation (Q188443)","p":-3,"type":188443},"Q202686":{"code":202686,"name":"Commonwealth realm (Q202686)","p":-3,"type":202686},"Q283202":{"code":283202,"name":"harbor (Q283202)","p":-3,"type":283202},"Q631305":{"code":631305,"name":"rock formation (Q631305)","p":-3,"type":631305},"Q644371":{"code":644371,"name":"international airport (Q644371)","p":-3,"type":644371},"Q188509":{"code":188509,"name":"suburb (Q188509)","p":-3,"type":188509},"Q8425":{"code":8425,"name":"society (Q8425)","p":-3,"type":8425},"Q491713":{"code":491713,"name":"sound (Q491713)","p":-3,"type":491713},"Q531953":{"code":531953,"name":"outcrop (Q531953)","p":-3,"type":531953},"Q2373919":{"code":2373919,"name":"intentional community (Q2373919)","p":-3,"type":2373919},"Q231002":{"code":231002,"name":"nationality (Q231002)","p":-3,"type":231002},"Q34442":{"code":34442,"name":"road (Q34442)","p":-3,"type":34442},"Q43229":{"code":43229,"name":"organization (Q43229)","p":-3,"type":43229},"Q44782":{"code":44782,"name":"port (Q44782)","p":-3,"type":44782},"Q820477":{"code":820477,"name":"mine (Q820477)","p":-3,"type":820477},"Q8514":{"code":8514,"name":"desert (Q8514)","p":-3,"type":8514},"Q22698":{"code":22698,"name":"park (Q22698)","p":-3,"type":22698},"Q1245089":{"code":1245089,"name":"promontory (Q1245089)","p":-3,"type":1245089},"Q1248784":{"code":1248784,"name":"airport (Q1248784)","p":-3,"type":1248784},"Q1867183":{"code":1867183,"name":"local government area of Australia (Q1867183)","p":-3,"type":1867183},"Q23397":{"code":23397,"name":"lake (Q23397)","p":-3,"type":23397},"Q1324633":{"code":1324633,"name":"naval base (Q1324633)","p":-3,"type":1324633},"Q1348073":{"code":1348073,"name":"underground city (Q1348073)","p":-3,"type":1348073},"Q212057":{"code":212057,"name":"shield volcano (Q212057)","p":-3,"type":212057},"Q34038":{"code":34038,"name":"waterfall (Q34038)","p":-3,"type":34038},"Q3591867":{"code":3591867,"name":"proposed country (Q3591867)","p":-3,"type":3591867},"Q3663773":{"code":3663773,"name":"cattle station (Q3663773)","p":-3,"type":3663773},"Q4663385":{"code":4663385,"name":"former railway station (Q4663385)","p":-3,"type":4663385},"Q13411064":{"code":13411064,"name":"pastoral lease (Q13411064)","p":-3,"type":13411064},"Q14192199":{"code":14192199,"name":"territory of Australia (Q14192199)","p":-3,"type":14192199},"Q14192234":{"code":14192234,"name":"mainland territory of Australia (Q14192234)","p":-3,"type":14192234},"Q15150553":{"code":15150553,"name":"personal ordinariate (Q15150553)","p":-3,"type":15150553},"Q39594":{"code":39594,"name":"bay (Q39594)","p":-3,"type":39594},"Q1426035":{"code":1426035,"name":"local government area of Victoria (Q1426035)","p":-3,"type":1426035},"Q105390172":{"code":105390172,"name":"Roman Catholic metropolitan archdiocese (Q105390172)","p":-3,"type":105390172},"Q114444599":{"code":114444599,"name":"network state (Q114444599)","p":-3,"type":114444599},"Q55488":{"code":55488,"name":"railway station (Q55488)","p":-3,"type":55488},"Q2472587":{"code":2472587,"name":"people (Q2472587)","p":-3,"type":2472587},"Q5162993":{"code":5162993,"name":"conservation park of Australia (Q5162993)","p":-3,"type":5162993},"Q5356184":{"code":5356184,"name":"electoral district of Queensland (Q5356184)","p":-3,"type":5356184},"Q5356187":{"code":5356187,"name":"electoral district of Victoria (Q5356187)","p":-3,"type":5356187},"Q5356185":{"code":5356185,"name":"electoral district of South Australia (Q5356185)","p":-3,"type":5356185},"Q5356189":{"code":5356189,"name":"electoral district of Western Australia (Q5356189)","p":-3,"type":5356189},"Q5356265":{"code":5356265,"name":"no label (Q5356265)","p":-3,"type":5356265},"Q60297":{"code":60297,"name":"no label (Q60297)","p":-3,"type":60297},"Q6027980":{"code":6027980,"name":"no label (Q6027980)","p":-3,"type":6027980},"Q7309306":{"code":7309306,"name":"no label (Q7309306)","p":-3,"type":7309306},"Q7492439":{"code":7492439,"name":"no label (Q7492439)","p":-3,"type":7492439},"Q7632426":{"code":7632426,"name":"no label (Q7632426)","p":-3,"type":7632426},"Q15643757":{"code":15643757,"name":"no label (Q15643757)","p":-3,"type":15643757},"Q17018380":{"code":17018380,"name":"no label (Q17018380)","p":-3,"type":17018380},"Q5357209":{"code":5357209,"name":"no label (Q5357209)","p":-3,"type":5357209},"Q5852411":{"code":5852411,"name":"no label (Q5852411)","p":-3,"type":5852411},"Q23010647":{"code":23010647,"name":"no label (Q23010647)","p":-3,"type":23010647},"Q7687464":{"code":7687464,"name":"no label (Q7687464)","p":-3,"type":7687464},"Q10514237":{"code":10514237,"name":"no label (Q10514237)","p":-3,"type":10514237},"Q11687019":{"code":11687019,"name":"no label (Q11687019)","p":-3,"type":11687019},"Q13226383":{"code":13226383,"name":"no label (Q13226383)","p":-3,"type":13226383},"Q24529780":{"code":24529780,"name":"no label (Q24529780)","p":-3,"type":24529780},"Q28599311":{"code":28599311,"name":"no label (Q28599311)","p":-3,"type":28599311},"Q28924735":{"code":28924735,"name":"no label (Q28924735)","p":-3,"type":28924735},"Q28931760":{"code":28931760,"name":"no label (Q28931760)","p":-3,"type":28931760},"Q28941950":{"code":28941950,"name":"no label (Q28941950)","p":-3,"type":28941950},"Q30129411":{"code":30129411,"name":"no label (Q30129411)","p":-3,"type":30129411},"Q33112019":{"code":33112019,"name":"no label (Q33112019)","p":-3,"type":33112019},"Q38048753":{"code":38048753,"name":"no label (Q38048753)","p":-3,"type":38048753},"Q45242174":{"code":45242174,"name":"no label (Q45242174)","p":-3,"type":45242174},"Q49956097":{"code":49956097,"name":"no label (Q49956097)","p":-3,"type":49956097},"Q55557858":{"code":55557858,"name":"no label (Q55557858)","p":-3,"type":55557858},"Q55558027":{"code":55558027,"name":"no label (Q55558027)","p":-3,"type":55558027},"Q55558200":{"code":55558200,"name":"no label (Q55558200)","p":-3,"type":55558200},"Q55593624":{"code":55593624,"name":"no label (Q55593624)","p":-3,"type":55593624},"Q55671590":{"code":55671590,"name":"no label (Q55671590)","p":-3,"type":55671590},"Q55687066":{"code":55687066,"name":"no label (Q55687066)","p":-3,"type":55687066},"Q61729985":{"code":61729985,"name":"no label (Q61729985)","p":-3,"type":61729985},"Q66360526":{"code":66360526,"name":"no label (Q66360526)","p":-3,"type":66360526},"Q73190050":{"code":73190050,"name":"no label (Q73190050)","p":-3,"type":73190050},"Q94993988":{"code":94993988,"name":"no label (Q94993988)","p":-3,"type":94993988},"Q98433835":{"code":98433835,"name":"no label (Q98433835)","p":-3,"type":98433835},"Q104880945":{"code":104880945,"name":"no label (Q104880945)","p":-3,"type":104880945}}