{"Q3":{"code":3,"name":"ROOT","type":634},"Q24017414":{"code":24017414,"name":"MISC","p":3,"type":24017414},"Q183039":{"code":183039,"name":"COUNTRY","p":3,"type":183039},"Q56061":{"code":56061,"name":"admin","p":3,"type":56061},"Q486972":{"code":486972,"name":"settled","p":3,"type":486972},"Q2625603":{"code":2625603,"name":"population","p":3,"type":2625603},"Q51041800":{"code":51041800,"name":"religious","p":3,"type":51041800},"Q2221906":{"code":2221906,"name":"geo","p":3,"type":2221906},"Q41710":{"code":41710,"name":"ethnic group","p":24017414,"type":41710},"Q15617994":{"code":15617994,"name":"designation for an administrative territorial entity","p":24017414,"type":15617994},"Q6256":{"code":6256,"name":"country","p":183039,"type":6256},"Q515":{"code":515,"name":"city","p":486972,"type":515},"Q532":{"code":532,"name":"village","p":486972,"type":532},"Q98966309":{"code":98966309,"name":"classification of human settlements","p":486972,"type":98966309},"Q7930989":{"code":7930989,"name":"city or town","p":486972,"type":7930989},"Q33829":{"code":33829,"name":"human population","p":2625603,"type":33829},"Q1492823":{"code":1492823,"name":"ecclesiastical district","p":51041800,"type":1492823},"Q20926517":{"code":20926517,"name":"religious administrative territorial entity","p":51041800,"type":20926517},"Q618123":{"code":618123,"name":"geographical feature","p":2221906,"type":618123},"Q1291195":{"code":1291195,"name":"place of discovery","p":618123,"type":1291195},"Q82794":{"code":82794,"name":"geographic region","p":618123,"type":82794},"Q183366":{"code":183366,"name":"territory","p":82794,"type":183366},"Q15642541":{"code":15642541,"name":"human-geographic territorial entity","p":183366,"type":15642541},"Q3957":{"code":3957,"name":"town","p":98966309,"type":3957},"Q133156":{"code":133156,"name":"colony","p":82794,"type":133156},"Q149621":{"code":149621,"name":"district","p":15617994,"type":149621},"Q622499":{"code":622499,"name":"refugee camp","p":486972,"type":622499},"Q839954":{"code":839954,"name":"archaeological site","p":1291195,"type":839954},"Q755017":{"code":755017,"name":"tell","p":839954,"type":755017},"Q782614":{"code":782614,"name":"autonomous region","p":15617994,"type":782614},"Q902814":{"code":902814,"name":"border town","p":7930989,"type":902814},"Q1549591":{"code":1549591,"name":"big city","p":98966309,"type":1549591},"Q1637706":{"code":1637706,"name":"million city","p":1549591,"type":1637706},"Q3502482":{"code":3502482,"name":"cultural region","p":82794,"type":3502482},"Q3624078":{"code":3624078,"name":"sovereign state","p":6256,"type":3624078},"Q11197007":{"code":11197007,"name":"ethnoreligious group","p":41710,"type":11197007},"Q98929991":{"code":98929991,"name":"place","p":618123,"type":98929991},"Q108822885":{"code":108822885,"name":"Catholic Metropolitan Archieparchy","p":51041800,"type":108822885},"Q108822950":{"code":108822950,"name":"Catholic Archieparchy","p":51041800,"type":108822950},"Q12593969":{"code":12593969,"name":"patriarchate of the Catholic Church","p":1492823,"type":12593969},"Q15661340":{"code":15661340,"name":"ancient city","p":515,"type":15661340},"Q20725872":{"code":20725872,"name":"Eastern Catholic eparchy","p":20926517,"type":20725872},"Q50330360":{"code":50330360,"name":"second largest city","p":7930989,"type":50330360},"Q51576574":{"code":51576574,"name":"Mediterranean country","p":6256,"type":51576574},"Q-3":{"code":-3,"name":"UNLINKED","p":3,"type":-3},"Q6266":{"code":6266,"name":"nation (Q6266)","p":-3,"type":6266},"Q40357":{"code":40357,"name":"prison (Q40357)","p":-3,"type":40357},"Q44613":{"code":44613,"name":"monastery (Q44613)","p":-3,"type":44613},"Q231002":{"code":231002,"name":"nationality (Q231002)","p":-3,"type":231002},"Q517351":{"code":517351,"name":"governorate of Syria (Q517351)","p":-3,"type":517351},"Q620225":{"code":620225,"name":"apostolic vicariate (Q620225)","p":-3,"type":620225},"Q1179466":{"code":1179466,"name":"de facto regime (Q1179466)","p":-3,"type":1179466},"Q2472587":{"code":2472587,"name":"people (Q2472587)","p":-3,"type":2472587},"Q2915776":{"code":2915776,"name":"district of Syria (Q2915776)","p":-3,"type":2915776},"Q3591867":{"code":3591867,"name":"proposed country (Q3591867)","p":-3,"type":3591867},"Q12249051":{"code":12249051,"name":"subdistrict of Syria (Q12249051)","p":-3,"type":12249051},"Q23828039":{"code":23828039,"name":"village/town/city in Lebanon (Q23828039)","p":-3,"type":23828039}}