{"Q3":{"code":3,"name":"ROOT","type":634},"Q24017414":{"code":24017414,"name":"MISC","p":3,"type":24017414},"Q183039":{"code":183039,"name":"COUNTRY","p":3,"type":183039},"Q56061":{"code":56061,"name":"admin","p":3,"type":56061},"Q486972":{"code":486972,"name":"settled","p":3,"type":486972},"Q2625603":{"code":2625603,"name":"population","p":3,"type":2625603},"Q51041800":{"code":51041800,"name":"religious","p":3,"type":51041800},"Q659390":{"code":659390,"name":"construct","p":3,"type":659390},"Q2221906":{"code":2221906,"name":"geo","p":3,"type":2221906},"Q41710":{"code":41710,"name":"ethnic group","p":24017414,"type":41710},"Q15617994":{"code":15617994,"name":"designation for an administrative territorial entity","p":24017414,"type":15617994},"Q6256":{"code":6256,"name":"country","p":183039,"type":6256},"Q515":{"code":515,"name":"city","p":486972,"type":515},"Q532":{"code":532,"name":"village","p":486972,"type":532},"Q15284":{"code":15284,"name":"municipality","p":486972,"type":15284},"Q98966309":{"code":98966309,"name":"classification of human settlements","p":486972,"type":98966309},"Q7930989":{"code":7930989,"name":"city or town","p":486972,"type":7930989},"Q33829":{"code":33829,"name":"human population","p":2625603,"type":33829},"Q20926517":{"code":20926517,"name":"religious administrative territorial entity","p":51041800,"type":20926517},"Q665487":{"code":665487,"name":"diocese","p":20926517,"type":665487},"Q618123":{"code":618123,"name":"geographical feature","p":2221906,"type":618123},"Q82794":{"code":82794,"name":"geographic region","p":618123,"type":82794},"Q106589819":{"code":106589819,"name":"elevation","p":618123,"type":106589819},"Q5119":{"code":5119,"name":"capital city","p":515,"type":5119},"Q3957":{"code":3957,"name":"town","p":98966309,"type":3957},"Q6266":{"code":6266,"name":"nation","p":659390,"type":6266},"Q175185":{"code":175185,"name":"rural area","p":82794,"type":175185},"Q123705":{"code":123705,"name":"neighborhood","p":486972,"type":123705},"Q253019":{"code":253019,"name":"Ortsteil","p":123705,"type":253019},"Q317548":{"code":317548,"name":"resort town","p":3957,"type":317548},"Q350895":{"code":350895,"name":"abandoned village","p":98966309,"type":350895},"Q7688":{"code":7688,"name":"raion","p":15617994,"type":7688},"Q54050":{"code":54050,"name":"hill","p":106589819,"type":54050},"Q902814":{"code":902814,"name":"border town","p":7930989,"type":902814},"Q1549591":{"code":1549591,"name":"big city","p":98966309,"type":1549591},"Q7551933":{"code":7551933,"name":"mahallah","p":15617994,"type":7551933},"Q19730508":{"code":19730508,"name":"former municipality","p":15284,"type":19730508},"Q3146899":{"code":3146899,"name":"diocese of the Catholic Church","p":665487,"type":3146899},"Q105389481":{"code":105389481,"name":"Greek-Catholic eparchy","p":20926517,"type":105389481},"Q106474968":{"code":106474968,"name":"ethnic group by settlement in Macedonia","p":41710,"type":106474968},"Q21507948":{"code":21507948,"name":"former village","p":532,"type":21507948},"Q22674925":{"code":22674925,"name":"former settlement","p":98966309,"type":22674925},"Q50330360":{"code":50330360,"name":"second largest city","p":7930989,"type":50330360},"Q3257686":{"code":3257686,"name":"locality","p":486972,"type":3257686},"Q3624078":{"code":3624078,"name":"sovereign state","p":6256,"type":3624078},"Q-3":{"code":-3,"name":"UNLINKED","p":3,"type":-3},"Q124714":{"code":124714,"name":"spring (Q124714)","p":-3,"type":124714},"Q188509":{"code":188509,"name":"suburb (Q188509)","p":-3,"type":188509},"Q231002":{"code":231002,"name":"nationality (Q231002)","p":-3,"type":231002},"Q57831":{"code":57831,"name":"fortress (Q57831)","p":-3,"type":57831},"Q75520":{"code":75520,"name":"plateau (Q75520)","p":-3,"type":75520},"Q160091":{"code":160091,"name":"plain (Q160091)","p":-3,"type":160091},"Q355304":{"code":355304,"name":"watercourse (Q355304)","p":-3,"type":355304},"Q646793":{"code":646793,"name":"municipality of North Macedonia (Q646793)","p":-3,"type":646793},"Q863974":{"code":863974,"name":"lake island (Q863974)","p":-3,"type":863974},"Q1200957":{"code":1200957,"name":"tourist destination (Q1200957)","p":-3,"type":1200957},"Q1416863":{"code":1416863,"name":"statistical region of North Macedonia (Q1416863)","p":-3,"type":1416863},"Q2472587":{"code":2472587,"name":"people (Q2472587)","p":-3,"type":2472587},"Q2531956":{"code":2531956,"name":"ethnic group (Q2531956)","p":-3,"type":2531956},"Q19884342":{"code":19884342,"name":"village of North Macedonia (Q19884342)","p":-3,"type":19884342}}