{"Q3":{"code":3,"name":"ROOT","type":634},"Q24017414":{"code":24017414,"name":"MISC","p":3,"type":24017414},"Q183039":{"code":183039,"name":"COUNTRY","p":3,"type":183039},"Q56061":{"code":56061,"name":"admin","p":3,"type":56061},"Q486972":{"code":486972,"name":"settled","p":3,"type":486972},"Q2221906":{"code":2221906,"name":"geo","p":3,"type":2221906},"Q25894868":{"code":25894868,"name":"place type","p":24017414,"type":25894868},"Q41710":{"code":41710,"name":"ethnic group","p":24017414,"type":41710},"Q23442":{"code":23442,"name":"island","p":25894868,"type":23442},"Q15617994":{"code":15617994,"name":"designation for an administrative territorial entity","p":24017414,"type":15617994},"Q111972893":{"code":111972893,"name":"type of structure","p":24017414,"type":111972893},"Q811979":{"code":811979,"name":"architectural structure","p":111972893,"type":811979},"Q41176":{"code":41176,"name":"building","p":811979,"type":41176},"Q6256":{"code":6256,"name":"country","p":183039,"type":6256},"Q515":{"code":515,"name":"city","p":486972,"type":515},"Q532":{"code":532,"name":"village","p":486972,"type":532},"Q98966309":{"code":98966309,"name":"classification of human settlements","p":486972,"type":98966309},"Q7930989":{"code":7930989,"name":"city or town","p":486972,"type":7930989},"Q618123":{"code":618123,"name":"geographical feature","p":2221906,"type":618123},"Q82794":{"code":82794,"name":"geographic region","p":618123,"type":82794},"Q205895":{"code":205895,"name":"landmass","p":82794,"type":205895},"Q183366":{"code":183366,"name":"territory","p":82794,"type":183366},"Q3914":{"code":3914,"name":"school","p":41176,"type":3914},"Q5119":{"code":5119,"name":"capital city","p":515,"type":5119},"Q3957":{"code":3957,"name":"town","p":98966309,"type":3957},"Q34763":{"code":34763,"name":"peninsula","p":205895,"type":34763},"Q123705":{"code":123705,"name":"neighborhood","p":56061,"type":123705},"Q200250":{"code":200250,"name":"metropolis","p":486972,"type":200250},"Q902814":{"code":902814,"name":"border town","p":7930989,"type":902814},"Q1549591":{"code":1549591,"name":"big city","p":98966309,"type":1549591},"Q19833031":{"code":19833031,"name":"emirate of the United Arab Emirates","p":15617994,"type":19833031},"Q208511":{"code":208511,"name":"global city","p":515,"type":208511},"Q1637706":{"code":1637706,"name":"million city","p":1549591,"type":1637706},"Q3502482":{"code":3502482,"name":"cultural region","p":82794,"type":3502482},"Q50330360":{"code":50330360,"name":"second largest city","p":7930989,"type":50330360},"Q51929311":{"code":51929311,"name":"largest city","p":7930989,"type":51929311},"Q3624078":{"code":3624078,"name":"sovereign state","p":6256,"type":3624078},"Q15239622":{"code":15239622,"name":"disputed territory","p":183366,"type":15239622},"Q-3":{"code":-3,"name":"UNLINKED","p":3,"type":-3},"Q620225":{"code":620225,"name":"apostolic vicariate (Q620225)","p":-3,"type":620225}}