{"Q3":{"code":3,"name":"ROOT","type":634},"Q15893266":{"code":15893266,"name":"FORMER","p":3,"type":15893266},"Q24017414":{"code":24017414,"name":"MISC","p":3,"type":24017414},"Q183039":{"code":183039,"name":"COUNTRY","p":3,"type":183039},"Q56061":{"code":56061,"name":"admin","p":3,"type":56061},"Q486972":{"code":486972,"name":"settled","p":3,"type":486972},"Q2625603":{"code":2625603,"name":"population","p":3,"type":2625603},"Q51041800":{"code":51041800,"name":"religious","p":3,"type":51041800},"Q659390":{"code":659390,"name":"construct","p":3,"type":659390},"Q104098715":{"code":104098715,"name":"territorial entity type","p":3,"type":104098715},"Q2221906":{"code":2221906,"name":"geo","p":3,"type":2221906},"Q19953632":{"code":19953632,"name":"former admin","p":15893266,"type":19953632},"Q5962346":{"code":5962346,"name":"classification system","p":24017414,"type":5962346},"Q11834037":{"code":11834037,"name":"physico-geographical regionalization","p":5962346,"type":11834037},"Q25894868":{"code":25894868,"name":"place type","p":24017414,"type":25894868},"Q41710":{"code":41710,"name":"ethnic group","p":24017414,"type":41710},"Q23442":{"code":23442,"name":"island","p":25894868,"type":23442},"Q15617994":{"code":15617994,"name":"designation for an administrative territorial entity","p":24017414,"type":15617994},"Q111972893":{"code":111972893,"name":"type of structure","p":24017414,"type":111972893},"Q811979":{"code":811979,"name":"architectural structure","p":111972893,"type":811979},"Q41176":{"code":41176,"name":"building","p":811979,"type":41176},"Q96084375":{"code":96084375,"name":"former building or structure","p":41176,"type":96084375},"Q12292478":{"code":12292478,"name":"estate","p":811979,"type":12292478},"Q875157":{"code":875157,"name":"resort","p":12292478,"type":875157},"Q699405":{"code":699405,"name":"residence","p":811979,"type":699405},"Q5890494":{"code":5890494,"name":"homestead","p":699405,"type":5890494},"Q11755880":{"code":11755880,"name":"residential building","p":699405,"type":11755880},"Q113489728":{"code":113489728,"name":"OECD country","p":183039,"type":113489728},"Q1307214":{"code":1307214,"name":"form of government","p":183039,"type":1307214},"Q6256":{"code":6256,"name":"country","p":183039,"type":6256},"Q171308":{"code":171308,"name":"oblast","p":56061,"type":171308},"Q15621274":{"code":15621274,"name":"enclave or exclave","p":56061,"type":15621274},"Q3024240":{"code":3024240,"name":"historical country","p":19953632,"type":3024240},"Q12076836":{"code":12076836,"name":"of a single country","p":56061,"type":12076836},"Q2520520":{"code":2520520,"name":"administrative territorial entity of Hungary","p":12076836,"type":2520520},"Q697379":{"code":697379,"name":"administrative territorial entity of Romania","p":12076836,"type":697379},"Q15620181":{"code":15620181,"name":"administrative territorial entity of Estonia","p":12076836,"type":15620181},"Q1799794":{"code":1799794,"name":"By level","p":56061,"type":1799794},"Q788176":{"code":788176,"name":"autonomous administrative territorial entity","p":56061,"type":788176},"Q10864048":{"code":10864048,"name":"A1","p":1799794,"type":10864048},"Q13220204":{"code":13220204,"name":"A2","p":1799794,"type":13220204},"Q13221722":{"code":13221722,"name":"A3","p":1799794,"type":13221722},"Q14757767":{"code":14757767,"name":"A4","p":1799794,"type":14757767},"Q4976993":{"code":4976993,"name":"civil parish","p":14757767,"type":4976993},"Q7275":{"code":7275,"name":"state","p":56061,"type":7275},"Q702492":{"code":702492,"name":"urban area","p":486972,"type":702492},"Q515":{"code":515,"name":"city","p":486972,"type":515},"Q532":{"code":532,"name":"village","p":486972,"type":532},"Q618299":{"code":618299,"name":"settlement","p":486972,"type":618299},"Q15284":{"code":15284,"name":"municipality","p":486972,"type":15284},"Q15253706":{"code":15253706,"name":"like a city","p":486972,"type":15253706},"Q244793":{"code":244793,"name":"twin cities","p":486972,"type":244793},"Q676050":{"code":676050,"name":"old town","p":486972,"type":676050},"Q1782540":{"code":1782540,"name":"railway town","p":486972,"type":1782540},"Q98966309":{"code":98966309,"name":"classification of human settlements","p":486972,"type":98966309},"Q7930989":{"code":7930989,"name":"city or town","p":486972,"type":7930989},"Q33829":{"code":33829,"name":"human population","p":2625603,"type":33829},"Q1492823":{"code":1492823,"name":"ecclesiastical district","p":51041800,"type":1492823},"Q20926517":{"code":20926517,"name":"religious administrative territorial entity","p":51041800,"type":20926517},"Q665487":{"code":665487,"name":"diocese","p":20926517,"type":665487},"Q471855":{"code":471855,"name":"jurisdiction","p":659390,"type":471855},"Q2665272":{"code":2665272,"name":"Ecclesiastical circumscription immediately subject to the Holy See","p":471855,"type":2665272},"Q618123":{"code":618123,"name":"geographical feature","p":2221906,"type":618123},"Q1291195":{"code":1291195,"name":"place of discovery","p":618123,"type":1291195},"Q82794":{"code":82794,"name":"geographic region","p":618123,"type":82794},"Q106589819":{"code":106589819,"name":"elevation","p":618123,"type":106589819},"Q74817647":{"code":74817647,"name":"aspect in a geographic region","p":82794,"type":74817647},"Q205895":{"code":205895,"name":"landmass","p":82794,"type":205895},"Q183366":{"code":183366,"name":"territory","p":82794,"type":183366},"Q4835091":{"code":4835091,"name":"territory","p":82794,"type":4835091},"Q15642541":{"code":15642541,"name":"human-geographic territorial entity","p":183366,"type":15642541},"Q3957":{"code":3957,"name":"town","p":98966309,"type":3957},"Q5119":{"code":5119,"name":"capital city","p":515,"type":5119},"Q131596":{"code":131596,"name":"farm","p":5890494,"type":131596},"Q133004":{"code":133004,"name":"diaspora","p":24017414,"type":133004},"Q162602":{"code":162602,"name":"river island","p":23442,"type":162602},"Q123705":{"code":123705,"name":"neighborhood","p":486972,"type":123705},"Q133442":{"code":133442,"name":"city-state","p":515,"type":133442},"Q473972":{"code":473972,"name":"protected area","p":56061,"type":473972},"Q50231":{"code":50231,"name":"administrative territorial entity of the People's Republic of China","p":12076836,"type":50231},"Q50256":{"code":50256,"name":"district of Hong Kong","p":50231,"type":50256},"Q250811":{"code":250811,"name":"sub-province-level division","p":515,"type":250811},"Q28575":{"code":28575,"name":"county","p":15617994,"type":28575},"Q192611":{"code":192611,"name":"electoral district","p":56061,"type":192611},"Q149621":{"code":149621,"name":"district","p":15617994,"type":149621},"Q200250":{"code":200250,"name":"metropolis","p":486972,"type":200250},"Q33837":{"code":33837,"name":"archipelago","p":205895,"type":33837},"Q836688":{"code":836688,"name":"ancient Chinese state","p":3024240,"type":836688},"Q842112":{"code":842112,"name":"socialist state","p":1307214,"type":842112},"Q509028":{"code":509028,"name":"ranch","p":486972,"type":509028},"Q208511":{"code":208511,"name":"global city","p":515,"type":208511},"Q735428":{"code":735428,"name":"township in China","p":3957,"type":735428},"Q1208802":{"code":1208802,"name":"direct-controlled municipality","p":15284,"type":1208802},"Q748149":{"code":748149,"name":"prefecture-level city","p":515,"type":748149},"Q1549591":{"code":1549591,"name":"big city","p":98966309,"type":1549591},"Q1637706":{"code":1637706,"name":"million city","p":1549591,"type":1637706},"Q1666245":{"code":1666245,"name":"region of China","p":82794,"type":1666245},"Q3624078":{"code":3624078,"name":"sovereign state","p":6256,"type":3624078},"Q859563":{"code":859563,"name":"secular state","p":1307214,"type":859563},"Q1500350":{"code":1500350,"name":"township of the People's Republic of China","p":14757767,"type":1500350},"Q2264924":{"code":2264924,"name":"port settlement","p":515,"type":2264924},"Q3502482":{"code":3502482,"name":"cultural region","p":82794,"type":3502482},"Q902814":{"code":902814,"name":"border town","p":7930989,"type":902814},"Q1520223":{"code":1520223,"name":"constitutional republic","p":183039,"type":1520223},"Q3146899":{"code":3146899,"name":"diocese of the Catholic Church","p":665487,"type":3146899},"Q15661340":{"code":15661340,"name":"ancient city","p":515,"type":15661340},"Q1044880":{"code":1044880,"name":"subprefecture-level city","p":50231,"type":1044880},"Q1050126":{"code":1050126,"name":"sub-provincial district of the People's Republic of China","p":250811,"type":1050126},"Q1065118":{"code":1065118,"name":"district of China","p":149621,"type":1065118},"Q1070990":{"code":1070990,"name":"county-level city","p":15617994,"type":1070990},"Q1066538":{"code":1066538,"name":"national central city","p":515,"type":1066538},"Q4533081":{"code":4533081,"name":"ethnolinguistic group","p":41710,"type":4533081},"Q8501237":{"code":8501237,"name":"large city","p":15617994,"type":8501237},"Q11271835":{"code":11271835,"name":"state capital","p":5119,"type":11271835},"Q12102963":{"code":12102963,"name":"city specifically designated in the state plan","p":515,"type":12102963},"Q15239622":{"code":15239622,"name":"disputed territory","p":183366,"type":15239622},"Q15634554":{"code":15634554,"name":"state with limited recognition","p":7275,"type":15634554},"Q15911581":{"code":15911581,"name":"administrative area","p":50231,"type":15911581},"Q27554677":{"code":27554677,"name":"former capital","p":486972,"type":27554677},"Q50330360":{"code":50330360,"name":"second largest city","p":7930989,"type":50330360},"Q51929311":{"code":51929311,"name":"largest city","p":7930989,"type":51929311},"Q98930977":{"code":98930977,"name":"","p":50231,"type":98930977},"Q-1":{"code":-1,"name":"INVALID","p":3,"type":-1},"Q7270":{"code":7270,"name":"republic (Q7270)","p":-1,"type":7270},"Q30103":{"code":30103,"name":"minority group (Q30103)","p":-1,"type":30103},"Q34442":{"code":34442,"name":"road (Q34442)","p":-1,"type":34442},"Q34876":{"code":34876,"name":"province (Q34876)","p":-1,"type":34876},"Q35120":{"code":35120,"name":"entity (Q35120)","p":-1,"type":35120},"Q43229":{"code":43229,"name":"organization (Q43229)","p":-1,"type":43229},"Q107425":{"code":107425,"name":"landscape (Q107425)","p":-1,"type":107425},"Q216353":{"code":216353,"name":"title (Q216353)","p":-1,"type":216353},"Q270791":{"code":270791,"name":"state-owned enterprise (Q270791)","p":-1,"type":270791},"Q468756":{"code":468756,"name":"shore (Q468756)","p":-1,"type":468756},"Q496341":{"code":496341,"name":"free economic zone (Q496341)","p":-1,"type":496341},"Q844619":{"code":844619,"name":"vihara (Q844619)","p":-1,"type":844619},"Q874405":{"code":874405,"name":"social group (Q874405)","p":-1,"type":874405},"Q1208927":{"code":1208927,"name":"autonomous administrative territorial entity of China (Q1208927)","p":-1,"type":1208927},"Q1370598":{"code":1370598,"name":"structure of worship (Q1370598)","p":-1,"type":1370598},"Q1414991":{"code":1414991,"name":"area (Q1414991)","p":-1,"type":1414991},"Q1761350":{"code":1761350,"name":"sum (Q1761350)","p":-1,"type":1761350},"Q3187075":{"code":3187075,"name":"aimag (Q3187075)","p":-1,"type":3187075},"Q3491994":{"code":3491994,"name":"subdistrict (Q3491994)","p":-1,"type":3491994},"Q6027980":{"code":6027980,"name":"industrial region (Q6027980)","p":-1,"type":6027980},"Q9316670":{"code":9316670,"name":"prefecture of the People's Republic of China (Q9316670)","p":-1,"type":9316670},"Q10872023":{"code":10872023,"name":"organizational structure of cities in the People’s Republic of China (Q10872023)","p":-1,"type":10872023},"Q13406463":{"code":13406463,"name":"Wikimedia list article (Q13406463)","p":-1,"type":13406463},"Q14204246":{"code":14204246,"name":"Wikimedia project page (Q14204246)","p":-1,"type":14204246},"Q16725943":{"code":16725943,"name":"township-level division (Q16725943)","p":-1,"type":16725943},"Q17350442":{"code":17350442,"name":"venue (Q17350442)","p":-1,"type":17350442},"Q20719696":{"code":20719696,"name":"physico-geographical object (Q20719696)","p":-1,"type":20719696},"Q21506450":{"code":21506450,"name":"military unit size class (Q21506450)","p":-1,"type":21506450},"Q28872924":{"code":28872924,"name":"designation for an administrative territorial entity of a single country (Q28872924)","p":-1,"type":28872924},"Q29028649":{"code":29028649,"name":"economic concept (Q29028649)","p":-1,"type":29028649},"Q33104069":{"code":33104069,"name":"political concept (Q33104069)","p":-1,"type":33104069},"Q54063790":{"code":54063790,"name":"District Council constituency in Hong Kong (Q54063790)","p":-1,"type":54063790},"Q106342591":{"code":106342591,"name":"new area of the People's Republic of China (Q106342591)","p":-1,"type":106342591},"Q107301909":{"code":107301909,"name":"No label (Q107301909)","p":-1,"type":107301909},"Q111737478":{"code":111737478,"name":"catholic ecclesiastical district (Q111737478)","p":-1,"type":111737478},"Q113414331":{"code":113414331,"name":"county-level division of the People's Republic of China (Q113414331)","p":-1,"type":113414331},"Q-3":{"code":-3,"name":"UNLINKED","p":3,"type":-3},"Q79007":{"code":79007,"name":"street (Q79007)","p":-3,"type":79007},"Q118365":{"code":118365,"name":"dictatorship of the proletariat (Q118365)","p":-3,"type":118365},"Q7188":{"code":7188,"name":"government (Q7188)","p":-3,"type":7188},"Q288653":{"code":288653,"name":"league (Q288653)","p":-3,"type":288653},"Q351389":{"code":351389,"name":"ethnic minority (Q351389)","p":-3,"type":351389},"Q174844":{"code":174844,"name":"megacity (Q174844)","p":-3,"type":174844},"Q494978":{"code":494978,"name":"special economic zone (Q494978)","p":-3,"type":494978},"Q506894":{"code":506894,"name":"littoral zone (Q506894)","p":-3,"type":506894},"Q44613":{"code":44613,"name":"monastery (Q44613)","p":-3,"type":44613},"Q384003":{"code":384003,"name":"apostolic prefecture (Q384003)","p":-3,"type":384003},"Q465613":{"code":465613,"name":"people's republic (Q465613)","p":-3,"type":465613},"Q52371":{"code":52371,"name":"regiment (Q52371)","p":-3,"type":52371},"Q43742":{"code":43742,"name":"oasis (Q43742)","p":-3,"type":43742},"Q806869":{"code":806869,"name":"banner (Q806869)","p":-3,"type":806869},"Q834614":{"code":834614,"name":"autonomous banner (Q834614)","p":-3,"type":834614},"Q582525":{"code":582525,"name":"ethnic township (Q582525)","p":-3,"type":582525},"Q849866":{"code":849866,"name":"communist state (Q849866)","p":-3,"type":849866},"Q1200957":{"code":1200957,"name":"tourist destination (Q1200957)","p":-3,"type":1200957},"Q1289426":{"code":1289426,"name":"county of China (Q1289426)","p":-3,"type":1289426},"Q1336099":{"code":1336099,"name":"autonomous county (Q1336099)","p":-3,"type":1336099},"Q2301018":{"code":2301018,"name":"special district (Q2301018)","p":-3,"type":2301018},"Q2365159":{"code":2365159,"name":"sumu (Q2365159)","p":-3,"type":2365159},"Q2399626":{"code":2399626,"name":"technopole (Q2399626)","p":-3,"type":2399626},"Q2472587":{"code":2472587,"name":"people (Q2472587)","p":-3,"type":2472587},"Q878223":{"code":878223,"name":"highland (Q878223)","p":-3,"type":878223},"Q4167410":{"code":4167410,"name":"Wikimedia disambiguation page (Q4167410)","p":-3,"type":4167410},"Q986065":{"code":986065,"name":"subdistrict of China (Q986065)","p":-3,"type":986065},"Q57362":{"code":57362,"name":"autonomous region of the People's Republic of China (Q57362)","p":-3,"type":57362},"Q921061":{"code":921061,"name":"Book town (Q921061)","p":-3,"type":921061},"Q985488":{"code":985488,"name":"residential community of the People's Republic of China (Q985488)","p":-3,"type":985488},"Q4056396":{"code":4056396,"name":"sub-provincial autonomous prefecture (Q4056396)","p":-3,"type":4056396},"Q779415":{"code":779415,"name":"special administrative region of China (Q779415)","p":-3,"type":779415},"Q788104":{"code":788104,"name":"autonomous prefecture (Q788104)","p":-3,"type":788104},"Q1045608":{"code":1045608,"name":"prefecture (Q1045608)","p":-3,"type":1045608},"Q12809484":{"code":12809484,"name":"township-level division similar to townships (Q12809484)","p":-3,"type":12809484},"Q1073535":{"code":1073535,"name":"Economic and Technological Development Zones (Q1073535)","p":-3,"type":1073535},"Q1075664":{"code":1075664,"name":"port of entry (Q1075664)","p":-3,"type":1075664},"Q1615742":{"code":1615742,"name":"province of the People's Republic of China (Q1615742)","p":-3,"type":1615742},"Q4259749":{"code":4259749,"name":"forestry district (Q4259749)","p":-3,"type":4259749},"Q6566978":{"code":6566978,"name":"central enterprise (Q6566978)","p":-3,"type":6566978},"Q9383952":{"code":9383952,"name":"zhitongzi city (Q9383952)","p":-3,"type":9383952},"Q54064913":{"code":54064913,"name":"Council Constituency of Sha Tin District (Q54064913)","p":-3,"type":54064913},"Q54074585":{"code":54074585,"name":"Tibetan Buddhist monastery (Q54074585)","p":-3,"type":54074585},"Q97379400":{"code":97379400,"name":"provincial capital (Q97379400)","p":-3,"type":97379400},"Q105390172":{"code":105390172,"name":"Roman Catholic metropolitan archdiocese (Q105390172)","p":-3,"type":105390172},"Q13100073":{"code":13100073,"name":"village (Q13100073)","p":-3,"type":13100073},"Q15911903":{"code":15911903,"name":"state-level new area of the People's Republic of China (Q15911903)","p":-3,"type":15911903},"Q24840980":{"code":24840980,"name":"China economic development zone (Q24840980)","p":-3,"type":24840980},"Q40346895":{"code":40346895,"name":"Ningxia State Farm (Q40346895)","p":-3,"type":40346895},"Q10926062":{"code":10926062,"name":"No label (Q10926062)","p":-3,"type":10926062},"Q18657584":{"code":18657584,"name":"no label (Q18657584)","p":-3,"type":18657584},"Q55080013":{"code":55080013,"name":"no label (Q55080013)","p":-3,"type":55080013}}