{"Q3":{"code":3,"name":"ROOT","type":634},"Q15893266":{"code":15893266,"name":"FORMER","p":3,"type":15893266},"Q24017414":{"code":24017414,"name":"MISC","p":3,"type":24017414},"Q183039":{"code":183039,"name":"COUNTRY","p":3,"type":183039},"Q56061":{"code":56061,"name":"admin","p":3,"type":56061},"Q486972":{"code":486972,"name":"settled","p":3,"type":486972},"Q659390":{"code":659390,"name":"construct","p":3,"type":659390},"Q2221906":{"code":2221906,"name":"geo","p":3,"type":2221906},"Q19953632":{"code":19953632,"name":"former admin","p":15893266,"type":19953632},"Q41710":{"code":41710,"name":"ethnic group","p":24017414,"type":41710},"Q6256":{"code":6256,"name":"country","p":183039,"type":6256},"Q1799794":{"code":1799794,"name":"By level","p":56061,"type":1799794},"Q14757767":{"code":14757767,"name":"A4","p":1799794,"type":14757767},"Q515":{"code":515,"name":"city","p":486972,"type":515},"Q532":{"code":532,"name":"village","p":486972,"type":532},"Q15284":{"code":15284,"name":"municipality","p":486972,"type":15284},"Q98966309":{"code":98966309,"name":"classification of human settlements","p":486972,"type":98966309},"Q7930989":{"code":7930989,"name":"city or town","p":486972,"type":7930989},"Q471855":{"code":471855,"name":"jurisdiction","p":659390,"type":471855},"Q2665272":{"code":2665272,"name":"Ecclesiastical circumscription immediately subject to the Holy See","p":471855,"type":2665272},"Q618123":{"code":618123,"name":"geographical feature","p":2221906,"type":618123},"Q82794":{"code":82794,"name":"geographic region","p":618123,"type":82794},"Q3957":{"code":3957,"name":"town","p":98966309,"type":3957},"Q5119":{"code":5119,"name":"capital city","p":515,"type":5119},"Q123480":{"code":123480,"name":"landlocked country","p":6256,"type":123480},"Q902814":{"code":902814,"name":"border town","p":7930989,"type":902814},"Q1549591":{"code":1549591,"name":"big city","p":98966309,"type":1549591},"Q51929311":{"code":51929311,"name":"largest city","p":7930989,"type":51929311},"Q56436498":{"code":56436498,"name":"village in India","p":532,"type":56436498},"Q28464789":{"code":28464789,"name":"Populated place in Nepal","p":486972,"type":28464789},"Q50330360":{"code":50330360,"name":"second largest city","p":7930989,"type":50330360},"Q3624078":{"code":3624078,"name":"sovereign state","p":6256,"type":3624078},"Q-3":{"code":-3,"name":"UNLINKED","p":3,"type":-3},"Q504806":{"code":504806,"name":"list of cities in Nepal (Q504806)","p":-3,"type":504806},"Q620225":{"code":620225,"name":"apostolic vicariate (Q620225)","p":-3,"type":620225},"Q1530705":{"code":1530705,"name":"village development committee of Nepal (Q1530705)","p":-3,"type":1530705},"Q2472587":{"code":2472587,"name":"people (Q2472587)","p":-3,"type":2472587},"Q2537537":{"code":2537537,"name":"district of Nepal (Q2537537)","p":-3,"type":2537537},"Q15135589":{"code":15135589,"name":"pilgrimage site (Q15135589)","p":-3,"type":15135589},"Q22049119":{"code":22049119,"name":"province of Nepal (Q22049119)","p":-3,"type":22049119},"Q28544871":{"code":28544871,"name":"sub-metropolitan municipality of Nepal (Q28544871)","p":-3,"type":28544871},"Q29467088":{"code":29467088,"name":"rural municipality of Nepal (Q29467088)","p":-3,"type":29467088},"Q3492039":{"code":3492039,"name":"municipality of Nepal (Q3492039)","p":-3,"type":3492039}}