{"Q3":{"code":3,"name":"ROOT","type":634},"Q183039":{"code":183039,"name":"COUNTRY","p":3,"type":183039},"Q486972":{"code":486972,"name":"settled","p":3,"type":486972},"Q6256":{"code":6256,"name":"country","p":183039,"type":6256},"Q515":{"code":515,"name":"city","p":486972,"type":515},"Q98966309":{"code":98966309,"name":"classification of human settlements","p":486972,"type":98966309},"Q7270":{"code":7270,"name":"republic","p":183039,"type":7270},"Q3957":{"code":3957,"name":"town","p":98966309,"type":3957},"Q5119":{"code":5119,"name":"capital city","p":515,"type":5119},"Q3624078":{"code":3624078,"name":"sovereign state","p":6256,"type":3624078},"Q112099":{"code":112099,"name":"island nation","p":6256,"type":112099},"Q-3":{"code":-3,"name":"UNLINKED","p":3,"type":-3},"Q319796":{"code":319796,"name":"district of Nauru (Q319796)","p":-3,"type":319796},"Q2712218":{"code":2712218,"name":"constituency of Nauru (Q2712218)","p":-3,"type":2712218}}