{"Q3":{"code":3,"name":"ROOT","type":634},"Q15893266":{"code":15893266,"name":"FORMER","p":3,"type":15893266},"Q24017414":{"code":24017414,"name":"MISC","p":3,"type":24017414},"Q183039":{"code":183039,"name":"COUNTRY","p":3,"type":183039},"Q56061":{"code":56061,"name":"admin","p":3,"type":56061},"Q486972":{"code":486972,"name":"settled","p":3,"type":486972},"Q2625603":{"code":2625603,"name":"population","p":3,"type":2625603},"Q51041800":{"code":51041800,"name":"religious","p":3,"type":51041800},"Q2221906":{"code":2221906,"name":"geo","p":3,"type":2221906},"Q25894868":{"code":25894868,"name":"place type","p":24017414,"type":25894868},"Q41710":{"code":41710,"name":"ethnic group","p":24017414,"type":41710},"Q23442":{"code":23442,"name":"island","p":25894868,"type":23442},"Q15617994":{"code":15617994,"name":"designation for an administrative territorial entity","p":24017414,"type":15617994},"Q111972893":{"code":111972893,"name":"type of structure","p":24017414,"type":111972893},"Q811979":{"code":811979,"name":"architectural structure","p":111972893,"type":811979},"Q41176":{"code":41176,"name":"building","p":811979,"type":41176},"Q699405":{"code":699405,"name":"residence","p":811979,"type":699405},"Q5890494":{"code":5890494,"name":"homestead","p":699405,"type":5890494},"Q113489728":{"code":113489728,"name":"OECD country","p":183039,"type":113489728},"Q6256":{"code":6256,"name":"country","p":183039,"type":6256},"Q15621274":{"code":15621274,"name":"enclave or exclave","p":56061,"type":15621274},"Q12076836":{"code":12076836,"name":"of a single country","p":56061,"type":12076836},"Q702492":{"code":702492,"name":"urban area","p":486972,"type":702492},"Q515":{"code":515,"name":"city","p":486972,"type":515},"Q532":{"code":532,"name":"village","p":486972,"type":532},"Q15284":{"code":15284,"name":"municipality","p":486972,"type":15284},"Q244793":{"code":244793,"name":"twin cities","p":486972,"type":244793},"Q98966309":{"code":98966309,"name":"classification of human settlements","p":486972,"type":98966309},"Q7930989":{"code":7930989,"name":"city or town","p":486972,"type":7930989},"Q33829":{"code":33829,"name":"human population","p":2625603,"type":33829},"Q20926517":{"code":20926517,"name":"religious administrative territorial entity","p":51041800,"type":20926517},"Q665487":{"code":665487,"name":"diocese","p":20926517,"type":665487},"Q618123":{"code":618123,"name":"geographical feature","p":2221906,"type":618123},"Q82794":{"code":82794,"name":"geographic region","p":618123,"type":82794},"Q106589819":{"code":106589819,"name":"elevation","p":618123,"type":106589819},"Q3947":{"code":3947,"name":"house","p":41176,"type":3947},"Q3957":{"code":3957,"name":"town","p":98966309,"type":3957},"Q5119":{"code":5119,"name":"capital city","p":515,"type":5119},"Q5084":{"code":5084,"name":"hamlet","p":15617994,"type":5084},"Q7270":{"code":7270,"name":"republic","p":183039,"type":7270},"Q74047":{"code":74047,"name":"ghost town","p":98966309,"type":74047},"Q159350":{"code":159350,"name":"Rundling","p":486972,"type":159350},"Q162602":{"code":162602,"name":"river island","p":23442,"type":162602},"Q54050":{"code":54050,"name":"hill","p":106589819,"type":54050},"Q123705":{"code":123705,"name":"neighborhood","p":486972,"type":123705},"Q123480":{"code":123480,"name":"landlocked country","p":6256,"type":123480},"Q171441":{"code":171441,"name":"enclave","p":15621274,"type":171441},"Q182676":{"code":182676,"name":"mountain hut","p":41176,"type":182676},"Q131596":{"code":131596,"name":"farm","p":5890494,"type":131596},"Q192611":{"code":192611,"name":"electoral district","p":56061,"type":192611},"Q1549591":{"code":1549591,"name":"big city","p":98966309,"type":1549591},"Q820254":{"code":820254,"name":"mining community","p":486972,"type":820254},"Q902814":{"code":902814,"name":"border town","p":7930989,"type":902814},"Q245260":{"code":245260,"name":"conurbation","p":702492,"type":245260},"Q1620908":{"code":1620908,"name":"historical region","p":56061,"type":1620908},"Q2983893":{"code":2983893,"name":"quarter","p":56061,"type":2983893},"Q329245":{"code":329245,"name":"basic unit of settlement in the Czech Republic","p":486972,"type":329245},"Q350895":{"code":350895,"name":"abandoned village","p":98966309,"type":350895},"Q329683":{"code":329683,"name":"industrial zone","p":82794,"type":329683},"Q933394":{"code":933394,"name":"exclave","p":15621274,"type":933394},"Q1907114":{"code":1907114,"name":"metropolitan area","p":56061,"type":1907114},"Q1138414":{"code":1138414,"name":"hermitage","p":486972,"type":1138414},"Q1468524":{"code":1468524,"name":"city center","p":123705,"type":1468524},"Q2183520":{"code":2183520,"name":"obec","p":15284,"type":2183520},"Q3146899":{"code":3146899,"name":"diocese of the Catholic Church","p":665487,"type":3146899},"Q3374262":{"code":3374262,"name":"miasteczko","p":15284,"type":3374262},"Q16155707":{"code":16155707,"name":"městys","p":486972,"type":16155707},"Q18114025":{"code":18114025,"name":"místní část","p":56061,"type":18114025},"Q20724764":{"code":20724764,"name":"region of Czechoslovakia","p":56061,"type":20724764},"Q22674925":{"code":22674925,"name":"former settlement","p":98966309,"type":22674925},"Q7819319":{"code":7819319,"name":"Czech municipality with expanded powers","p":515,"type":7819319},"Q7375052":{"code":7375052,"name":"royal city","p":515,"type":7375052},"Q3507889":{"code":3507889,"name":"administrative territorial entity of the Czech Republic","p":12076836,"type":3507889},"Q21851888":{"code":21851888,"name":"self-governing city part in the Czech Republic","p":3507889,"type":21851888},"Q8452914":{"code":8452914,"name":"district town","p":515,"type":8452914},"Q3624078":{"code":3624078,"name":"sovereign state","p":6256,"type":3624078},"Q61089180":{"code":61089180,"name":"municipal part in Czechia","p":15617994,"type":61089180},"Q56398194":{"code":56398194,"name":"core municipal part with the same name as the municipality in the Czech Republic","p":61089180,"type":56398194},"Q12031379":{"code":12031379,"name":"capital of region","p":5119,"type":12031379},"Q22674939":{"code":22674939,"name":"sunken settlement","p":22674925,"type":22674939},"Q27654220":{"code":27654220,"name":"abandoned hamlet","p":5084,"type":27654220},"Q75339006":{"code":75339006,"name":"municipal district of Prague","p":3507889,"type":75339006},"Q67123843":{"code":67123843,"name":"town divided by border","p":244793,"type":67123843},"Q74728036":{"code":74728036,"name":"administrative district of Prague","p":56061,"type":74728036},"Q4946461":{"code":4946461,"name":"spa town","p":486972,"type":4946461},"Q12049098":{"code":12049098,"name":"cohesion region","p":3507889,"type":12049098},"Q12104567":{"code":12104567,"name":"housing estate","p":123705,"type":12104567},"Q108000498":{"code":108000498,"name":"part of municipality in Czechoslovakia","p":15617994,"type":108000498},"Q113125602":{"code":113125602,"name":"undivided part of a divided city in Czechia","p":2983893,"type":113125602},"Q113126851":{"code":113126851,"name":"self-governing city district in Czechia","p":3507889,"type":113126851},"Q2660722":{"code":2660722,"name":"","p":182676,"type":2660722},"Q68028199":{"code":68028199,"name":"","p":532,"type":68028199},"Q105587861":{"code":105587861,"name":"","p":123705,"type":105587861},"Q108067982":{"code":108067982,"name":"","p":74047,"type":108067982},"Q-3":{"code":-3,"name":"UNLINKED","p":3,"type":-3},"Q33506":{"code":33506,"name":"museum (Q33506)","p":-3,"type":33506},"Q38911":{"code":38911,"name":"region of the Czech Republic (Q38911)","p":-3,"type":38911},"Q40357":{"code":40357,"name":"prison (Q40357)","p":-3,"type":40357},"Q57831":{"code":57831,"name":"fortress (Q57831)","p":-3,"type":57831},"Q79007":{"code":79007,"name":"street (Q79007)","p":-3,"type":79007},"Q133056":{"code":133056,"name":"mountain pass (Q133056)","p":-3,"type":133056},"Q106658":{"code":106658,"name":"district of Germany (Q106658)","p":-3,"type":106658},"Q548611":{"code":548611,"name":"districts of the Czech Republic (Q548611)","p":-3,"type":548611},"Q744099":{"code":744099,"name":"hillfort (Q744099)","p":-3,"type":744099},"Q2472587":{"code":2472587,"name":"people (Q2472587)","p":-3,"type":2472587},"Q1778846":{"code":1778846,"name":"military training area (Q1778846)","p":-3,"type":1778846},"Q2519869":{"code":2519869,"name":"Hvozd (Q2519869)","p":-3,"type":2519869},"Q257978":{"code":257978,"name":"statutory city (Q257978)","p":-3,"type":257978},"Q5153359":{"code":5153359,"name":"municipality of the Czech Republic (Q5153359)","p":-3,"type":5153359},"Q20871353":{"code":20871353,"name":"cadastral area in the Czech Republic (Q20871353)","p":-3,"type":20871353},"Q2085381":{"code":2085381,"name":"publisher (Q2085381)","p":-3,"type":2085381},"Q1200957":{"code":1200957,"name":"tourist destination (Q1200957)","p":-3,"type":1200957},"Q18193550":{"code":18193550,"name":"Lateran (Q18193550)","p":-3,"type":18193550},"Q6881511":{"code":6881511,"name":"enterprise (Q6881511)","p":-3,"type":6881511},"Q7841907":{"code":7841907,"name":"municipality with authorized municipal office (Q7841907)","p":-3,"type":7841907},"Q28807616":{"code":28807616,"name":"deserted farmyard (Q28807616)","p":-3,"type":28807616},"Q75338598":{"code":75338598,"name":"municipal part of Prague (Q75338598)","p":-3,"type":75338598},"Q76007695":{"code":76007695,"name":"administrative district of Czech municipality with expanded powers (Q76007695)","p":-3,"type":76007695},"Q76009696":{"code":76009696,"name":"administrative district of Czech municipality with authorized municipal office (Q76009696)","p":-3,"type":76009696},"Q15978299":{"code":15978299,"name":"municipality with town privileges in the Czech Republic (Q15978299)","p":-3,"type":15978299},"Q105390172":{"code":105390172,"name":"Roman Catholic metropolitan archdiocese (Q105390172)","p":-3,"type":105390172},"Q105588854":{"code":105588854,"name":"No label (Q105588854)","p":-3,"type":105588854}}