{"Q3":{"code":3,"name":"ROOT","type":634},"Q24017414":{"code":24017414,"name":"MISC","p":3,"type":24017414},"Q183039":{"code":183039,"name":"COUNTRY","p":3,"type":183039},"Q56061":{"code":56061,"name":"admin","p":3,"type":56061},"Q486972":{"code":486972,"name":"settled","p":3,"type":486972},"Q2625603":{"code":2625603,"name":"population","p":3,"type":2625603},"Q51041800":{"code":51041800,"name":"religious","p":3,"type":51041800},"Q659390":{"code":659390,"name":"construct","p":3,"type":659390},"Q2221906":{"code":2221906,"name":"geo","p":3,"type":2221906},"Q25894868":{"code":25894868,"name":"place type","p":24017414,"type":25894868},"Q41710":{"code":41710,"name":"ethnic group","p":24017414,"type":41710},"Q23442":{"code":23442,"name":"island","p":25894868,"type":23442},"Q15617994":{"code":15617994,"name":"designation for an administrative territorial entity","p":24017414,"type":15617994},"Q111972893":{"code":111972893,"name":"type of structure","p":24017414,"type":111972893},"Q811979":{"code":811979,"name":"architectural structure","p":111972893,"type":811979},"Q699405":{"code":699405,"name":"residence","p":811979,"type":699405},"Q5890494":{"code":5890494,"name":"homestead","p":699405,"type":5890494},"Q113489728":{"code":113489728,"name":"OECD country","p":183039,"type":113489728},"Q1307214":{"code":1307214,"name":"form of government","p":183039,"type":1307214},"Q6256":{"code":6256,"name":"country","p":183039,"type":6256},"Q12076836":{"code":12076836,"name":"of a single country","p":56061,"type":12076836},"Q1799794":{"code":1799794,"name":"By level","p":56061,"type":1799794},"Q10864048":{"code":10864048,"name":"A1","p":1799794,"type":10864048},"Q702492":{"code":702492,"name":"urban area","p":486972,"type":702492},"Q515":{"code":515,"name":"city","p":486972,"type":515},"Q532":{"code":532,"name":"village","p":486972,"type":532},"Q15284":{"code":15284,"name":"municipality","p":486972,"type":15284},"Q98966309":{"code":98966309,"name":"classification of human settlements","p":486972,"type":98966309},"Q7930989":{"code":7930989,"name":"city or town","p":486972,"type":7930989},"Q33829":{"code":33829,"name":"human population","p":2625603,"type":33829},"Q20926517":{"code":20926517,"name":"religious administrative territorial entity","p":51041800,"type":20926517},"Q471855":{"code":471855,"name":"jurisdiction","p":659390,"type":471855},"Q2665272":{"code":2665272,"name":"Ecclesiastical circumscription immediately subject to the Holy See","p":471855,"type":2665272},"Q618123":{"code":618123,"name":"geographical feature","p":2221906,"type":618123},"Q82794":{"code":82794,"name":"geographic region","p":618123,"type":82794},"Q205895":{"code":205895,"name":"landmass","p":82794,"type":205895},"Q183366":{"code":183366,"name":"territory","p":82794,"type":183366},"Q15642541":{"code":15642541,"name":"human-geographic territorial entity","p":183366,"type":15642541},"Q5084":{"code":5084,"name":"hamlet","p":15617994,"type":5084},"Q3957":{"code":3957,"name":"town","p":98966309,"type":3957},"Q5119":{"code":5119,"name":"capital city","p":515,"type":5119},"Q13691":{"code":13691,"name":"artificial island","p":23442,"type":13691},"Q28575":{"code":28575,"name":"county","p":15617994,"type":28575},"Q33837":{"code":33837,"name":"archipelago","p":205895,"type":33837},"Q41614":{"code":41614,"name":"constitutional monarchy","p":1307214,"type":41614},"Q34763":{"code":34763,"name":"peninsula","p":205895,"type":34763},"Q159313":{"code":159313,"name":"urban agglomeration","p":702492,"type":159313},"Q175185":{"code":175185,"name":"rural area","p":82794,"type":175185},"Q207524":{"code":207524,"name":"islet","p":23442,"type":207524},"Q131596":{"code":131596,"name":"farm","p":5890494,"type":131596},"Q192287":{"code":192287,"name":"subdivision of Russia","p":12076836,"type":192287},"Q707813":{"code":707813,"name":"Hanseatic city","p":515,"type":707813},"Q755707":{"code":755707,"name":"municipality of Norway","p":15284,"type":755707},"Q130003":{"code":130003,"name":"ski resort","p":486972,"type":130003},"Q269528":{"code":269528,"name":"unincorporated area","p":486972,"type":269528},"Q350895":{"code":350895,"name":"abandoned village","p":98966309,"type":350895},"Q820254":{"code":820254,"name":"mining community","p":486972,"type":820254},"Q1048835":{"code":1048835,"name":"political territorial entity","p":56061,"type":1048835},"Q1306755":{"code":1306755,"name":"administrative centre","p":2221906,"type":1306755},"Q1317251":{"code":1317251,"name":"fishing village","p":532,"type":1317251},"Q1392581":{"code":1392581,"name":"cycling city","p":7930989,"type":1392581},"Q1402592":{"code":1402592,"name":"island group","p":82794,"type":1402592},"Q1478645":{"code":1478645,"name":"prestegjeld","p":51041800,"type":1478645},"Q1549591":{"code":1549591,"name":"big city","p":98966309,"type":1549591},"Q3624078":{"code":3624078,"name":"sovereign state","p":6256,"type":3624078},"Q2514025":{"code":2514025,"name":"posyolok","p":15617994,"type":2514025},"Q2983893":{"code":2983893,"name":"quarter","p":56061,"type":2983893},"Q3920906":{"code":3920906,"name":"ethnic territory","p":183366,"type":3920906},"Q4580177":{"code":4580177,"name":"basic statistical unit","p":56061,"type":4580177},"Q5195043":{"code":5195043,"name":"borough","p":15617994,"type":5195043},"Q3257686":{"code":3257686,"name":"locality","p":486972,"type":3257686},"Q3502482":{"code":3502482,"name":"cultural region","p":82794,"type":3502482},"Q26934845":{"code":26934845,"name":"integral overseas territory","p":56061,"type":26934845},"Q50330360":{"code":50330360,"name":"second largest city","p":7930989,"type":50330360},"Q51929311":{"code":51929311,"name":"largest city","p":7930989,"type":51929311},"Q105388829":{"code":105388829,"name":"Latin Catholic diocese","p":20926517,"type":105388829},"Q13033753":{"code":13033753,"name":"ladested","p":3957,"type":13033753},"Q13539802":{"code":13539802,"name":"place with town rights and privileges","p":15284,"type":13539802},"Q18663579":{"code":18663579,"name":"former municipality of Norway","p":755707,"type":18663579},"Q-3":{"code":-3,"name":"UNLINKED","p":3,"type":-3},"Q192299":{"code":192299,"name":"county of Norway (Q192299)","p":-3,"type":192299},"Q899491":{"code":899491,"name":"formannskapsdistrikt (Q899491)","p":-3,"type":899491},"Q1397926":{"code":1397926,"name":"refugee crisis (Q1397926)","p":-3,"type":1397926},"Q1770467":{"code":1770467,"name":"borough of Oslo (Q1770467)","p":-3,"type":1770467},"Q2065736":{"code":2065736,"name":"cultural property (Q2065736)","p":-3,"type":2065736},"Q2633744":{"code":2633744,"name":"territorial prelature (Q2633744)","p":-3,"type":2633744},"Q5260616":{"code":5260616,"name":"dependency of Norway (Q5260616)","p":-3,"type":5260616},"Q83640434":{"code":83640434,"name":"former county of Norway (Q83640434)","p":-3,"type":83640434},"Q2472587":{"code":2472587,"name":"people (Q2472587)","p":-3,"type":2472587},"Q15092344":{"code":15092344,"name":"urban area in Norway (Q15092344)","p":-3,"type":15092344},"Q24529780":{"code":24529780,"name":"point (Q24529780)","p":-3,"type":24529780},"Q4580231":{"code":4580231,"name":"No label (Q4580231)","p":-3,"type":4580231}}