{"Q3":{"code":3,"name":"ROOT","type":634},"Q24017414":{"code":24017414,"name":"MISC","p":3,"type":24017414},"Q183039":{"code":183039,"name":"COUNTRY","p":3,"type":183039},"Q56061":{"code":56061,"name":"admin","p":3,"type":56061},"Q486972":{"code":486972,"name":"settled","p":3,"type":486972},"Q2625603":{"code":2625603,"name":"population","p":3,"type":2625603},"Q51041800":{"code":51041800,"name":"religious","p":3,"type":51041800},"Q659390":{"code":659390,"name":"construct","p":3,"type":659390},"Q2221906":{"code":2221906,"name":"geo","p":3,"type":2221906},"Q25894868":{"code":25894868,"name":"place type","p":24017414,"type":25894868},"Q41710":{"code":41710,"name":"ethnic group","p":24017414,"type":41710},"Q23442":{"code":23442,"name":"island","p":25894868,"type":23442},"Q15617994":{"code":15617994,"name":"designation for an administrative territorial entity","p":24017414,"type":15617994},"Q1307214":{"code":1307214,"name":"form of government","p":183039,"type":1307214},"Q6256":{"code":6256,"name":"country","p":183039,"type":6256},"Q515":{"code":515,"name":"city","p":486972,"type":515},"Q532":{"code":532,"name":"village","p":486972,"type":532},"Q244793":{"code":244793,"name":"twin cities","p":486972,"type":244793},"Q98966309":{"code":98966309,"name":"classification of human settlements","p":486972,"type":98966309},"Q7930989":{"code":7930989,"name":"city or town","p":486972,"type":7930989},"Q33829":{"code":33829,"name":"human population","p":2625603,"type":33829},"Q20926517":{"code":20926517,"name":"religious administrative territorial entity","p":51041800,"type":20926517},"Q665487":{"code":665487,"name":"diocese","p":20926517,"type":665487},"Q471855":{"code":471855,"name":"jurisdiction","p":659390,"type":471855},"Q2665272":{"code":2665272,"name":"Ecclesiastical circumscription immediately subject to the Holy See","p":471855,"type":2665272},"Q5119":{"code":5119,"name":"capital city","p":515,"type":5119},"Q123705":{"code":123705,"name":"neighborhood","p":486972,"type":123705},"Q148837":{"code":148837,"name":"polis","p":15617994,"type":148837},"Q149621":{"code":149621,"name":"district","p":15617994,"type":149621},"Q179164":{"code":179164,"name":"unitary state","p":1307214,"type":179164},"Q902814":{"code":902814,"name":"border town","p":7930989,"type":902814},"Q1021711":{"code":1021711,"name":"seaside resort","p":486972,"type":1021711},"Q1549591":{"code":1549591,"name":"big city","p":98966309,"type":1549591},"Q200250":{"code":200250,"name":"metropolis","p":486972,"type":200250},"Q3146899":{"code":3146899,"name":"diocese of the Catholic Church","p":665487,"type":3146899},"Q3624078":{"code":3624078,"name":"sovereign state","p":6256,"type":3624078},"Q15303838":{"code":15303838,"name":"municipality seat","p":5119,"type":15303838},"Q4946461":{"code":4946461,"name":"spa town","p":486972,"type":4946461},"Q105389481":{"code":105389481,"name":"Greek-Catholic eparchy","p":51041800,"type":105389481},"Q51929311":{"code":51929311,"name":"largest city","p":7930989,"type":51929311},"Q67123843":{"code":67123843,"name":"town divided by border","p":244793,"type":67123843},"Q21507948":{"code":21507948,"name":"former village","p":532,"type":21507948},"Q22674925":{"code":22674925,"name":"former settlement","p":98966309,"type":22674925},"Q50330360":{"code":50330360,"name":"second largest city","p":7930989,"type":50330360},"Q-3":{"code":-3,"name":"UNLINKED","p":3,"type":-3},"Q6266":{"code":6266,"name":"nation (Q6266)","p":-3,"type":6266},"Q44613":{"code":44613,"name":"monastery (Q44613)","p":-3,"type":44613},"Q1901835":{"code":1901835,"name":"seat of government (Q1901835)","p":-3,"type":1901835},"Q2560551":{"code":2560551,"name":"vassal and tributary state of the Ottoman Empire (Q2560551)","p":-3,"type":2560551},"Q1906268":{"code":1906268,"name":"municipality of Bulgaria (Q1906268)","p":-3,"type":1906268},"Q4224624":{"code":4224624,"name":"kmetstvo of Bulgaria (Q4224624)","p":-3,"type":4224624},"Q209824":{"code":209824,"name":"oblast of Bulgaria (Q209824)","p":-3,"type":209824},"Q7553685":{"code":7553685,"name":"municipal district of Bulgaria (Q7553685)","p":-3,"type":7553685},"Q15630849":{"code":15630849,"name":"village of Bulgaria (Q15630849)","p":-3,"type":15630849},"Q15344922":{"code":15344922,"name":"oblast seat (Q15344922)","p":-3,"type":15344922},"Q231002":{"code":231002,"name":"nationality (Q231002)","p":-3,"type":231002},"Q89487741":{"code":89487741,"name":"city of Bulgaria (Q89487741)","p":-3,"type":89487741},"Q2472587":{"code":2472587,"name":"people (Q2472587)","p":-3,"type":2472587}}