{"Q3":{"code":3,"name":"ROOT","type":634},"Q24017414":{"code":24017414,"name":"MISC","p":3,"type":24017414},"Q183039":{"code":183039,"name":"COUNTRY","p":3,"type":183039},"Q486972":{"code":486972,"name":"settled","p":3,"type":486972},"Q51041800":{"code":51041800,"name":"religious","p":3,"type":51041800},"Q659390":{"code":659390,"name":"construct","p":3,"type":659390},"Q41710":{"code":41710,"name":"ethnic group","p":24017414,"type":41710},"Q6256":{"code":6256,"name":"country","p":183039,"type":6256},"Q515":{"code":515,"name":"city","p":486972,"type":515},"Q532":{"code":532,"name":"village","p":486972,"type":532},"Q98966309":{"code":98966309,"name":"classification of human settlements","p":486972,"type":98966309},"Q7930989":{"code":7930989,"name":"city or town","p":486972,"type":7930989},"Q20926517":{"code":20926517,"name":"religious administrative territorial entity","p":51041800,"type":20926517},"Q665487":{"code":665487,"name":"diocese","p":20926517,"type":665487},"Q471855":{"code":471855,"name":"jurisdiction","p":659390,"type":471855},"Q2665272":{"code":2665272,"name":"Ecclesiastical circumscription immediately subject to the Holy See","p":471855,"type":2665272},"Q3957":{"code":3957,"name":"town","p":98966309,"type":3957},"Q5119":{"code":5119,"name":"capital city","p":515,"type":5119},"Q902814":{"code":902814,"name":"border town","p":7930989,"type":902814},"Q1549591":{"code":1549591,"name":"big city","p":98966309,"type":1549591},"Q1637706":{"code":1637706,"name":"million city","p":1549591,"type":1637706},"Q2989398":{"code":2989398,"name":"commune of Algeria","p":486972,"type":2989398},"Q3146899":{"code":3146899,"name":"diocese of the Catholic Church","p":665487,"type":3146899},"Q50330360":{"code":50330360,"name":"second largest city","p":7930989,"type":50330360},"Q51576574":{"code":51576574,"name":"Mediterranean country","p":6256,"type":51576574},"Q3257686":{"code":3257686,"name":"locality","p":486972,"type":3257686},"Q3624078":{"code":3624078,"name":"sovereign state","p":6256,"type":3624078},"Q-3":{"code":-3,"name":"UNLINKED","p":3,"type":-3},"Q2202509":{"code":2202509,"name":"Roman city (Q2202509)","p":-3,"type":2202509},"Q2614970":{"code":2614970,"name":"district of Algeria (Q2614970)","p":-3,"type":2614970},"Q53732481":{"code":53732481,"name":"nuclear test site (Q53732481)","p":-3,"type":53732481},"Q105390172":{"code":105390172,"name":"Roman Catholic metropolitan archdiocese (Q105390172)","p":-3,"type":105390172},"Q23925393":{"code":23925393,"name":"douar (Q23925393)","p":-3,"type":23925393},"Q43742":{"code":43742,"name":"oasis (Q43742)","p":-3,"type":43742},"Q240601":{"code":240601,"name":"province of Algeria (Q240601)","p":-3,"type":240601},"Q465613":{"code":465613,"name":"people's republic (Q465613)","p":-3,"type":465613},"Q866196":{"code":866196,"name":"episcopal see (Q866196)","p":-3,"type":866196}}