{"Q3":{"code":3,"name":"ROOT","type":634},"Q24017414":{"code":24017414,"name":"MISC","p":3,"type":24017414},"Q183039":{"code":183039,"name":"COUNTRY","p":3,"type":183039},"Q56061":{"code":56061,"name":"admin","p":3,"type":56061},"Q486972":{"code":486972,"name":"settled","p":3,"type":486972},"Q51041800":{"code":51041800,"name":"religious","p":3,"type":51041800},"Q2221906":{"code":2221906,"name":"geo","p":3,"type":2221906},"Q25894868":{"code":25894868,"name":"place type","p":24017414,"type":25894868},"Q41710":{"code":41710,"name":"ethnic group","p":24017414,"type":41710},"Q23442":{"code":23442,"name":"island","p":25894868,"type":23442},"Q15617994":{"code":15617994,"name":"designation for an administrative territorial entity","p":24017414,"type":15617994},"Q6256":{"code":6256,"name":"country","p":183039,"type":6256},"Q702492":{"code":702492,"name":"urban area","p":486972,"type":702492},"Q515":{"code":515,"name":"city","p":486972,"type":515},"Q532":{"code":532,"name":"village","p":486972,"type":532},"Q98966309":{"code":98966309,"name":"classification of human settlements","p":486972,"type":98966309},"Q7930989":{"code":7930989,"name":"city or town","p":486972,"type":7930989},"Q20926517":{"code":20926517,"name":"religious administrative territorial entity","p":51041800,"type":20926517},"Q665487":{"code":665487,"name":"diocese","p":20926517,"type":665487},"Q618123":{"code":618123,"name":"geographical feature","p":2221906,"type":618123},"Q82794":{"code":82794,"name":"geographic region","p":618123,"type":82794},"Q205895":{"code":205895,"name":"landmass","p":82794,"type":205895},"Q3957":{"code":3957,"name":"town","p":98966309,"type":3957},"Q5119":{"code":5119,"name":"capital city","p":515,"type":5119},"Q34763":{"code":34763,"name":"peninsula","p":205895,"type":34763},"Q123480":{"code":123480,"name":"landlocked country","p":6256,"type":123480},"Q149621":{"code":149621,"name":"district","p":15617994,"type":149621},"Q1549591":{"code":1549591,"name":"big city","p":98966309,"type":1549591},"Q20725872":{"code":20725872,"name":"Eastern Catholic eparchy","p":20926517,"type":20725872},"Q27554677":{"code":27554677,"name":"former capital","p":486972,"type":27554677},"Q108822885":{"code":108822885,"name":"Catholic Metropolitan Archieparchy","p":51041800,"type":108822885},"Q1637706":{"code":1637706,"name":"million city","p":1549591,"type":1637706},"Q2989457":{"code":2989457,"name":"urban-type settlement","p":486972,"type":2989457},"Q3624078":{"code":3624078,"name":"sovereign state","p":6256,"type":3624078},"Q690840":{"code":690840,"name":"district of Ethiopia","p":149621,"type":690840},"Q-3":{"code":-3,"name":"UNLINKED","p":3,"type":-3},"Q133311":{"code":133311,"name":"tribe (Q133311)","p":-3,"type":133311},"Q1057504":{"code":1057504,"name":"region of Ethiopia (Q1057504)","p":-3,"type":1057504},"Q219875":{"code":219875,"name":"zone of Ethiopia (Q219875)","p":-3,"type":219875},"Q384003":{"code":384003,"name":"apostolic prefecture (Q384003)","p":-3,"type":384003},"Q2373919":{"code":2373919,"name":"intentional community (Q2373919)","p":-3,"type":2373919},"Q3569918":{"code":3569918,"name":"special district of Ethiopia (Q3569918)","p":-3,"type":3569918},"Q620225":{"code":620225,"name":"apostolic vicariate (Q620225)","p":-3,"type":620225}}