{"Q3":{"code":3,"name":"ROOT","type":634},"Q15893266":{"code":15893266,"name":"FORMER","p":3,"type":15893266},"Q24017414":{"code":24017414,"name":"MISC","p":3,"type":24017414},"Q183039":{"code":183039,"name":"COUNTRY","p":3,"type":183039},"Q56061":{"code":56061,"name":"admin","p":3,"type":56061},"Q486972":{"code":486972,"name":"settled","p":3,"type":486972},"Q2625603":{"code":2625603,"name":"population","p":3,"type":2625603},"Q51041800":{"code":51041800,"name":"religious","p":3,"type":51041800},"Q659390":{"code":659390,"name":"construct","p":3,"type":659390},"Q104098715":{"code":104098715,"name":"territorial entity type","p":3,"type":104098715},"Q2221906":{"code":2221906,"name":"geo","p":3,"type":2221906},"Q19953632":{"code":19953632,"name":"former admin","p":15893266,"type":19953632},"Q5962346":{"code":5962346,"name":"classification system","p":24017414,"type":5962346},"Q11834037":{"code":11834037,"name":"physico-geographical regionalization","p":5962346,"type":11834037},"Q25894868":{"code":25894868,"name":"place type","p":24017414,"type":25894868},"Q41710":{"code":41710,"name":"ethnic group","p":24017414,"type":41710},"Q23442":{"code":23442,"name":"island","p":25894868,"type":23442},"Q15617994":{"code":15617994,"name":"designation for an administrative territorial entity","p":24017414,"type":15617994},"Q111972893":{"code":111972893,"name":"type of structure","p":24017414,"type":111972893},"Q811979":{"code":811979,"name":"architectural structure","p":111972893,"type":811979},"Q41176":{"code":41176,"name":"building","p":811979,"type":41176},"Q96084375":{"code":96084375,"name":"former building or structure","p":41176,"type":96084375},"Q12292478":{"code":12292478,"name":"estate","p":811979,"type":12292478},"Q875157":{"code":875157,"name":"resort","p":12292478,"type":875157},"Q699405":{"code":699405,"name":"residence","p":811979,"type":699405},"Q5890494":{"code":5890494,"name":"homestead","p":699405,"type":5890494},"Q11755880":{"code":11755880,"name":"residential building","p":699405,"type":11755880},"Q113489728":{"code":113489728,"name":"OECD country","p":183039,"type":113489728},"Q1307214":{"code":1307214,"name":"form of government","p":183039,"type":1307214},"Q6256":{"code":6256,"name":"country","p":183039,"type":6256},"Q171308":{"code":171308,"name":"oblast","p":56061,"type":171308},"Q15621274":{"code":15621274,"name":"enclave or exclave","p":56061,"type":15621274},"Q3024240":{"code":3024240,"name":"historical country","p":19953632,"type":3024240},"Q12076836":{"code":12076836,"name":"of a single country","p":56061,"type":12076836},"Q2520520":{"code":2520520,"name":"administrative territorial entity of Hungary","p":12076836,"type":2520520},"Q697379":{"code":697379,"name":"administrative territorial entity of Romania","p":12076836,"type":697379},"Q15620181":{"code":15620181,"name":"administrative territorial entity of Estonia","p":12076836,"type":15620181},"Q1799794":{"code":1799794,"name":"By level","p":56061,"type":1799794},"Q788176":{"code":788176,"name":"autonomous administrative territorial entity","p":56061,"type":788176},"Q10864048":{"code":10864048,"name":"A1","p":1799794,"type":10864048},"Q13220204":{"code":13220204,"name":"A2","p":1799794,"type":13220204},"Q13221722":{"code":13221722,"name":"A3","p":1799794,"type":13221722},"Q14757767":{"code":14757767,"name":"A4","p":1799794,"type":14757767},"Q4976993":{"code":4976993,"name":"civil parish","p":14757767,"type":4976993},"Q7275":{"code":7275,"name":"state","p":56061,"type":7275},"Q702492":{"code":702492,"name":"urban area","p":486972,"type":702492},"Q515":{"code":515,"name":"city","p":486972,"type":515},"Q532":{"code":532,"name":"village","p":486972,"type":532},"Q618299":{"code":618299,"name":"settlement","p":486972,"type":618299},"Q15284":{"code":15284,"name":"municipality","p":486972,"type":15284},"Q15253706":{"code":15253706,"name":"like a city","p":486972,"type":15253706},"Q244793":{"code":244793,"name":"twin cities","p":486972,"type":244793},"Q676050":{"code":676050,"name":"old town","p":486972,"type":676050},"Q1782540":{"code":1782540,"name":"railway town","p":486972,"type":1782540},"Q98966309":{"code":98966309,"name":"classification of human settlements","p":486972,"type":98966309},"Q7930989":{"code":7930989,"name":"city or town","p":486972,"type":7930989},"Q33829":{"code":33829,"name":"human population","p":2625603,"type":33829},"Q1492823":{"code":1492823,"name":"ecclesiastical district","p":51041800,"type":1492823},"Q20926517":{"code":20926517,"name":"religious administrative territorial entity","p":51041800,"type":20926517},"Q665487":{"code":665487,"name":"diocese","p":20926517,"type":665487},"Q471855":{"code":471855,"name":"jurisdiction","p":659390,"type":471855},"Q2665272":{"code":2665272,"name":"Ecclesiastical circumscription immediately subject to the Holy See","p":471855,"type":2665272},"Q618123":{"code":618123,"name":"geographical feature","p":2221906,"type":618123},"Q1291195":{"code":1291195,"name":"place of discovery","p":618123,"type":1291195},"Q82794":{"code":82794,"name":"geographic region","p":618123,"type":82794},"Q106589819":{"code":106589819,"name":"elevation","p":618123,"type":106589819},"Q74817647":{"code":74817647,"name":"aspect in a geographic region","p":82794,"type":74817647},"Q205895":{"code":205895,"name":"landmass","p":82794,"type":205895},"Q183366":{"code":183366,"name":"territory","p":82794,"type":183366},"Q4835091":{"code":4835091,"name":"territory","p":82794,"type":4835091},"Q15642541":{"code":15642541,"name":"human-geographic territorial entity","p":183366,"type":15642541},"Q3957":{"code":3957,"name":"town","p":98966309,"type":3957},"Q5084":{"code":5084,"name":"hamlet","p":15617994,"type":5084},"Q6266":{"code":6266,"name":"nation","p":659390,"type":6266},"Q8502":{"code":8502,"name":"mountain","p":106589819,"type":8502},"Q54050":{"code":54050,"name":"hill","p":106589819,"type":54050},"Q123705":{"code":123705,"name":"neighborhood","p":486972,"type":123705},"Q149621":{"code":149621,"name":"district","p":15617994,"type":149621},"Q161387":{"code":161387,"name":"kibbutz","p":486972,"type":161387},"Q193560":{"code":193560,"name":"districts of Israel","p":149621,"type":193560},"Q582706":{"code":582706,"name":"Israeli settlement","p":486972,"type":582706},"Q917146":{"code":917146,"name":"moshav","p":486972,"type":917146},"Q692581":{"code":692581,"name":"holy city","p":7930989,"type":692581},"Q839954":{"code":839954,"name":"archaeological site","p":1291195,"type":839954},"Q755017":{"code":755017,"name":"tell","p":839954,"type":755017},"Q902814":{"code":902814,"name":"border town","p":7930989,"type":902814},"Q1048835":{"code":1048835,"name":"political territorial entity","p":56061,"type":1048835},"Q1501046":{"code":1501046,"name":"community settlement","p":486972,"type":1501046},"Q1549591":{"code":1549591,"name":"big city","p":98966309,"type":1549591},"Q1907114":{"code":1907114,"name":"metropolitan area","p":56061,"type":1907114},"Q3505887":{"code":3505887,"name":"city council","p":15284,"type":3505887},"Q3624078":{"code":3624078,"name":"sovereign state","p":6256,"type":3624078},"Q1962175":{"code":1962175,"name":"Nahal settlement","p":486972,"type":1962175},"Q7886462":{"code":7886462,"name":"Moshav shitufi","p":15617994,"type":7886462},"Q11197007":{"code":11197007,"name":"ethnoreligious group","p":41710,"type":11197007},"Q15661340":{"code":15661340,"name":"ancient city","p":515,"type":15661340},"Q2202509":{"code":2202509,"name":"Roman city","p":15661340,"type":2202509},"Q2288374":{"code":2288374,"name":"Ma'abarot","p":486972,"type":2288374},"Q2983893":{"code":2983893,"name":"quarter","p":56061,"type":2983893},"Q2989457":{"code":2989457,"name":"urban-type settlement","p":486972,"type":2989457},"Q3257686":{"code":3257686,"name":"locality","p":486972,"type":3257686},"Q3502482":{"code":3502482,"name":"cultural region","p":82794,"type":3502482},"Q12054099":{"code":12054099,"name":"neighborhood of Jerusalem","p":56061,"type":12054099},"Q12593969":{"code":12593969,"name":"patriarchate of the Catholic Church","p":1492823,"type":12593969},"Q15239622":{"code":15239622,"name":"disputed territory","p":183366,"type":15239622},"Q21507948":{"code":21507948,"name":"former village","p":532,"type":21507948},"Q108822950":{"code":108822950,"name":"Catholic Archieparchy","p":51041800,"type":108822950},"Q21752084":{"code":21752084,"name":"Roman archaeological site","p":839954,"type":21752084},"Q22674925":{"code":22674925,"name":"former settlement","p":98966309,"type":22674925},"Q51929311":{"code":51929311,"name":"largest city","p":7930989,"type":51929311},"Q107661781":{"code":107661781,"name":"Conquest Group","p":486972,"type":107661781},"Q28790362":{"code":28790362,"name":"ethnic community","p":41710,"type":28790362},"Q50330360":{"code":50330360,"name":"second largest city","p":7930989,"type":50330360},"Q51576574":{"code":51576574,"name":"Mediterranean country","p":6256,"type":51576574},"Q-1":{"code":-1,"name":"INVALID","p":3,"type":-1},"Q-2":{"code":-2,"name":"EXCLUDED","p":3,"type":-2},"Q3914":{"code":3914,"name":"school (Q3914)","p":-1,"type":3914},"Q37732":{"code":37732,"name":"demography (Q37732)","p":-1,"type":37732},"Q38723":{"code":38723,"name":"higher education institution (Q38723)","p":-1,"type":38723},"Q133156":{"code":133156,"name":"colony (Q133156)","p":-1,"type":133156},"Q154773":{"code":154773,"name":"yeshiva (Q154773)","p":-1,"type":154773},"Q211606":{"code":211606,"name":"social structure (Q211606)","p":-1,"type":211606},"Q271669":{"code":271669,"name":"landform (Q271669)","p":-1,"type":271669},"Q651943":{"code":651943,"name":"signifier (Q651943)","p":-1,"type":651943},"Q756903":{"code":756903,"name":"internationalized domain name (Q756903)","p":-1,"type":756903},"Q874405":{"code":874405,"name":"social group (Q874405)","p":-1,"type":874405},"Q897403":{"code":897403,"name":"language school (Q897403)","p":-1,"type":897403},"Q937228":{"code":937228,"name":"property (Q937228)","p":-1,"type":937228},"Q1391390":{"code":1391390,"name":"specialist hospital (Q1391390)","p":-1,"type":1391390},"Q1550119":{"code":1550119,"name":"administrative territorial entity of Israel (Q1550119)","p":-1,"type":1550119},"Q1752346":{"code":1752346,"name":"assembly (Q1752346)","p":-1,"type":1752346},"Q2169973":{"code":2169973,"name":"service provider (Q2169973)","p":-1,"type":2169973},"Q2725376":{"code":2725376,"name":"demographics (Q2725376)","p":-1,"type":2725376},"Q2762194":{"code":2762194,"name":"local government in Israel (Q2762194)","p":-1,"type":2762194},"Q3702971":{"code":3702971,"name":"personal data (Q3702971)","p":-2,"type":3702971},"Q5162954":{"code":5162954,"name":"conservation designation (Q5162954)","p":-1,"type":5162954},"Q6044472":{"code":6044472,"name":"intentional living (Q6044472)","p":-1,"type":6044472},"Q7631056":{"code":7631056,"name":"administrative territorial entity of  Lebanon (Q7631056)","p":-1,"type":7631056},"Q19361238":{"code":19361238,"name":"Wikidata metaclass (Q19361238)","p":-1,"type":19361238},"Q29028649":{"code":29028649,"name":"economic concept (Q29028649)","p":-1,"type":29028649},"Q69391739":{"code":69391739,"name":"Greek colony (Q69391739)","p":-1,"type":69391739},"Q115372263":{"code":115372263,"name":"word or phrase (Q115372263)","p":-1,"type":115372263},"Q-3":{"code":-3,"name":"UNLINKED","p":3,"type":-3},"Q9259":{"code":9259,"name":"UNESCO World Heritage Site (Q9259)","p":-3,"type":9259},"Q16917":{"code":16917,"name":"hospital (Q16917)","p":-3,"type":16917},"Q75520":{"code":75520,"name":"plateau (Q75520)","p":-3,"type":75520},"Q82799":{"code":82799,"name":"name (Q82799)","p":-3,"type":82799},"Q133311":{"code":133311,"name":"tribe (Q133311)","p":-3,"type":133311},"Q178706":{"code":178706,"name":"institution (Q178706)","p":-3,"type":178706},"Q189004":{"code":189004,"name":"college (Q189004)","p":-3,"type":189004},"Q269770":{"code":269770,"name":"boarding school (Q269770)","p":-3,"type":269770},"Q655593":{"code":655593,"name":"emporia (Q655593)","p":-3,"type":655593},"Q756780":{"code":756780,"name":"colonia (Q756780)","p":-3,"type":756780},"Q1022469":{"code":1022469,"name":"regional council of Israel (Q1022469)","p":-3,"type":1022469},"Q1322161":{"code":1322161,"name":"Hesder (Q1322161)","p":-3,"type":1322161},"Q1200957":{"code":1200957,"name":"tourist destination (Q1200957)","p":-3,"type":1200957},"Q1288520":{"code":1288520,"name":"local council in Israel (Q1288520)","p":-3,"type":1288520},"Q6573597":{"code":6573597,"name":"subdistrict of Israel (Q6573597)","p":-3,"type":6573597},"Q7309759":{"code":7309759,"name":"rehabilitation center (Q7309759)","p":-3,"type":7309759},"Q1969448":{"code":1969448,"name":"term (Q1969448)","p":-3,"type":1969448},"Q7691226":{"code":7691226,"name":"teacher training college (Q7691226)","p":-3,"type":7691226},"Q2096101":{"code":2096101,"name":"Ulpan (Q2096101)","p":-3,"type":2096101},"Q2373919":{"code":2373919,"name":"intentional community (Q2373919)","p":-3,"type":2373919},"Q2385804":{"code":2385804,"name":"educational institution (Q2385804)","p":-3,"type":2385804},"Q2472587":{"code":2472587,"name":"people (Q2472587)","p":-3,"type":2472587},"Q2907285":{"code":2907285,"name":"youth village (Q2907285)","p":-3,"type":2907285},"Q12950813":{"code":12950813,"name":"فلسطين (Q12950813)","p":-3,"type":12950813},"Q17524420":{"code":17524420,"name":"aspect of history (Q17524420)","p":-3,"type":17524420},"Q23828039":{"code":23828039,"name":"village/town/city in Lebanon (Q23828039)","p":-3,"type":23828039},"Q23983664":{"code":23983664,"name":"demographics of country or region (Q23983664)","p":-3,"type":23983664},"Q62944360":{"code":62944360,"name":"country population (Q62944360)","p":-3,"type":62944360},"Q28521933":{"code":28521933,"name":"agricultural school (Q28521933)","p":-3,"type":28521933},"Q48996593":{"code":48996593,"name":"local council (Q48996593)","p":-3,"type":48996593}}