{"Q3":{"code":3,"name":"ROOT","type":634},"Q24017414":{"code":24017414,"name":"MISC","p":3,"type":24017414},"Q183039":{"code":183039,"name":"COUNTRY","p":3,"type":183039},"Q56061":{"code":56061,"name":"admin","p":3,"type":56061},"Q486972":{"code":486972,"name":"settled","p":3,"type":486972},"Q2625603":{"code":2625603,"name":"population","p":3,"type":2625603},"Q51041800":{"code":51041800,"name":"religious","p":3,"type":51041800},"Q659390":{"code":659390,"name":"construct","p":3,"type":659390},"Q2221906":{"code":2221906,"name":"geo","p":3,"type":2221906},"Q41710":{"code":41710,"name":"ethnic group","p":24017414,"type":41710},"Q15617994":{"code":15617994,"name":"designation for an administrative territorial entity","p":24017414,"type":15617994},"Q113489728":{"code":113489728,"name":"OECD country","p":183039,"type":113489728},"Q6256":{"code":6256,"name":"country","p":183039,"type":6256},"Q515":{"code":515,"name":"city","p":486972,"type":515},"Q532":{"code":532,"name":"village","p":486972,"type":532},"Q15284":{"code":15284,"name":"municipality","p":486972,"type":15284},"Q98966309":{"code":98966309,"name":"classification of human settlements","p":486972,"type":98966309},"Q7930989":{"code":7930989,"name":"city or town","p":486972,"type":7930989},"Q33829":{"code":33829,"name":"human population","p":2625603,"type":33829},"Q1492823":{"code":1492823,"name":"ecclesiastical district","p":51041800,"type":1492823},"Q618123":{"code":618123,"name":"geographical feature","p":2221906,"type":618123},"Q1291195":{"code":1291195,"name":"place of discovery","p":618123,"type":1291195},"Q82794":{"code":82794,"name":"geographic region","p":618123,"type":82794},"Q106589819":{"code":106589819,"name":"elevation","p":618123,"type":106589819},"Q183366":{"code":183366,"name":"territory","p":82794,"type":183366},"Q15642541":{"code":15642541,"name":"human-geographic territorial entity","p":183366,"type":15642541},"Q5084":{"code":5084,"name":"hamlet","p":15617994,"type":5084},"Q3957":{"code":3957,"name":"town","p":98966309,"type":3957},"Q6266":{"code":6266,"name":"nation","p":659390,"type":6266},"Q8502":{"code":8502,"name":"mountain","p":106589819,"type":8502},"Q54050":{"code":54050,"name":"hill","p":106589819,"type":54050},"Q123705":{"code":123705,"name":"neighborhood","p":56061,"type":123705},"Q149621":{"code":149621,"name":"district","p":15617994,"type":149621},"Q193560":{"code":193560,"name":"districts of Israel","p":149621,"type":193560},"Q161387":{"code":161387,"name":"kibbutz","p":486972,"type":161387},"Q582706":{"code":582706,"name":"Israeli settlement","p":486972,"type":582706},"Q692581":{"code":692581,"name":"holy city","p":7930989,"type":692581},"Q839954":{"code":839954,"name":"archaeological site","p":1291195,"type":839954},"Q755017":{"code":755017,"name":"tell","p":839954,"type":755017},"Q902814":{"code":902814,"name":"border town","p":7930989,"type":902814},"Q917146":{"code":917146,"name":"moshav","p":486972,"type":917146},"Q1288520":{"code":1288520,"name":"local council in Israel","p":15617994,"type":1288520},"Q1048835":{"code":1048835,"name":"political territorial entity","p":56061,"type":1048835},"Q1501046":{"code":1501046,"name":"community settlement","p":486972,"type":1501046},"Q1549591":{"code":1549591,"name":"big city","p":98966309,"type":1549591},"Q1907114":{"code":1907114,"name":"metropolitan area","p":56061,"type":1907114},"Q15661340":{"code":15661340,"name":"ancient city","p":515,"type":15661340},"Q2202509":{"code":2202509,"name":"Roman city","p":15661340,"type":2202509},"Q2288374":{"code":2288374,"name":"Ma'abarot","p":486972,"type":2288374},"Q2989457":{"code":2989457,"name":"urban-type settlement","p":486972,"type":2989457},"Q3257686":{"code":3257686,"name":"locality","p":486972,"type":3257686},"Q12054099":{"code":12054099,"name":"neighborhood of Jerusalem","p":56061,"type":12054099},"Q12593969":{"code":12593969,"name":"patriarchate of the Catholic Church","p":1492823,"type":12593969},"Q15239622":{"code":15239622,"name":"disputed territory","p":183366,"type":15239622},"Q3624078":{"code":3624078,"name":"sovereign state","p":6256,"type":3624078},"Q1962175":{"code":1962175,"name":"Nahal settlement","p":486972,"type":1962175},"Q2983893":{"code":2983893,"name":"quarter","p":56061,"type":2983893},"Q3502482":{"code":3502482,"name":"cultural region","p":82794,"type":3502482},"Q3505887":{"code":3505887,"name":"city council","p":15284,"type":3505887},"Q21507948":{"code":21507948,"name":"former village","p":532,"type":21507948},"Q7886462":{"code":7886462,"name":"Moshav shitufi","p":15617994,"type":7886462},"Q11197007":{"code":11197007,"name":"ethnoreligious group","p":41710,"type":11197007},"Q21752084":{"code":21752084,"name":"Roman archaeological site","p":839954,"type":21752084},"Q22674925":{"code":22674925,"name":"former settlement","p":98966309,"type":22674925},"Q28790362":{"code":28790362,"name":"ethnic community","p":41710,"type":28790362},"Q50330360":{"code":50330360,"name":"second largest city","p":7930989,"type":50330360},"Q51576574":{"code":51576574,"name":"Mediterranean country","p":6256,"type":51576574},"Q51929311":{"code":51929311,"name":"largest city","p":7930989,"type":51929311},"Q107661781":{"code":107661781,"name":"Conquest Group","p":486972,"type":107661781},"Q108822950":{"code":108822950,"name":"Catholic Archieparchy","p":51041800,"type":108822950},"Q-3":{"code":-3,"name":"UNLINKED","p":3,"type":-3},"Q16917":{"code":16917,"name":"hospital (Q16917)","p":-3,"type":16917},"Q9259":{"code":9259,"name":"UNESCO World Heritage Site (Q9259)","p":-3,"type":9259},"Q133311":{"code":133311,"name":"tribe (Q133311)","p":-3,"type":133311},"Q189004":{"code":189004,"name":"college (Q189004)","p":-3,"type":189004},"Q269770":{"code":269770,"name":"boarding school (Q269770)","p":-3,"type":269770},"Q178706":{"code":178706,"name":"institution (Q178706)","p":-3,"type":178706},"Q75520":{"code":75520,"name":"plateau (Q75520)","p":-3,"type":75520},"Q655593":{"code":655593,"name":"emporia (Q655593)","p":-3,"type":655593},"Q756780":{"code":756780,"name":"colonia (Q756780)","p":-3,"type":756780},"Q1022469":{"code":1022469,"name":"regional council of Israel (Q1022469)","p":-3,"type":1022469},"Q1200957":{"code":1200957,"name":"tourist destination (Q1200957)","p":-3,"type":1200957},"Q1322161":{"code":1322161,"name":"Hesder (Q1322161)","p":-3,"type":1322161},"Q2096101":{"code":2096101,"name":"Ulpan (Q2096101)","p":-3,"type":2096101},"Q2373919":{"code":2373919,"name":"intentional community (Q2373919)","p":-3,"type":2373919},"Q2385804":{"code":2385804,"name":"educational institution (Q2385804)","p":-3,"type":2385804},"Q2472587":{"code":2472587,"name":"people (Q2472587)","p":-3,"type":2472587},"Q82799":{"code":82799,"name":"name (Q82799)","p":-3,"type":82799},"Q12950813":{"code":12950813,"name":"فلسطين (Q12950813)","p":-3,"type":12950813},"Q1969448":{"code":1969448,"name":"term (Q1969448)","p":-3,"type":1969448},"Q2907285":{"code":2907285,"name":"youth village (Q2907285)","p":-3,"type":2907285},"Q17524420":{"code":17524420,"name":"aspect of history (Q17524420)","p":-3,"type":17524420},"Q6573597":{"code":6573597,"name":"subdistrict of Israel (Q6573597)","p":-3,"type":6573597},"Q7309759":{"code":7309759,"name":"rehabilitation center (Q7309759)","p":-3,"type":7309759},"Q7691226":{"code":7691226,"name":"teacher training college (Q7691226)","p":-3,"type":7691226},"Q23828039":{"code":23828039,"name":"village/town/city in Lebanon (Q23828039)","p":-3,"type":23828039},"Q23983664":{"code":23983664,"name":"demographics of country or region (Q23983664)","p":-3,"type":23983664},"Q28521933":{"code":28521933,"name":"agricultural school (Q28521933)","p":-3,"type":28521933},"Q48996593":{"code":48996593,"name":"local council (Q48996593)","p":-3,"type":48996593},"Q62944360":{"code":62944360,"name":"country population (Q62944360)","p":-3,"type":62944360}}