{"Q3":{"code":3,"name":"ROOT","type":634},"Q24017414":{"code":24017414,"name":"MISC","p":3,"type":24017414},"Q183039":{"code":183039,"name":"COUNTRY","p":3,"type":183039},"Q486972":{"code":486972,"name":"settled","p":3,"type":486972},"Q2625603":{"code":2625603,"name":"population","p":3,"type":2625603},"Q51041800":{"code":51041800,"name":"religious","p":3,"type":51041800},"Q2221906":{"code":2221906,"name":"geo","p":3,"type":2221906},"Q25894868":{"code":25894868,"name":"place type","p":24017414,"type":25894868},"Q41710":{"code":41710,"name":"ethnic group","p":24017414,"type":41710},"Q23442":{"code":23442,"name":"island","p":25894868,"type":23442},"Q15617994":{"code":15617994,"name":"designation for an administrative territorial entity","p":24017414,"type":15617994},"Q6256":{"code":6256,"name":"country","p":183039,"type":6256},"Q515":{"code":515,"name":"city","p":486972,"type":515},"Q532":{"code":532,"name":"village","p":486972,"type":532},"Q15284":{"code":15284,"name":"municipality","p":486972,"type":15284},"Q98966309":{"code":98966309,"name":"classification of human settlements","p":486972,"type":98966309},"Q7930989":{"code":7930989,"name":"city or town","p":486972,"type":7930989},"Q33829":{"code":33829,"name":"human population","p":2625603,"type":33829},"Q20926517":{"code":20926517,"name":"religious administrative territorial entity","p":51041800,"type":20926517},"Q665487":{"code":665487,"name":"diocese","p":20926517,"type":665487},"Q618123":{"code":618123,"name":"geographical feature","p":2221906,"type":618123},"Q82794":{"code":82794,"name":"geographic region","p":618123,"type":82794},"Q4835091":{"code":4835091,"name":"territory","p":82794,"type":4835091},"Q3957":{"code":3957,"name":"town","p":98966309,"type":3957},"Q5084":{"code":5084,"name":"hamlet","p":15617994,"type":5084},"Q5119":{"code":5119,"name":"capital city","p":515,"type":5119},"Q768307":{"code":768307,"name":"municipality of Albania","p":15284,"type":768307},"Q902814":{"code":902814,"name":"border town","p":7930989,"type":902814},"Q1021711":{"code":1021711,"name":"seaside resort","p":486972,"type":1021711},"Q1402592":{"code":1402592,"name":"island group","p":82794,"type":1402592},"Q1414991":{"code":1414991,"name":"area","p":4835091,"type":1414991},"Q3624078":{"code":3624078,"name":"sovereign state","p":6256,"type":3624078},"Q2264924":{"code":2264924,"name":"port settlement","p":515,"type":2264924},"Q27554677":{"code":27554677,"name":"former capital","p":486972,"type":27554677},"Q28017630":{"code":28017630,"name":"administrative unit","p":768307,"type":28017630},"Q3146899":{"code":3146899,"name":"diocese of the Catholic Church","p":665487,"type":3146899},"Q3257686":{"code":3257686,"name":"locality","p":486972,"type":3257686},"Q1549591":{"code":1549591,"name":"big city","p":98966309,"type":1549591},"Q50330360":{"code":50330360,"name":"second largest city","p":7930989,"type":50330360},"Q-3":{"code":-3,"name":"UNLINKED","p":3,"type":-3},"Q123266":{"code":123266,"name":"district of Albania (Q123266)","p":-3,"type":123266},"Q1431554":{"code":1431554,"name":"apostolic administration (Q1431554)","p":-3,"type":1431554},"Q13226383":{"code":13226383,"name":"facility (Q13226383)","p":-3,"type":13226383},"Q104251":{"code":104251,"name":"county of Albania (Q104251)","p":-3,"type":104251},"Q1781058":{"code":1781058,"name":"bashkia (Q1781058)","p":-3,"type":1781058},"Q2008050":{"code":2008050,"name":"list of municipalities of Albania (Q2008050)","p":-3,"type":2008050},"Q81891719":{"code":81891719,"name":"troll farm (Q81891719)","p":-3,"type":81891719},"Q93342462":{"code":93342462,"name":"Ancient Greek archaeological site (Q93342462)","p":-3,"type":93342462},"Q105390172":{"code":105390172,"name":"Roman Catholic metropolitan archdiocese (Q105390172)","p":-3,"type":105390172}}