{"Q3":{"code":3,"name":"ROOT","type":634},"Q15893266":{"code":15893266,"name":"FORMER","p":3,"type":15893266},"Q24017414":{"code":24017414,"name":"MISC","p":3,"type":24017414},"Q183039":{"code":183039,"name":"COUNTRY","p":3,"type":183039},"Q56061":{"code":56061,"name":"admin","p":3,"type":56061},"Q486972":{"code":486972,"name":"settled","p":3,"type":486972},"Q51041800":{"code":51041800,"name":"religious","p":3,"type":51041800},"Q2221906":{"code":2221906,"name":"geo","p":3,"type":2221906},"Q19953632":{"code":19953632,"name":"former admin","p":15893266,"type":19953632},"Q41710":{"code":41710,"name":"ethnic group","p":24017414,"type":41710},"Q6256":{"code":6256,"name":"country","p":183039,"type":6256},"Q12076836":{"code":12076836,"name":"of a single country","p":56061,"type":12076836},"Q1799794":{"code":1799794,"name":"By level","p":56061,"type":1799794},"Q10864048":{"code":10864048,"name":"A1","p":1799794,"type":10864048},"Q515":{"code":515,"name":"city","p":486972,"type":515},"Q532":{"code":532,"name":"village","p":486972,"type":532},"Q15284":{"code":15284,"name":"municipality","p":486972,"type":15284},"Q98966309":{"code":98966309,"name":"classification of human settlements","p":486972,"type":98966309},"Q7930989":{"code":7930989,"name":"city or town","p":486972,"type":7930989},"Q20926517":{"code":20926517,"name":"religious administrative territorial entity","p":51041800,"type":20926517},"Q665487":{"code":665487,"name":"diocese","p":20926517,"type":665487},"Q618123":{"code":618123,"name":"geographical feature","p":2221906,"type":618123},"Q82794":{"code":82794,"name":"geographic region","p":618123,"type":82794},"Q183366":{"code":183366,"name":"territory","p":82794,"type":183366},"Q3957":{"code":3957,"name":"town","p":98966309,"type":3957},"Q5119":{"code":5119,"name":"capital city","p":515,"type":5119},"Q123705":{"code":123705,"name":"neighborhood","p":56061,"type":123705},"Q200250":{"code":200250,"name":"metropolis","p":486972,"type":200250},"Q270496":{"code":270496,"name":"administrative territorial entity of Pakistan","p":12076836,"type":270496},"Q902814":{"code":902814,"name":"border town","p":7930989,"type":902814},"Q1549591":{"code":1549591,"name":"big city","p":98966309,"type":1549591},"Q3146899":{"code":3146899,"name":"diocese of the Catholic Church","p":665487,"type":3146899},"Q3624078":{"code":3624078,"name":"sovereign state","p":6256,"type":3624078},"Q1637706":{"code":1637706,"name":"million city","p":1549591,"type":1637706},"Q11271835":{"code":11271835,"name":"state capital","p":5119,"type":11271835},"Q51929311":{"code":51929311,"name":"largest city","p":7930989,"type":51929311},"Q15058985":{"code":15058985,"name":"province of Pakistan","p":270496,"type":15058985},"Q15239622":{"code":15239622,"name":"disputed territory","p":183366,"type":15239622},"Q27554677":{"code":27554677,"name":"former capital","p":486972,"type":27554677},"Q50330360":{"code":50330360,"name":"second largest city","p":7930989,"type":50330360},"Q18670606":{"code":18670606,"name":"tehsil of Pakistan","p":270496,"type":18670606},"Q-3":{"code":-3,"name":"UNLINKED","p":3,"type":-3},"Q79007":{"code":79007,"name":"street (Q79007)","p":-3,"type":79007},"Q133311":{"code":133311,"name":"tribe (Q133311)","p":-3,"type":133311},"Q174844":{"code":174844,"name":"megacity (Q174844)","p":-3,"type":174844},"Q620225":{"code":620225,"name":"apostolic vicariate (Q620225)","p":-3,"type":620225},"Q2379075":{"code":2379075,"name":"district of Pakistan (Q2379075)","p":-3,"type":2379075},"Q2592651":{"code":2592651,"name":"union council of Pakistan (Q2592651)","p":-3,"type":2592651},"Q7694924":{"code":7694924,"name":"tehsil of Punjab, Pakistan (Q7694924)","p":-3,"type":7694924},"Q12932380":{"code":12932380,"name":"Hinduism of an area (Q12932380)","p":-3,"type":12932380},"Q105390172":{"code":105390172,"name":"Roman Catholic metropolitan archdiocese (Q105390172)","p":-3,"type":105390172},"Q16334295":{"code":16334295,"name":"group of humans (Q16334295)","p":-3,"type":16334295}}