{"Q3":{"code":3,"name":"ROOT","type":634},"Q15893266":{"code":15893266,"name":"FORMER","p":3,"type":15893266},"Q24017414":{"code":24017414,"name":"MISC","p":3,"type":24017414},"Q183039":{"code":183039,"name":"COUNTRY","p":3,"type":183039},"Q56061":{"code":56061,"name":"admin","p":3,"type":56061},"Q486972":{"code":486972,"name":"settled","p":3,"type":486972},"Q51041800":{"code":51041800,"name":"religious","p":3,"type":51041800},"Q659390":{"code":659390,"name":"construct","p":3,"type":659390},"Q2221906":{"code":2221906,"name":"geo","p":3,"type":2221906},"Q19953632":{"code":19953632,"name":"former admin","p":15893266,"type":19953632},"Q25894868":{"code":25894868,"name":"place type","p":24017414,"type":25894868},"Q23442":{"code":23442,"name":"island","p":25894868,"type":23442},"Q113489728":{"code":113489728,"name":"OECD country","p":183039,"type":113489728},"Q6256":{"code":6256,"name":"country","p":183039,"type":6256},"Q1799794":{"code":1799794,"name":"By level","p":56061,"type":1799794},"Q10864048":{"code":10864048,"name":"A1","p":1799794,"type":10864048},"Q13220204":{"code":13220204,"name":"A2","p":1799794,"type":13220204},"Q515":{"code":515,"name":"city","p":486972,"type":515},"Q532":{"code":532,"name":"village","p":486972,"type":532},"Q15284":{"code":15284,"name":"municipality","p":486972,"type":15284},"Q98966309":{"code":98966309,"name":"classification of human settlements","p":486972,"type":98966309},"Q7930989":{"code":7930989,"name":"city or town","p":486972,"type":7930989},"Q20926517":{"code":20926517,"name":"religious administrative territorial entity","p":51041800,"type":20926517},"Q665487":{"code":665487,"name":"diocese","p":20926517,"type":665487},"Q471855":{"code":471855,"name":"jurisdiction","p":659390,"type":471855},"Q2665272":{"code":2665272,"name":"Ecclesiastical circumscription immediately subject to the Holy See","p":471855,"type":2665272},"Q618123":{"code":618123,"name":"geographical feature","p":2221906,"type":618123},"Q82794":{"code":82794,"name":"geographic region","p":618123,"type":82794},"Q205895":{"code":205895,"name":"landmass","p":82794,"type":205895},"Q3957":{"code":3957,"name":"town","p":98966309,"type":3957},"Q5119":{"code":5119,"name":"capital city","p":515,"type":5119},"Q33837":{"code":33837,"name":"archipelago","p":205895,"type":33837},"Q34763":{"code":34763,"name":"peninsula","p":205895,"type":34763},"Q112099":{"code":112099,"name":"island nation","p":6256,"type":112099},"Q473972":{"code":473972,"name":"protected area","p":56061,"type":473972},"Q179049":{"code":179049,"name":"nature reserve","p":473972,"type":179049},"Q181307":{"code":181307,"name":"lieu-dit","p":618123,"type":181307},"Q1549591":{"code":1549591,"name":"big city","p":98966309,"type":1549591},"Q1970725":{"code":1970725,"name":"natural region","p":82794,"type":1970725},"Q2264924":{"code":2264924,"name":"port settlement","p":515,"type":2264924},"Q3146899":{"code":3146899,"name":"diocese of the Catholic Church","p":665487,"type":3146899},"Q3624078":{"code":3624078,"name":"sovereign state","p":6256,"type":3624078},"Q19730508":{"code":19730508,"name":"former municipality","p":15284,"type":19730508},"Q488416":{"code":488416,"name":"lava field","p":2221906,"type":488416},"Q50330360":{"code":50330360,"name":"second largest city","p":7930989,"type":50330360},"Q51929311":{"code":51929311,"name":"largest city","p":7930989,"type":51929311},"Q107024302":{"code":107024302,"name":"county of Iceland","p":19953632,"type":107024302},"Q955655":{"code":955655,"name":"municipality of Iceland","p":15284,"type":955655},"Q107141943":{"code":107141943,"name":"former municipality of Iceland","p":955655,"type":107141943},"Q555937":{"code":555937,"name":"tidal island","p":23442,"type":555937},"Q572975":{"code":572975,"name":"opština","p":56061,"type":572975},"Q-3":{"code":-3,"name":"UNLINKED","p":3,"type":-3},"Q45776":{"code":45776,"name":"fjord (Q45776)","p":-3,"type":45776},"Q1404150":{"code":1404150,"name":"rock (Q1404150)","p":-3,"type":1404150},"Q184358":{"code":184358,"name":"reef (Q184358)","p":-3,"type":184358},"Q295472":{"code":295472,"name":"ecovillage (Q295472)","p":-3,"type":295472},"Q10952782":{"code":10952782,"name":"Álagablettur (Q10952782)","p":-3,"type":10952782},"Q503269":{"code":503269,"name":"seamount (Q503269)","p":-3,"type":503269},"Q34984790":{"code":34984790,"name":"district of Reykjavík (Q34984790)","p":-3,"type":34984790},"Q670772":{"code":670772,"name":"outwash plain (Q670772)","p":-3,"type":670772},"Q747957":{"code":747957,"name":"stack (Q747957)","p":-3,"type":747957},"Q842100":{"code":842100,"name":"region of Iceland (Q842100)","p":-3,"type":842100}}