{"Q3":{"code":3,"name":"ROOT","type":634},"Q15893266":{"code":15893266,"name":"FORMER","p":3,"type":15893266},"Q24017414":{"code":24017414,"name":"MISC","p":3,"type":24017414},"Q183039":{"code":183039,"name":"COUNTRY","p":3,"type":183039},"Q56061":{"code":56061,"name":"admin","p":3,"type":56061},"Q486972":{"code":486972,"name":"settled","p":3,"type":486972},"Q2625603":{"code":2625603,"name":"population","p":3,"type":2625603},"Q51041800":{"code":51041800,"name":"religious","p":3,"type":51041800},"Q659390":{"code":659390,"name":"construct","p":3,"type":659390},"Q104098715":{"code":104098715,"name":"territorial entity type","p":3,"type":104098715},"Q2221906":{"code":2221906,"name":"geo","p":3,"type":2221906},"Q19953632":{"code":19953632,"name":"former admin","p":15893266,"type":19953632},"Q5962346":{"code":5962346,"name":"classification system","p":24017414,"type":5962346},"Q11834037":{"code":11834037,"name":"physico-geographical regionalization","p":5962346,"type":11834037},"Q25894868":{"code":25894868,"name":"place type","p":24017414,"type":25894868},"Q41710":{"code":41710,"name":"ethnic group","p":24017414,"type":41710},"Q23442":{"code":23442,"name":"island","p":25894868,"type":23442},"Q15617994":{"code":15617994,"name":"designation for an administrative territorial entity","p":24017414,"type":15617994},"Q111972893":{"code":111972893,"name":"type of structure","p":24017414,"type":111972893},"Q811979":{"code":811979,"name":"architectural structure","p":111972893,"type":811979},"Q41176":{"code":41176,"name":"building","p":811979,"type":41176},"Q96084375":{"code":96084375,"name":"former building or structure","p":41176,"type":96084375},"Q12292478":{"code":12292478,"name":"estate","p":811979,"type":12292478},"Q875157":{"code":875157,"name":"resort","p":12292478,"type":875157},"Q699405":{"code":699405,"name":"residence","p":811979,"type":699405},"Q5890494":{"code":5890494,"name":"homestead","p":699405,"type":5890494},"Q11755880":{"code":11755880,"name":"residential building","p":699405,"type":11755880},"Q113489728":{"code":113489728,"name":"OECD country","p":183039,"type":113489728},"Q1307214":{"code":1307214,"name":"form of government","p":183039,"type":1307214},"Q6256":{"code":6256,"name":"country","p":183039,"type":6256},"Q171308":{"code":171308,"name":"oblast","p":56061,"type":171308},"Q15621274":{"code":15621274,"name":"enclave or exclave","p":56061,"type":15621274},"Q3024240":{"code":3024240,"name":"historical country","p":19953632,"type":3024240},"Q12076836":{"code":12076836,"name":"of a single country","p":56061,"type":12076836},"Q2520520":{"code":2520520,"name":"administrative territorial entity of Hungary","p":12076836,"type":2520520},"Q697379":{"code":697379,"name":"administrative territorial entity of Romania","p":12076836,"type":697379},"Q15620181":{"code":15620181,"name":"administrative territorial entity of Estonia","p":12076836,"type":15620181},"Q1799794":{"code":1799794,"name":"By level","p":56061,"type":1799794},"Q788176":{"code":788176,"name":"autonomous administrative territorial entity","p":56061,"type":788176},"Q10864048":{"code":10864048,"name":"A1","p":1799794,"type":10864048},"Q13220204":{"code":13220204,"name":"A2","p":1799794,"type":13220204},"Q13221722":{"code":13221722,"name":"A3","p":1799794,"type":13221722},"Q14757767":{"code":14757767,"name":"A4","p":1799794,"type":14757767},"Q4976993":{"code":4976993,"name":"civil parish","p":14757767,"type":4976993},"Q7275":{"code":7275,"name":"state","p":56061,"type":7275},"Q702492":{"code":702492,"name":"urban area","p":486972,"type":702492},"Q515":{"code":515,"name":"city","p":486972,"type":515},"Q532":{"code":532,"name":"village","p":486972,"type":532},"Q618299":{"code":618299,"name":"settlement","p":486972,"type":618299},"Q15284":{"code":15284,"name":"municipality","p":486972,"type":15284},"Q15253706":{"code":15253706,"name":"like a city","p":486972,"type":15253706},"Q244793":{"code":244793,"name":"twin cities","p":486972,"type":244793},"Q676050":{"code":676050,"name":"old town","p":486972,"type":676050},"Q1782540":{"code":1782540,"name":"railway town","p":486972,"type":1782540},"Q98966309":{"code":98966309,"name":"classification of human settlements","p":486972,"type":98966309},"Q7930989":{"code":7930989,"name":"city or town","p":486972,"type":7930989},"Q33829":{"code":33829,"name":"human population","p":2625603,"type":33829},"Q1492823":{"code":1492823,"name":"ecclesiastical district","p":51041800,"type":1492823},"Q20926517":{"code":20926517,"name":"religious administrative territorial entity","p":51041800,"type":20926517},"Q665487":{"code":665487,"name":"diocese","p":20926517,"type":665487},"Q471855":{"code":471855,"name":"jurisdiction","p":659390,"type":471855},"Q2665272":{"code":2665272,"name":"Ecclesiastical circumscription immediately subject to the Holy See","p":471855,"type":2665272},"Q618123":{"code":618123,"name":"geographical feature","p":2221906,"type":618123},"Q1291195":{"code":1291195,"name":"place of discovery","p":618123,"type":1291195},"Q82794":{"code":82794,"name":"geographic region","p":618123,"type":82794},"Q106589819":{"code":106589819,"name":"elevation","p":618123,"type":106589819},"Q74817647":{"code":74817647,"name":"aspect in a geographic region","p":82794,"type":74817647},"Q205895":{"code":205895,"name":"landmass","p":82794,"type":205895},"Q183366":{"code":183366,"name":"territory","p":82794,"type":183366},"Q4835091":{"code":4835091,"name":"territory","p":82794,"type":4835091},"Q15642541":{"code":15642541,"name":"human-geographic territorial entity","p":183366,"type":15642541},"Q3957":{"code":3957,"name":"town","p":98966309,"type":3957},"Q5119":{"code":5119,"name":"capital city","p":515,"type":5119},"Q33837":{"code":33837,"name":"archipelago","p":205895,"type":33837},"Q473972":{"code":473972,"name":"protected area","p":56061,"type":473972},"Q179049":{"code":179049,"name":"nature reserve","p":473972,"type":179049},"Q181307":{"code":181307,"name":"lieu-dit","p":618123,"type":181307},"Q1970725":{"code":1970725,"name":"natural region","p":82794,"type":1970725},"Q34763":{"code":34763,"name":"peninsula","p":205895,"type":34763},"Q555937":{"code":555937,"name":"tidal island","p":23442,"type":555937},"Q572975":{"code":572975,"name":"opština","p":56061,"type":572975},"Q1549591":{"code":1549591,"name":"big city","p":98966309,"type":1549591},"Q955655":{"code":955655,"name":"municipality of Iceland","p":15284,"type":955655},"Q2264924":{"code":2264924,"name":"port settlement","p":515,"type":2264924},"Q19730508":{"code":19730508,"name":"former municipality","p":15284,"type":19730508},"Q50330360":{"code":50330360,"name":"second largest city","p":7930989,"type":50330360},"Q3146899":{"code":3146899,"name":"diocese of the Catholic Church","p":665487,"type":3146899},"Q3624078":{"code":3624078,"name":"sovereign state","p":6256,"type":3624078},"Q112099":{"code":112099,"name":"island nation","p":6256,"type":112099},"Q51929311":{"code":51929311,"name":"largest city","p":7930989,"type":51929311},"Q107024302":{"code":107024302,"name":"county of Iceland","p":19953632,"type":107024302},"Q107141943":{"code":107141943,"name":"former municipality of Iceland","p":955655,"type":107141943},"Q488416":{"code":488416,"name":"lava field","p":2221906,"type":488416},"Q-1":{"code":-1,"name":"INVALID","p":3,"type":-1},"Q8502":{"code":8502,"name":"mountain (Q8502)","p":-1,"type":8502},"Q8514":{"code":8514,"name":"desert (Q8514)","p":-1,"type":8514},"Q15324":{"code":15324,"name":"body of water (Q15324)","p":-1,"type":15324},"Q36192":{"code":36192,"name":"folklore (Q36192)","p":-1,"type":36192},"Q271669":{"code":271669,"name":"landform (Q271669)","p":-1,"type":271669},"Q1048835":{"code":1048835,"name":"political territorial entity (Q1048835)","p":-1,"type":1048835},"Q1143175":{"code":1143175,"name":"administrative division of Iceland (Q1143175)","p":-1,"type":1143175},"Q2373919":{"code":2373919,"name":"intentional community (Q2373919)","p":-1,"type":2373919},"Q19817101":{"code":19817101,"name":"coastal landform (Q19817101)","p":-1,"type":19817101},"Q60029820":{"code":60029820,"name":"FFH-Habitat (Q60029820)","p":-1,"type":60029820},"Q-3":{"code":-3,"name":"UNLINKED","p":3,"type":-3},"Q670772":{"code":670772,"name":"outwash plain (Q670772)","p":-3,"type":670772},"Q1404150":{"code":1404150,"name":"rock (Q1404150)","p":-3,"type":1404150},"Q45776":{"code":45776,"name":"fjord (Q45776)","p":-3,"type":45776},"Q747957":{"code":747957,"name":"stack (Q747957)","p":-3,"type":747957},"Q842100":{"code":842100,"name":"region of Iceland (Q842100)","p":-3,"type":842100},"Q184358":{"code":184358,"name":"reef (Q184358)","p":-3,"type":184358},"Q295472":{"code":295472,"name":"ecovillage (Q295472)","p":-3,"type":295472},"Q34984790":{"code":34984790,"name":"district of Reykjavík (Q34984790)","p":-3,"type":34984790},"Q503269":{"code":503269,"name":"seamount (Q503269)","p":-3,"type":503269},"Q10952782":{"code":10952782,"name":"Álagablettur (Q10952782)","p":-3,"type":10952782}}