{"Q3":{"code":3,"name":"ROOT","type":634},"Q15893266":{"code":15893266,"name":"FORMER","p":3,"type":15893266},"Q24017414":{"code":24017414,"name":"MISC","p":3,"type":24017414},"Q183039":{"code":183039,"name":"COUNTRY","p":3,"type":183039},"Q56061":{"code":56061,"name":"admin","p":3,"type":56061},"Q486972":{"code":486972,"name":"settled","p":3,"type":486972},"Q2625603":{"code":2625603,"name":"population","p":3,"type":2625603},"Q51041800":{"code":51041800,"name":"religious","p":3,"type":51041800},"Q659390":{"code":659390,"name":"construct","p":3,"type":659390},"Q104098715":{"code":104098715,"name":"territorial entity type","p":3,"type":104098715},"Q2221906":{"code":2221906,"name":"geo","p":3,"type":2221906},"Q19953632":{"code":19953632,"name":"former admin","p":15893266,"type":19953632},"Q5962346":{"code":5962346,"name":"classification system","p":24017414,"type":5962346},"Q11834037":{"code":11834037,"name":"physico-geographical regionalization","p":5962346,"type":11834037},"Q25894868":{"code":25894868,"name":"place type","p":24017414,"type":25894868},"Q41710":{"code":41710,"name":"ethnic group","p":24017414,"type":41710},"Q23442":{"code":23442,"name":"island","p":25894868,"type":23442},"Q15617994":{"code":15617994,"name":"designation for an administrative territorial entity","p":24017414,"type":15617994},"Q111972893":{"code":111972893,"name":"type of structure","p":24017414,"type":111972893},"Q811979":{"code":811979,"name":"architectural structure","p":111972893,"type":811979},"Q41176":{"code":41176,"name":"building","p":811979,"type":41176},"Q96084375":{"code":96084375,"name":"former building or structure","p":41176,"type":96084375},"Q12292478":{"code":12292478,"name":"estate","p":811979,"type":12292478},"Q875157":{"code":875157,"name":"resort","p":12292478,"type":875157},"Q699405":{"code":699405,"name":"residence","p":811979,"type":699405},"Q5890494":{"code":5890494,"name":"homestead","p":699405,"type":5890494},"Q11755880":{"code":11755880,"name":"residential building","p":699405,"type":11755880},"Q113489728":{"code":113489728,"name":"OECD country","p":183039,"type":113489728},"Q1307214":{"code":1307214,"name":"form of government","p":183039,"type":1307214},"Q6256":{"code":6256,"name":"country","p":183039,"type":6256},"Q171308":{"code":171308,"name":"oblast","p":56061,"type":171308},"Q15621274":{"code":15621274,"name":"enclave or exclave","p":56061,"type":15621274},"Q3024240":{"code":3024240,"name":"historical country","p":19953632,"type":3024240},"Q12076836":{"code":12076836,"name":"of a single country","p":56061,"type":12076836},"Q2520520":{"code":2520520,"name":"administrative territorial entity of Hungary","p":12076836,"type":2520520},"Q697379":{"code":697379,"name":"administrative territorial entity of Romania","p":12076836,"type":697379},"Q15620181":{"code":15620181,"name":"administrative territorial entity of Estonia","p":12076836,"type":15620181},"Q1799794":{"code":1799794,"name":"By level","p":56061,"type":1799794},"Q788176":{"code":788176,"name":"autonomous administrative territorial entity","p":56061,"type":788176},"Q10864048":{"code":10864048,"name":"A1","p":1799794,"type":10864048},"Q13220204":{"code":13220204,"name":"A2","p":1799794,"type":13220204},"Q13221722":{"code":13221722,"name":"A3","p":1799794,"type":13221722},"Q14757767":{"code":14757767,"name":"A4","p":1799794,"type":14757767},"Q4976993":{"code":4976993,"name":"civil parish","p":14757767,"type":4976993},"Q7275":{"code":7275,"name":"state","p":56061,"type":7275},"Q702492":{"code":702492,"name":"urban area","p":486972,"type":702492},"Q515":{"code":515,"name":"city","p":486972,"type":515},"Q532":{"code":532,"name":"village","p":486972,"type":532},"Q618299":{"code":618299,"name":"settlement","p":486972,"type":618299},"Q15284":{"code":15284,"name":"municipality","p":486972,"type":15284},"Q15253706":{"code":15253706,"name":"like a city","p":486972,"type":15253706},"Q244793":{"code":244793,"name":"twin cities","p":486972,"type":244793},"Q676050":{"code":676050,"name":"old town","p":486972,"type":676050},"Q1782540":{"code":1782540,"name":"railway town","p":486972,"type":1782540},"Q98966309":{"code":98966309,"name":"classification of human settlements","p":486972,"type":98966309},"Q7930989":{"code":7930989,"name":"city or town","p":486972,"type":7930989},"Q33829":{"code":33829,"name":"human population","p":2625603,"type":33829},"Q1492823":{"code":1492823,"name":"ecclesiastical district","p":51041800,"type":1492823},"Q20926517":{"code":20926517,"name":"religious administrative territorial entity","p":51041800,"type":20926517},"Q665487":{"code":665487,"name":"diocese","p":20926517,"type":665487},"Q471855":{"code":471855,"name":"jurisdiction","p":659390,"type":471855},"Q2665272":{"code":2665272,"name":"Ecclesiastical circumscription immediately subject to the Holy See","p":471855,"type":2665272},"Q618123":{"code":618123,"name":"geographical feature","p":2221906,"type":618123},"Q1291195":{"code":1291195,"name":"place of discovery","p":618123,"type":1291195},"Q82794":{"code":82794,"name":"geographic region","p":618123,"type":82794},"Q106589819":{"code":106589819,"name":"elevation","p":618123,"type":106589819},"Q74817647":{"code":74817647,"name":"aspect in a geographic region","p":82794,"type":74817647},"Q205895":{"code":205895,"name":"landmass","p":82794,"type":205895},"Q183366":{"code":183366,"name":"territory","p":82794,"type":183366},"Q4835091":{"code":4835091,"name":"territory","p":82794,"type":4835091},"Q15642541":{"code":15642541,"name":"human-geographic territorial entity","p":183366,"type":15642541},"Q3957":{"code":3957,"name":"town","p":98966309,"type":3957},"Q5084":{"code":5084,"name":"hamlet","p":15617994,"type":5084},"Q5119":{"code":5119,"name":"capital city","p":515,"type":5119},"Q6266":{"code":6266,"name":"nation","p":659390,"type":6266},"Q13691":{"code":13691,"name":"artificial island","p":23442,"type":13691},"Q34763":{"code":34763,"name":"peninsula","p":205895,"type":34763},"Q130003":{"code":130003,"name":"ski resort","p":486972,"type":130003},"Q133442":{"code":133442,"name":"city-state","p":515,"type":133442},"Q123705":{"code":123705,"name":"neighborhood","p":486972,"type":123705},"Q171441":{"code":171441,"name":"enclave","p":15621274,"type":171441},"Q317548":{"code":317548,"name":"resort town","p":3957,"type":317548},"Q537250":{"code":537250,"name":"federal city","p":515,"type":537250},"Q1187811":{"code":1187811,"name":"college town","p":515,"type":1187811},"Q1306755":{"code":1306755,"name":"administrative centre","p":2221906,"type":1306755},"Q1549591":{"code":1549591,"name":"big city","p":98966309,"type":1549591},"Q1778235":{"code":1778235,"name":"territorial abbey","p":1492823,"type":1778235},"Q159313":{"code":159313,"name":"urban agglomeration","p":702492,"type":159313},"Q162602":{"code":162602,"name":"river island","p":23442,"type":162602},"Q253019":{"code":253019,"name":"Ortsteil","p":123705,"type":253019},"Q14770218":{"code":14770218,"name":"cantonal capital of Switzerland","p":1306755,"type":14770218},"Q3146899":{"code":3146899,"name":"diocese of the Catholic Church","p":665487,"type":3146899},"Q581830":{"code":581830,"name":"carfree city","p":486972,"type":581830},"Q3927250":{"code":3927250,"name":"quarter of the city of Lugano","p":123705,"type":3927250},"Q839954":{"code":839954,"name":"archaeological site","p":1291195,"type":839954},"Q902814":{"code":902814,"name":"border town","p":7930989,"type":902814},"Q933394":{"code":933394,"name":"exclave","p":15621274,"type":933394},"Q3257686":{"code":3257686,"name":"locality","p":486972,"type":3257686},"Q3624078":{"code":3624078,"name":"sovereign state","p":6256,"type":3624078},"Q19644586":{"code":19644586,"name":"statistical neighborhood of Zürich","p":123705,"type":19644586},"Q19730508":{"code":19730508,"name":"former municipality","p":15284,"type":19730508},"Q27554677":{"code":27554677,"name":"former capital","p":486972,"type":27554677},"Q28539166":{"code":28539166,"name":"quarter of the city of Basel, Switzerland","p":123705,"type":28539166},"Q50330360":{"code":50330360,"name":"second largest city","p":7930989,"type":50330360},"Q51929311":{"code":51929311,"name":"largest city","p":7930989,"type":51929311},"Q54935504":{"code":54935504,"name":"city of Switzerland","p":515,"type":54935504},"Q67123843":{"code":67123843,"name":"town divided by border","p":244793,"type":67123843},"Q105388829":{"code":105388829,"name":"Latin Catholic diocese","p":20926517,"type":105388829},"Q-1":{"code":-1,"name":"INVALID","p":3,"type":-1},"Q-2":{"code":-2,"name":"EXCLUDED","p":3,"type":-2},"Q22698":{"code":22698,"name":"park (Q22698)","p":-1,"type":22698},"Q107390":{"code":107390,"name":"federated state (Q107390)","p":-1,"type":107390},"Q149621":{"code":149621,"name":"district (Q149621)","p":-1,"type":149621},"Q151885":{"code":151885,"name":"concept (Q151885)","p":-1,"type":151885},"Q192611":{"code":192611,"name":"electoral district (Q192611)","p":-1,"type":192611},"Q699386":{"code":699386,"name":"statutory corporation (Q699386)","p":-1,"type":699386},"Q874405":{"code":874405,"name":"social group (Q874405)","p":-1,"type":874405},"Q937228":{"code":937228,"name":"property (Q937228)","p":-1,"type":937228},"Q1370598":{"code":1370598,"name":"structure of worship (Q1370598)","p":-1,"type":1370598},"Q2101494":{"code":2101494,"name":"municipality types in Switzerland (Q2101494)","p":-1,"type":2101494},"Q2135465":{"code":2135465,"name":"legal concept (Q2135465)","p":-1,"type":2135465},"Q2983893":{"code":2983893,"name":"quarter (Q2983893)","p":-1,"type":2983893},"Q3702971":{"code":3702971,"name":"personal data (Q3702971)","p":-2,"type":3702971},"Q6044472":{"code":6044472,"name":"intentional living (Q6044472)","p":-1,"type":6044472},"Q7631098":{"code":7631098,"name":"administrative territorial entity of the canton of Bern (Q7631098)","p":-1,"type":7631098},"Q12812139":{"code":12812139,"name":"technical term (Q12812139)","p":-1,"type":12812139},"Q13406463":{"code":13406463,"name":"Wikimedia list article (Q13406463)","p":-1,"type":13406463},"Q15700808":{"code":15700808,"name":"urban unit definition (Q15700808)","p":-1,"type":15700808},"Q15709883":{"code":15709883,"name":"statistical definition (Q15709883)","p":-1,"type":15709883},"Q17297280":{"code":17297280,"name":"administrative territorial entity of the canton of Zürich (Q17297280)","p":-1,"type":17297280},"Q-3":{"code":-3,"name":"UNLINKED","p":3,"type":-3},"Q22746":{"code":22746,"name":"urban park (Q22746)","p":-3,"type":22746},"Q23058":{"code":23058,"name":"cantons of Switzerland (Q23058)","p":-3,"type":23058},"Q44613":{"code":44613,"name":"monastery (Q44613)","p":-3,"type":44613},"Q70208":{"code":70208,"name":"municipality of Switzerland (Q70208)","p":-3,"type":70208},"Q2864107":{"code":2864107,"name":"administrative district of the canton of Bern (Q2864107)","p":-3,"type":2864107},"Q231002":{"code":231002,"name":"nationality (Q231002)","p":-3,"type":231002},"Q15042037":{"code":15042037,"name":"statistical territorial entity (Q15042037)","p":-3,"type":15042037},"Q174782":{"code":174782,"name":"square (Q174782)","p":-3,"type":174782},"Q188509":{"code":188509,"name":"suburb (Q188509)","p":-3,"type":188509},"Q2742167":{"code":2742167,"name":"religious community (Q2742167)","p":-3,"type":2742167},"Q3032116":{"code":3032116,"name":"district of the canton of Aargau (Q3032116)","p":-3,"type":3032116},"Q3032122":{"code":3032122,"name":"district of the canton of Fribourg (Q3032122)","p":-3,"type":3032122},"Q3032132":{"code":3032132,"name":"district of the canton of Vaud (Q3032132)","p":-3,"type":3032132},"Q3777387":{"code":3777387,"name":"former district of the canton of Bern (Q3777387)","p":-3,"type":3777387},"Q662914":{"code":662914,"name":"district in Switzerland (Q662914)","p":-3,"type":662914},"Q674546":{"code":674546,"name":"administrative territorial entity of the city of Zurich (Q674546)","p":-3,"type":674546},"Q685309":{"code":685309,"name":"former municipality of Switzerland (Q685309)","p":-3,"type":685309},"Q817056":{"code":817056,"name":"benedictine abbey (Q817056)","p":-3,"type":817056},"Q2373919":{"code":2373919,"name":"intentional community (Q2373919)","p":-3,"type":2373919},"Q2472587":{"code":2472587,"name":"people (Q2472587)","p":-3,"type":2472587},"Q15644465":{"code":15644465,"name":"district of the canton of Zürich (Q15644465)","p":-3,"type":15644465},"Q17276572":{"code":17276572,"name":"constituency of the canton of St. Gallen (Q17276572)","p":-3,"type":17276572},"Q17277414":{"code":17277414,"name":"administrative region of the canton of Berne (Q17277414)","p":-3,"type":17277414},"Q19644409":{"code":19644409,"name":"Kreis (city of Zürich) (Q19644409)","p":-3,"type":19644409},"Q56293109":{"code":56293109,"name":"Civic community (Q56293109)","p":-3,"type":56293109},"Q64340649":{"code":64340649,"name":"statistical neighborhood of Winterthur (Q64340649)","p":-3,"type":64340649}}