{"Q3":{"code":3,"name":"ROOT","type":634},"Q15893266":{"code":15893266,"name":"FORMER","p":3,"type":15893266},"Q24017414":{"code":24017414,"name":"MISC","p":3,"type":24017414},"Q183039":{"code":183039,"name":"COUNTRY","p":3,"type":183039},"Q56061":{"code":56061,"name":"admin","p":3,"type":56061},"Q486972":{"code":486972,"name":"settled","p":3,"type":486972},"Q2221906":{"code":2221906,"name":"geo","p":3,"type":2221906},"Q19953632":{"code":19953632,"name":"former admin","p":15893266,"type":19953632},"Q25894868":{"code":25894868,"name":"place type","p":24017414,"type":25894868},"Q41710":{"code":41710,"name":"ethnic group","p":24017414,"type":41710},"Q23442":{"code":23442,"name":"island","p":25894868,"type":23442},"Q15617994":{"code":15617994,"name":"designation for an administrative territorial entity","p":24017414,"type":15617994},"Q1307214":{"code":1307214,"name":"form of government","p":183039,"type":1307214},"Q6256":{"code":6256,"name":"country","p":183039,"type":6256},"Q3024240":{"code":3024240,"name":"historical country","p":19953632,"type":3024240},"Q12076836":{"code":12076836,"name":"of a single country","p":56061,"type":12076836},"Q515":{"code":515,"name":"city","p":486972,"type":515},"Q532":{"code":532,"name":"village","p":486972,"type":532},"Q98966309":{"code":98966309,"name":"classification of human settlements","p":486972,"type":98966309},"Q7930989":{"code":7930989,"name":"city or town","p":486972,"type":7930989},"Q618123":{"code":618123,"name":"geographical feature","p":2221906,"type":618123},"Q1291195":{"code":1291195,"name":"place of discovery","p":618123,"type":1291195},"Q82794":{"code":82794,"name":"geographic region","p":618123,"type":82794},"Q205895":{"code":205895,"name":"landmass","p":82794,"type":205895},"Q3957":{"code":3957,"name":"town","p":98966309,"type":3957},"Q5119":{"code":5119,"name":"capital city","p":515,"type":5119},"Q34763":{"code":34763,"name":"peninsula","p":205895,"type":34763},"Q189898":{"code":189898,"name":"emirate","p":1307214,"type":189898},"Q692581":{"code":692581,"name":"holy city","p":7930989,"type":692581},"Q839954":{"code":839954,"name":"archaeological site","p":1291195,"type":839954},"Q902814":{"code":902814,"name":"border town","p":7930989,"type":902814},"Q1549591":{"code":1549591,"name":"big city","p":98966309,"type":1549591},"Q2264924":{"code":2264924,"name":"port settlement","p":515,"type":2264924},"Q1798622":{"code":1798622,"name":"governorate","p":15617994,"type":1798622},"Q3257686":{"code":3257686,"name":"locality","p":486972,"type":3257686},"Q3502482":{"code":3502482,"name":"cultural region","p":82794,"type":3502482},"Q1637706":{"code":1637706,"name":"million city","p":1549591,"type":1637706},"Q3624078":{"code":3624078,"name":"sovereign state","p":6256,"type":3624078},"Q15623255":{"code":15623255,"name":"administrative territorial entity of Saudi Arabia","p":12076836,"type":15623255},"Q15728204":{"code":15728204,"name":"province of Saudi Arabia","p":15617994,"type":15728204},"Q23827464":{"code":23827464,"name":"centre of Saudi Arabia","p":15617994,"type":23827464},"Q50330360":{"code":50330360,"name":"second largest city","p":7930989,"type":50330360},"Q-3":{"code":-3,"name":"UNLINKED","p":3,"type":-3},"Q43742":{"code":43742,"name":"oasis (Q43742)","p":-3,"type":43742},"Q75848":{"code":75848,"name":"gated community (Q75848)","p":-3,"type":75848},"Q417175":{"code":417175,"name":"kingdom (Q417175)","p":-3,"type":417175},"Q570116":{"code":570116,"name":"tourist attraction (Q570116)","p":-3,"type":570116},"Q1078001":{"code":1078001,"name":"territorial dispute (Q1078001)","p":-3,"type":1078001},"Q66661665":{"code":66661665,"name":"governorate of Saudi Arabia (Q66661665)","p":-3,"type":66661665},"Q108800512":{"code":108800512,"name":"community of Saudi Arabia (Q108800512)","p":-3,"type":108800512}}