{"Q3":{"code":3,"name":"ROOT","type":634},"Q24017414":{"code":24017414,"name":"MISC","p":3,"type":24017414},"Q183039":{"code":183039,"name":"COUNTRY","p":3,"type":183039},"Q56061":{"code":56061,"name":"admin","p":3,"type":56061},"Q486972":{"code":486972,"name":"settled","p":3,"type":486972},"Q2625603":{"code":2625603,"name":"population","p":3,"type":2625603},"Q51041800":{"code":51041800,"name":"religious","p":3,"type":51041800},"Q2221906":{"code":2221906,"name":"geo","p":3,"type":2221906},"Q41710":{"code":41710,"name":"ethnic group","p":24017414,"type":41710},"Q111972893":{"code":111972893,"name":"type of structure","p":24017414,"type":111972893},"Q811979":{"code":811979,"name":"architectural structure","p":111972893,"type":811979},"Q12292478":{"code":12292478,"name":"estate","p":811979,"type":12292478},"Q875157":{"code":875157,"name":"resort","p":12292478,"type":875157},"Q6256":{"code":6256,"name":"country","p":183039,"type":6256},"Q1799794":{"code":1799794,"name":"By level","p":56061,"type":1799794},"Q10864048":{"code":10864048,"name":"A1","p":1799794,"type":10864048},"Q515":{"code":515,"name":"city","p":486972,"type":515},"Q532":{"code":532,"name":"village","p":486972,"type":532},"Q15284":{"code":15284,"name":"municipality","p":486972,"type":15284},"Q98966309":{"code":98966309,"name":"classification of human settlements","p":486972,"type":98966309},"Q7930989":{"code":7930989,"name":"city or town","p":486972,"type":7930989},"Q33829":{"code":33829,"name":"human population","p":2625603,"type":33829},"Q20926517":{"code":20926517,"name":"religious administrative territorial entity","p":51041800,"type":20926517},"Q618123":{"code":618123,"name":"geographical feature","p":2221906,"type":618123},"Q1291195":{"code":1291195,"name":"place of discovery","p":618123,"type":1291195},"Q82794":{"code":82794,"name":"geographic region","p":618123,"type":82794},"Q5119":{"code":5119,"name":"capital city","p":515,"type":5119},"Q3957":{"code":3957,"name":"town","p":98966309,"type":3957},"Q123705":{"code":123705,"name":"neighborhood","p":56061,"type":123705},"Q133442":{"code":133442,"name":"city-state","p":515,"type":133442},"Q738570":{"code":738570,"name":"central business district","p":123705,"type":738570},"Q839954":{"code":839954,"name":"archaeological site","p":1291195,"type":839954},"Q844713":{"code":844713,"name":"governorate of Lebanon","p":10864048,"type":844713},"Q1549591":{"code":1549591,"name":"big city","p":98966309,"type":1549591},"Q3502482":{"code":3502482,"name":"cultural region","p":82794,"type":3502482},"Q3624078":{"code":3624078,"name":"sovereign state","p":6256,"type":3624078},"Q6936383":{"code":6936383,"name":"municipality of Lebanon","p":15284,"type":6936383},"Q11197007":{"code":11197007,"name":"ethnoreligious group","p":41710,"type":11197007},"Q108822885":{"code":108822885,"name":"Catholic Metropolitan Archieparchy","p":51041800,"type":108822885},"Q108822950":{"code":108822950,"name":"Catholic Archieparchy","p":51041800,"type":108822950},"Q15661340":{"code":15661340,"name":"ancient city","p":515,"type":15661340},"Q20725872":{"code":20725872,"name":"Eastern Catholic eparchy","p":20926517,"type":20725872},"Q51576574":{"code":51576574,"name":"Mediterranean country","p":6256,"type":51576574},"Q-3":{"code":-3,"name":"UNLINKED","p":3,"type":-3},"Q231002":{"code":231002,"name":"nationality (Q231002)","p":-3,"type":231002},"Q769696":{"code":769696,"name":"ethnic minority (Q769696)","p":-3,"type":769696},"Q1200957":{"code":1200957,"name":"tourist destination (Q1200957)","p":-3,"type":1200957},"Q2472587":{"code":2472587,"name":"people (Q2472587)","p":-3,"type":2472587},"Q2693910":{"code":2693910,"name":"district of Lebanon (Q2693910)","p":-3,"type":2693910},"Q23828039":{"code":23828039,"name":"village/town/city in Lebanon (Q23828039)","p":-3,"type":23828039}}