{"Q3":{"code":3,"name":"ROOT","type":634},"Q24017414":{"code":24017414,"name":"MISC","p":3,"type":24017414},"Q183039":{"code":183039,"name":"COUNTRY","p":3,"type":183039},"Q56061":{"code":56061,"name":"admin","p":3,"type":56061},"Q486972":{"code":486972,"name":"settled","p":3,"type":486972},"Q2625603":{"code":2625603,"name":"population","p":3,"type":2625603},"Q51041800":{"code":51041800,"name":"religious","p":3,"type":51041800},"Q659390":{"code":659390,"name":"construct","p":3,"type":659390},"Q2221906":{"code":2221906,"name":"geo","p":3,"type":2221906},"Q25894868":{"code":25894868,"name":"place type","p":24017414,"type":25894868},"Q41710":{"code":41710,"name":"ethnic group","p":24017414,"type":41710},"Q23442":{"code":23442,"name":"island","p":25894868,"type":23442},"Q15617994":{"code":15617994,"name":"designation for an administrative territorial entity","p":24017414,"type":15617994},"Q6256":{"code":6256,"name":"country","p":183039,"type":6256},"Q15621274":{"code":15621274,"name":"enclave or exclave","p":56061,"type":15621274},"Q12076836":{"code":12076836,"name":"of a single country","p":56061,"type":12076836},"Q702492":{"code":702492,"name":"urban area","p":486972,"type":702492},"Q515":{"code":515,"name":"city","p":486972,"type":515},"Q532":{"code":532,"name":"village","p":486972,"type":532},"Q98966309":{"code":98966309,"name":"classification of human settlements","p":486972,"type":98966309},"Q7930989":{"code":7930989,"name":"city or town","p":486972,"type":7930989},"Q33829":{"code":33829,"name":"human population","p":2625603,"type":33829},"Q20926517":{"code":20926517,"name":"religious administrative territorial entity","p":51041800,"type":20926517},"Q665487":{"code":665487,"name":"diocese","p":20926517,"type":665487},"Q471855":{"code":471855,"name":"jurisdiction","p":659390,"type":471855},"Q2665272":{"code":2665272,"name":"Ecclesiastical circumscription immediately subject to the Holy See","p":471855,"type":2665272},"Q618123":{"code":618123,"name":"geographical feature","p":2221906,"type":618123},"Q82794":{"code":82794,"name":"geographic region","p":618123,"type":82794},"Q205895":{"code":205895,"name":"landmass","p":82794,"type":205895},"Q3957":{"code":3957,"name":"town","p":98966309,"type":3957},"Q5119":{"code":5119,"name":"capital city","p":515,"type":5119},"Q33837":{"code":33837,"name":"archipelago","p":205895,"type":33837},"Q42523":{"code":42523,"name":"atoll","p":23442,"type":42523},"Q123705":{"code":123705,"name":"neighborhood","p":56061,"type":123705},"Q112099":{"code":112099,"name":"island nation","p":6256,"type":112099},"Q161243":{"code":161243,"name":"dependent territory","p":15617994,"type":161243},"Q175185":{"code":175185,"name":"rural area","p":82794,"type":175185},"Q171441":{"code":171441,"name":"enclave","p":15621274,"type":171441},"Q208511":{"code":208511,"name":"global city","p":515,"type":208511},"Q1048835":{"code":1048835,"name":"political territorial entity","p":56061,"type":1048835},"Q216712":{"code":216712,"name":"region of New Zealand","p":1048835,"type":216712},"Q2264924":{"code":2264924,"name":"port settlement","p":515,"type":2264924},"Q1161185":{"code":1161185,"name":"high island","p":23442,"type":1161185},"Q3624078":{"code":3624078,"name":"sovereign state","p":6256,"type":3624078},"Q3502482":{"code":3502482,"name":"cultural region","p":82794,"type":3502482},"Q15063160":{"code":15063160,"name":"administrative territorial entity of New Zealand","p":12076836,"type":15063160},"Q2881272":{"code":2881272,"name":"district of New Zealand","p":15063160,"type":2881272},"Q3146899":{"code":3146899,"name":"diocese of the Catholic Church","p":665487,"type":3146899},"Q3257686":{"code":3257686,"name":"locality","p":486972,"type":3257686},"Q1549591":{"code":1549591,"name":"big city","p":98966309,"type":1549591},"Q1637706":{"code":1637706,"name":"million city","p":1549591,"type":1637706},"Q1234236":{"code":1234236,"name":"pā","p":486972,"type":1234236},"Q1402592":{"code":1402592,"name":"island group","p":82794,"type":1402592},"Q51929311":{"code":51929311,"name":"largest city","p":7930989,"type":51929311},"Q20725872":{"code":20725872,"name":"Eastern Catholic eparchy","p":20926517,"type":20725872},"Q50330360":{"code":50330360,"name":"second largest city","p":7930989,"type":50330360},"Q-3":{"code":-3,"name":"UNLINKED","p":3,"type":-3},"Q4022":{"code":4022,"name":"river (Q4022)","p":-3,"type":4022},"Q8072":{"code":8072,"name":"volcano (Q8072)","p":-3,"type":8072},"Q40080":{"code":40080,"name":"beach (Q40080)","p":-3,"type":40080},"Q40357":{"code":40357,"name":"prison (Q40357)","p":-3,"type":40357},"Q103817":{"code":103817,"name":"indigenous people (Q103817)","p":-3,"type":103817},"Q202686":{"code":202686,"name":"Commonwealth realm (Q202686)","p":-3,"type":202686},"Q188509":{"code":188509,"name":"suburb (Q188509)","p":-3,"type":188509},"Q644930":{"code":644930,"name":"mission sui iuris (Q644930)","p":-3,"type":644930},"Q517760":{"code":517760,"name":"commune (Q517760)","p":-3,"type":517760},"Q1377575":{"code":1377575,"name":"wildlife refuge (Q1377575)","p":-3,"type":1377575},"Q6617741":{"code":6617741,"name":"WWF ecoregion (Q6617741)","p":-3,"type":6617741},"Q13414953":{"code":13414953,"name":"religious denomination (Q13414953)","p":-3,"type":13414953},"Q16887380":{"code":16887380,"name":"group (Q16887380)","p":-3,"type":16887380},"Q105390172":{"code":105390172,"name":"Roman Catholic metropolitan archdiocese (Q105390172)","p":-3,"type":105390172},"Q106646149":{"code":106646149,"name":"Climate emergency declarations in New Zealand (Q106646149)","p":-3,"type":106646149},"Q17018380":{"code":17018380,"name":"bight (Q17018380)","p":-3,"type":17018380}}