{"Q3":{"code":3,"name":"ROOT","type":634},"Q15893266":{"code":15893266,"name":"FORMER","p":3,"type":15893266},"Q24017414":{"code":24017414,"name":"MISC","p":3,"type":24017414},"Q183039":{"code":183039,"name":"COUNTRY","p":3,"type":183039},"Q56061":{"code":56061,"name":"admin","p":3,"type":56061},"Q486972":{"code":486972,"name":"settled","p":3,"type":486972},"Q2625603":{"code":2625603,"name":"population","p":3,"type":2625603},"Q51041800":{"code":51041800,"name":"religious","p":3,"type":51041800},"Q659390":{"code":659390,"name":"construct","p":3,"type":659390},"Q104098715":{"code":104098715,"name":"territorial entity type","p":3,"type":104098715},"Q2221906":{"code":2221906,"name":"geo","p":3,"type":2221906},"Q19953632":{"code":19953632,"name":"former admin","p":15893266,"type":19953632},"Q5962346":{"code":5962346,"name":"classification system","p":24017414,"type":5962346},"Q11834037":{"code":11834037,"name":"physico-geographical regionalization","p":5962346,"type":11834037},"Q25894868":{"code":25894868,"name":"place type","p":24017414,"type":25894868},"Q41710":{"code":41710,"name":"ethnic group","p":24017414,"type":41710},"Q23442":{"code":23442,"name":"island","p":25894868,"type":23442},"Q15617994":{"code":15617994,"name":"designation for an administrative territorial entity","p":24017414,"type":15617994},"Q111972893":{"code":111972893,"name":"type of structure","p":24017414,"type":111972893},"Q811979":{"code":811979,"name":"architectural structure","p":111972893,"type":811979},"Q41176":{"code":41176,"name":"building","p":811979,"type":41176},"Q96084375":{"code":96084375,"name":"former building or structure","p":41176,"type":96084375},"Q12292478":{"code":12292478,"name":"estate","p":811979,"type":12292478},"Q875157":{"code":875157,"name":"resort","p":12292478,"type":875157},"Q699405":{"code":699405,"name":"residence","p":811979,"type":699405},"Q5890494":{"code":5890494,"name":"homestead","p":699405,"type":5890494},"Q11755880":{"code":11755880,"name":"residential building","p":699405,"type":11755880},"Q113489728":{"code":113489728,"name":"OECD country","p":183039,"type":113489728},"Q1307214":{"code":1307214,"name":"form of government","p":183039,"type":1307214},"Q6256":{"code":6256,"name":"country","p":183039,"type":6256},"Q171308":{"code":171308,"name":"oblast","p":56061,"type":171308},"Q15621274":{"code":15621274,"name":"enclave or exclave","p":56061,"type":15621274},"Q3024240":{"code":3024240,"name":"historical country","p":19953632,"type":3024240},"Q12076836":{"code":12076836,"name":"of a single country","p":56061,"type":12076836},"Q2520520":{"code":2520520,"name":"administrative territorial entity of Hungary","p":12076836,"type":2520520},"Q697379":{"code":697379,"name":"administrative territorial entity of Romania","p":12076836,"type":697379},"Q15620181":{"code":15620181,"name":"administrative territorial entity of Estonia","p":12076836,"type":15620181},"Q1799794":{"code":1799794,"name":"By level","p":56061,"type":1799794},"Q788176":{"code":788176,"name":"autonomous administrative territorial entity","p":56061,"type":788176},"Q10864048":{"code":10864048,"name":"A1","p":1799794,"type":10864048},"Q13220204":{"code":13220204,"name":"A2","p":1799794,"type":13220204},"Q13221722":{"code":13221722,"name":"A3","p":1799794,"type":13221722},"Q14757767":{"code":14757767,"name":"A4","p":1799794,"type":14757767},"Q4976993":{"code":4976993,"name":"civil parish","p":14757767,"type":4976993},"Q7275":{"code":7275,"name":"state","p":56061,"type":7275},"Q702492":{"code":702492,"name":"urban area","p":486972,"type":702492},"Q515":{"code":515,"name":"city","p":486972,"type":515},"Q532":{"code":532,"name":"village","p":486972,"type":532},"Q618299":{"code":618299,"name":"settlement","p":486972,"type":618299},"Q15284":{"code":15284,"name":"municipality","p":486972,"type":15284},"Q15253706":{"code":15253706,"name":"like a city","p":486972,"type":15253706},"Q244793":{"code":244793,"name":"twin cities","p":486972,"type":244793},"Q676050":{"code":676050,"name":"old town","p":486972,"type":676050},"Q1782540":{"code":1782540,"name":"railway town","p":486972,"type":1782540},"Q98966309":{"code":98966309,"name":"classification of human settlements","p":486972,"type":98966309},"Q7930989":{"code":7930989,"name":"city or town","p":486972,"type":7930989},"Q33829":{"code":33829,"name":"human population","p":2625603,"type":33829},"Q1492823":{"code":1492823,"name":"ecclesiastical district","p":51041800,"type":1492823},"Q20926517":{"code":20926517,"name":"religious administrative territorial entity","p":51041800,"type":20926517},"Q665487":{"code":665487,"name":"diocese","p":20926517,"type":665487},"Q471855":{"code":471855,"name":"jurisdiction","p":659390,"type":471855},"Q2665272":{"code":2665272,"name":"Ecclesiastical circumscription immediately subject to the Holy See","p":471855,"type":2665272},"Q618123":{"code":618123,"name":"geographical feature","p":2221906,"type":618123},"Q1291195":{"code":1291195,"name":"place of discovery","p":618123,"type":1291195},"Q82794":{"code":82794,"name":"geographic region","p":618123,"type":82794},"Q106589819":{"code":106589819,"name":"elevation","p":618123,"type":106589819},"Q74817647":{"code":74817647,"name":"aspect in a geographic region","p":82794,"type":74817647},"Q205895":{"code":205895,"name":"landmass","p":82794,"type":205895},"Q183366":{"code":183366,"name":"territory","p":82794,"type":183366},"Q4835091":{"code":4835091,"name":"territory","p":82794,"type":4835091},"Q15642541":{"code":15642541,"name":"human-geographic territorial entity","p":183366,"type":15642541},"Q3957":{"code":3957,"name":"town","p":98966309,"type":3957},"Q5119":{"code":5119,"name":"capital city","p":515,"type":5119},"Q33837":{"code":33837,"name":"archipelago","p":205895,"type":33837},"Q42523":{"code":42523,"name":"atoll","p":23442,"type":42523},"Q112099":{"code":112099,"name":"island nation","p":6256,"type":112099},"Q123705":{"code":123705,"name":"neighborhood","p":486972,"type":123705},"Q161243":{"code":161243,"name":"dependent territory","p":15617994,"type":161243},"Q175185":{"code":175185,"name":"rural area","p":82794,"type":175185},"Q208511":{"code":208511,"name":"global city","p":515,"type":208511},"Q1048835":{"code":1048835,"name":"political territorial entity","p":56061,"type":1048835},"Q216712":{"code":216712,"name":"region of New Zealand","p":1048835,"type":216712},"Q1549591":{"code":1549591,"name":"big city","p":98966309,"type":1549591},"Q1637706":{"code":1637706,"name":"million city","p":1549591,"type":1637706},"Q171441":{"code":171441,"name":"enclave","p":15621274,"type":171441},"Q2264924":{"code":2264924,"name":"port settlement","p":515,"type":2264924},"Q15063160":{"code":15063160,"name":"administrative territorial entity of New Zealand","p":12076836,"type":15063160},"Q2881272":{"code":2881272,"name":"district of New Zealand","p":15063160,"type":2881272},"Q3146899":{"code":3146899,"name":"diocese of the Catholic Church","p":665487,"type":3146899},"Q3257686":{"code":3257686,"name":"locality","p":486972,"type":3257686},"Q3624078":{"code":3624078,"name":"sovereign state","p":6256,"type":3624078},"Q3502482":{"code":3502482,"name":"cultural region","p":82794,"type":3502482},"Q20725872":{"code":20725872,"name":"Eastern Catholic eparchy","p":20926517,"type":20725872},"Q50330360":{"code":50330360,"name":"second largest city","p":7930989,"type":50330360},"Q51929311":{"code":51929311,"name":"largest city","p":7930989,"type":51929311},"Q1161185":{"code":1161185,"name":"high island","p":23442,"type":1161185},"Q1234236":{"code":1234236,"name":"pā","p":486972,"type":1234236},"Q1402592":{"code":1402592,"name":"island group","p":82794,"type":1402592},"Q-1":{"code":-1,"name":"INVALID","p":3,"type":-1},"Q-2":{"code":-2,"name":"EXCLUDED","p":3,"type":-2},"Q15324":{"code":15324,"name":"body of water (Q15324)","p":-1,"type":15324},"Q30103":{"code":30103,"name":"minority group (Q30103)","p":-1,"type":30103},"Q43229":{"code":43229,"name":"organization (Q43229)","p":-1,"type":43229},"Q179049":{"code":179049,"name":"nature reserve (Q179049)","p":-1,"type":179049},"Q295469":{"code":295469,"name":"ecoregion (Q295469)","p":-1,"type":295469},"Q417175":{"code":417175,"name":"kingdom (Q417175)","p":-1,"type":417175},"Q468756":{"code":468756,"name":"shore (Q468756)","p":-1,"type":468756},"Q1530022":{"code":1530022,"name":"religious organization (Q1530022)","p":-1,"type":1530022},"Q3702971":{"code":3702971,"name":"personal data (Q3702971)","p":-2,"type":3702971},"Q15700808":{"code":15700808,"name":"urban unit definition (Q15700808)","p":-1,"type":15700808},"Q19478619":{"code":19478619,"name":"metaclass (Q19478619)","p":-1,"type":19478619},"Q29025902":{"code":29025902,"name":"volcanic landform (Q29025902)","p":-1,"type":29025902},"Q55659167":{"code":55659167,"name":"natural watercourse (Q55659167)","p":-1,"type":55659167},"Q63438000":{"code":63438000,"name":"climate emergency declaration (Q63438000)","p":-1,"type":63438000},"Q66364050":{"code":66364050,"name":"living arrangement (Q66364050)","p":-1,"type":66364050},"Q111737478":{"code":111737478,"name":"catholic ecclesiastical district (Q111737478)","p":-1,"type":111737478},"Q-3":{"code":-3,"name":"UNLINKED","p":3,"type":-3},"Q4022":{"code":4022,"name":"river (Q4022)","p":-3,"type":4022},"Q8072":{"code":8072,"name":"volcano (Q8072)","p":-3,"type":8072},"Q40357":{"code":40357,"name":"prison (Q40357)","p":-3,"type":40357},"Q40080":{"code":40080,"name":"beach (Q40080)","p":-3,"type":40080},"Q202686":{"code":202686,"name":"Commonwealth realm (Q202686)","p":-3,"type":202686},"Q188509":{"code":188509,"name":"suburb (Q188509)","p":-3,"type":188509},"Q103817":{"code":103817,"name":"indigenous people (Q103817)","p":-3,"type":103817},"Q16887380":{"code":16887380,"name":"group (Q16887380)","p":-3,"type":16887380},"Q106646149":{"code":106646149,"name":"Climate emergency declarations in New Zealand (Q106646149)","p":-3,"type":106646149},"Q6617741":{"code":6617741,"name":"WWF ecoregion (Q6617741)","p":-3,"type":6617741},"Q13414953":{"code":13414953,"name":"religious denomination (Q13414953)","p":-3,"type":13414953},"Q17018380":{"code":17018380,"name":"bight (Q17018380)","p":-3,"type":17018380},"Q105390172":{"code":105390172,"name":"Roman Catholic metropolitan archdiocese (Q105390172)","p":-3,"type":105390172},"Q517760":{"code":517760,"name":"commune (Q517760)","p":-3,"type":517760},"Q644930":{"code":644930,"name":"mission sui iuris (Q644930)","p":-3,"type":644930},"Q1377575":{"code":1377575,"name":"wildlife refuge (Q1377575)","p":-3,"type":1377575}}