{"Q3":{"code":3,"name":"ROOT","type":634},"Q15893266":{"code":15893266,"name":"FORMER","p":3,"type":15893266},"Q24017414":{"code":24017414,"name":"MISC","p":3,"type":24017414},"Q183039":{"code":183039,"name":"COUNTRY","p":3,"type":183039},"Q56061":{"code":56061,"name":"admin","p":3,"type":56061},"Q486972":{"code":486972,"name":"settled","p":3,"type":486972},"Q2625603":{"code":2625603,"name":"population","p":3,"type":2625603},"Q51041800":{"code":51041800,"name":"religious","p":3,"type":51041800},"Q659390":{"code":659390,"name":"construct","p":3,"type":659390},"Q2221906":{"code":2221906,"name":"geo","p":3,"type":2221906},"Q19953632":{"code":19953632,"name":"former admin","p":15893266,"type":19953632},"Q25894868":{"code":25894868,"name":"place type","p":24017414,"type":25894868},"Q41710":{"code":41710,"name":"ethnic group","p":24017414,"type":41710},"Q23442":{"code":23442,"name":"island","p":25894868,"type":23442},"Q15617994":{"code":15617994,"name":"designation for an administrative territorial entity","p":24017414,"type":15617994},"Q111972893":{"code":111972893,"name":"type of structure","p":24017414,"type":111972893},"Q811979":{"code":811979,"name":"architectural structure","p":111972893,"type":811979},"Q12292478":{"code":12292478,"name":"estate","p":811979,"type":12292478},"Q875157":{"code":875157,"name":"resort","p":12292478,"type":875157},"Q1307214":{"code":1307214,"name":"form of government","p":183039,"type":1307214},"Q6256":{"code":6256,"name":"country","p":183039,"type":6256},"Q15621274":{"code":15621274,"name":"enclave or exclave","p":56061,"type":15621274},"Q3024240":{"code":3024240,"name":"historical country","p":19953632,"type":3024240},"Q702492":{"code":702492,"name":"urban area","p":486972,"type":702492},"Q515":{"code":515,"name":"city","p":486972,"type":515},"Q532":{"code":532,"name":"village","p":486972,"type":532},"Q15284":{"code":15284,"name":"municipality","p":486972,"type":15284},"Q676050":{"code":676050,"name":"old town","p":486972,"type":676050},"Q98966309":{"code":98966309,"name":"classification of human settlements","p":486972,"type":98966309},"Q7930989":{"code":7930989,"name":"city or town","p":486972,"type":7930989},"Q33829":{"code":33829,"name":"human population","p":2625603,"type":33829},"Q1492823":{"code":1492823,"name":"ecclesiastical district","p":51041800,"type":1492823},"Q20926517":{"code":20926517,"name":"religious administrative territorial entity","p":51041800,"type":20926517},"Q665487":{"code":665487,"name":"diocese","p":20926517,"type":665487},"Q471855":{"code":471855,"name":"jurisdiction","p":659390,"type":471855},"Q2665272":{"code":2665272,"name":"Ecclesiastical circumscription immediately subject to the Holy See","p":471855,"type":2665272},"Q618123":{"code":618123,"name":"geographical feature","p":2221906,"type":618123},"Q82794":{"code":82794,"name":"geographic region","p":618123,"type":82794},"Q205895":{"code":205895,"name":"landmass","p":82794,"type":205895},"Q317":{"code":317,"name":"dictatorship","p":1307214,"type":317},"Q6266":{"code":6266,"name":"nation","p":659390,"type":6266},"Q46831":{"code":46831,"name":"mountain range","p":82794,"type":46831},"Q3957":{"code":3957,"name":"town","p":98966309,"type":3957},"Q5084":{"code":5084,"name":"hamlet","p":15617994,"type":5084},"Q33837":{"code":33837,"name":"archipelago","p":205895,"type":33837},"Q5119":{"code":5119,"name":"capital city","p":515,"type":5119},"Q123705":{"code":123705,"name":"neighborhood","p":486972,"type":123705},"Q162602":{"code":162602,"name":"river island","p":23442,"type":162602},"Q171441":{"code":171441,"name":"enclave","p":15621274,"type":171441},"Q149621":{"code":149621,"name":"district","p":15617994,"type":149621},"Q512187":{"code":512187,"name":"federal republic","p":1307214,"type":512187},"Q1549591":{"code":1549591,"name":"big city","p":98966309,"type":1549591},"Q245260":{"code":245260,"name":"conurbation","p":702492,"type":245260},"Q859563":{"code":859563,"name":"secular state","p":1307214,"type":859563},"Q1197588":{"code":1197588,"name":"military government","p":1307214,"type":1197588},"Q1273591":{"code":1273591,"name":"Munduruku people","p":41710,"type":1273591},"Q1294703":{"code":1294703,"name":"shanty town","p":486972,"type":1294703},"Q1497364":{"code":1497364,"name":"building complex","p":811979,"type":1497364},"Q1637706":{"code":1637706,"name":"million city","p":1549591,"type":1637706},"Q3257686":{"code":3257686,"name":"locality","p":486972,"type":3257686},"Q3624078":{"code":3624078,"name":"sovereign state","p":6256,"type":3624078},"Q373074":{"code":373074,"name":"suffragan diocese","p":15617994,"type":373074},"Q395994":{"code":395994,"name":"capital district or territory","p":56061,"type":395994},"Q902814":{"code":902814,"name":"border town","p":7930989,"type":902814},"Q1074523":{"code":1074523,"name":"planned community","p":486972,"type":1074523},"Q1778235":{"code":1778235,"name":"territorial abbey","p":1492823,"type":1778235},"Q2072238":{"code":2072238,"name":"archdiocese","p":665487,"type":2072238},"Q3146899":{"code":3146899,"name":"diocese of the Catholic Church","p":665487,"type":3146899},"Q27780831":{"code":27780831,"name":"lost Roman Catholic diocese","p":3146899,"type":27780831},"Q50330360":{"code":50330360,"name":"second largest city","p":7930989,"type":50330360},"Q1081138":{"code":1081138,"name":"historic site","p":811979,"type":1081138},"Q1161185":{"code":1161185,"name":"high island","p":23442,"type":1161185},"Q51929311":{"code":51929311,"name":"largest city","p":7930989,"type":51929311},"Q105388829":{"code":105388829,"name":"Latin Catholic diocese","p":20926517,"type":105388829},"Q105389481":{"code":105389481,"name":"Greek-Catholic eparchy","p":20926517,"type":105389481},"Q3976665":{"code":3976665,"name":"administrative region of municipality of Rio de Janeiro","p":56061,"type":3976665},"Q2264924":{"code":2264924,"name":"port settlement","p":515,"type":2264924},"Q107565488":{"code":107565488,"name":"allotment","p":486972,"type":107565488},"Q108822885":{"code":108822885,"name":"Catholic Metropolitan Archieparchy","p":51041800,"type":108822885},"Q114496982":{"code":114496982,"name":"political city","p":98966309,"type":114496982},"Q10267322":{"code":10267322,"name":"state district of Brazil","p":149621,"type":10267322},"Q11197007":{"code":11197007,"name":"ethnoreligious group","p":41710,"type":11197007},"Q11271835":{"code":11271835,"name":"state capital","p":5119,"type":11271835},"Q2983893":{"code":2983893,"name":"quarter","p":56061,"type":2983893},"Q12104567":{"code":12104567,"name":"housing estate","p":123705,"type":12104567},"Q18466176":{"code":18466176,"name":"small city","p":7930989,"type":18466176},"Q3184121":{"code":3184121,"name":"municipality of Brazil","p":15284,"type":3184121},"Q20203616":{"code":20203616,"name":"Indian reservation","p":15617994,"type":20203616},"Q10277595":{"code":10277595,"name":"","p":875157,"type":10277595},"Q-3":{"code":-3,"name":"UNLINKED","p":3,"type":-3},"Q7188":{"code":7188,"name":"government (Q7188)","p":-3,"type":7188},"Q103817":{"code":103817,"name":"indigenous people (Q103817)","p":-3,"type":103817},"Q160742":{"code":160742,"name":"abbey (Q160742)","p":-3,"type":160742},"Q174844":{"code":174844,"name":"megacity (Q174844)","p":-3,"type":174844},"Q177626":{"code":177626,"name":"human migration (Q177626)","p":-3,"type":177626},"Q199403":{"code":199403,"name":"tropical forest (Q199403)","p":-3,"type":199403},"Q152081":{"code":152081,"name":"concentration camp (Q152081)","p":-3,"type":152081},"Q682944":{"code":682944,"name":"microregion of Brazil (Q682944)","p":-3,"type":682944},"Q1415423":{"code":1415423,"name":"quilombo (Q1415423)","p":-3,"type":1415423},"Q1497375":{"code":1497375,"name":"architectural ensemble (Q1497375)","p":-3,"type":1497375},"Q485258":{"code":485258,"name":"federative unit of Brazil (Q485258)","p":-3,"type":485258},"Q907231":{"code":907231,"name":"Japantown (Q907231)","p":-3,"type":907231},"Q20683285":{"code":20683285,"name":"neighbourhood in Rio de Janeiro (Q20683285)","p":-3,"type":20683285},"Q27495502":{"code":27495502,"name":"federal district of Brazil (Q27495502)","p":-3,"type":27495502},"Q27916659":{"code":27916659,"name":"former place (Q27916659)","p":-3,"type":27916659},"Q46398483":{"code":46398483,"name":"textile factory (Q46398483)","p":-3,"type":46398483},"Q1158712":{"code":1158712,"name":"administrative region of the Federal District (Q1158712)","p":-3,"type":1158712},"Q66626342":{"code":66626342,"name":"urban ensemble (Q66626342)","p":-3,"type":66626342},"Q71144301":{"code":71144301,"name":"metropolitan region (Q71144301)","p":-3,"type":71144301},"Q104172772":{"code":104172772,"name":"freguesia (Q104172772)","p":-3,"type":104172772},"Q3624938":{"code":3624938,"name":"city district of Brazil (Q3624938)","p":-3,"type":3624938},"Q3931970":{"code":3931970,"name":"metropolitan region in Brazil (Q3931970)","p":-3,"type":3931970},"Q6024666":{"code":6024666,"name":"indigenous territory of Brazil (Q6024666)","p":-3,"type":6024666},"Q6617741":{"code":6617741,"name":"WWF ecoregion (Q6617741)","p":-3,"type":6617741},"Q7100806":{"code":7100806,"name":"Ordinariate for Eastern Catholic faithful (Q7100806)","p":-3,"type":7100806},"Q105390172":{"code":105390172,"name":"Roman Catholic metropolitan archdiocese (Q105390172)","p":-3,"type":105390172},"Q2472587":{"code":2472587,"name":"people (Q2472587)","p":-3,"type":2472587},"Q7378937":{"code":7378937,"name":"rule of law (Q7378937)","p":-3,"type":7378937},"Q11514315":{"code":11514315,"name":"historical period (Q11514315)","p":-3,"type":11514315},"Q2633744":{"code":2633744,"name":"territorial prelature (Q2633744)","p":-3,"type":2633744},"Q2919841":{"code":2919841,"name":"protected area of Brazil (Q2919841)","p":-3,"type":2919841},"Q13691604":{"code":13691604,"name":"squatter's house (Q13691604)","p":-3,"type":13691604},"Q18559008":{"code":18559008,"name":"district of São Paulo (Q18559008)","p":-3,"type":18559008},"Q18592633":{"code":18592633,"name":"district of Santa Maria (Q18592633)","p":-3,"type":18592633},"Q19658107":{"code":19658107,"name":"neighborhood of Brazil (Q19658107)","p":-3,"type":19658107},"Q19886676":{"code":19886676,"name":"subprefecture of São Paulo (Q19886676)","p":-3,"type":19886676},"Q19886692":{"code":19886692,"name":"neighbourhood of São Paulo (Q19886692)","p":-3,"type":19886692},"Q19886742":{"code":19886742,"name":"zone of São Paulo (Q19886742)","p":-3,"type":19886742}}