{"Q3":{"code":3,"name":"ROOT","type":634},"Q15893266":{"code":15893266,"name":"FORMER","p":3,"type":15893266},"Q24017414":{"code":24017414,"name":"MISC","p":3,"type":24017414},"Q183039":{"code":183039,"name":"COUNTRY","p":3,"type":183039},"Q56061":{"code":56061,"name":"admin","p":3,"type":56061},"Q486972":{"code":486972,"name":"settled","p":3,"type":486972},"Q2625603":{"code":2625603,"name":"population","p":3,"type":2625603},"Q51041800":{"code":51041800,"name":"religious","p":3,"type":51041800},"Q659390":{"code":659390,"name":"construct","p":3,"type":659390},"Q104098715":{"code":104098715,"name":"territorial entity type","p":3,"type":104098715},"Q2221906":{"code":2221906,"name":"geo","p":3,"type":2221906},"Q19953632":{"code":19953632,"name":"former admin","p":15893266,"type":19953632},"Q5962346":{"code":5962346,"name":"classification system","p":24017414,"type":5962346},"Q11834037":{"code":11834037,"name":"physico-geographical regionalization","p":5962346,"type":11834037},"Q25894868":{"code":25894868,"name":"place type","p":24017414,"type":25894868},"Q41710":{"code":41710,"name":"ethnic group","p":24017414,"type":41710},"Q23442":{"code":23442,"name":"island","p":25894868,"type":23442},"Q15617994":{"code":15617994,"name":"designation for an administrative territorial entity","p":24017414,"type":15617994},"Q111972893":{"code":111972893,"name":"type of structure","p":24017414,"type":111972893},"Q811979":{"code":811979,"name":"architectural structure","p":111972893,"type":811979},"Q41176":{"code":41176,"name":"building","p":811979,"type":41176},"Q96084375":{"code":96084375,"name":"former building or structure","p":41176,"type":96084375},"Q12292478":{"code":12292478,"name":"estate","p":811979,"type":12292478},"Q875157":{"code":875157,"name":"resort","p":12292478,"type":875157},"Q699405":{"code":699405,"name":"residence","p":811979,"type":699405},"Q5890494":{"code":5890494,"name":"homestead","p":699405,"type":5890494},"Q11755880":{"code":11755880,"name":"residential building","p":699405,"type":11755880},"Q113489728":{"code":113489728,"name":"OECD country","p":183039,"type":113489728},"Q1307214":{"code":1307214,"name":"form of government","p":183039,"type":1307214},"Q6256":{"code":6256,"name":"country","p":183039,"type":6256},"Q171308":{"code":171308,"name":"oblast","p":56061,"type":171308},"Q15621274":{"code":15621274,"name":"enclave or exclave","p":56061,"type":15621274},"Q3024240":{"code":3024240,"name":"historical country","p":19953632,"type":3024240},"Q12076836":{"code":12076836,"name":"of a single country","p":56061,"type":12076836},"Q2520520":{"code":2520520,"name":"administrative territorial entity of Hungary","p":12076836,"type":2520520},"Q697379":{"code":697379,"name":"administrative territorial entity of Romania","p":12076836,"type":697379},"Q15620181":{"code":15620181,"name":"administrative territorial entity of Estonia","p":12076836,"type":15620181},"Q1799794":{"code":1799794,"name":"By level","p":56061,"type":1799794},"Q788176":{"code":788176,"name":"autonomous administrative territorial entity","p":56061,"type":788176},"Q10864048":{"code":10864048,"name":"A1","p":1799794,"type":10864048},"Q13220204":{"code":13220204,"name":"A2","p":1799794,"type":13220204},"Q13221722":{"code":13221722,"name":"A3","p":1799794,"type":13221722},"Q14757767":{"code":14757767,"name":"A4","p":1799794,"type":14757767},"Q4976993":{"code":4976993,"name":"civil parish","p":14757767,"type":4976993},"Q7275":{"code":7275,"name":"state","p":56061,"type":7275},"Q702492":{"code":702492,"name":"urban area","p":486972,"type":702492},"Q515":{"code":515,"name":"city","p":486972,"type":515},"Q532":{"code":532,"name":"village","p":486972,"type":532},"Q618299":{"code":618299,"name":"settlement","p":486972,"type":618299},"Q15284":{"code":15284,"name":"municipality","p":486972,"type":15284},"Q15253706":{"code":15253706,"name":"like a city","p":486972,"type":15253706},"Q244793":{"code":244793,"name":"twin cities","p":486972,"type":244793},"Q676050":{"code":676050,"name":"old town","p":486972,"type":676050},"Q1782540":{"code":1782540,"name":"railway town","p":486972,"type":1782540},"Q98966309":{"code":98966309,"name":"classification of human settlements","p":486972,"type":98966309},"Q7930989":{"code":7930989,"name":"city or town","p":486972,"type":7930989},"Q33829":{"code":33829,"name":"human population","p":2625603,"type":33829},"Q1492823":{"code":1492823,"name":"ecclesiastical district","p":51041800,"type":1492823},"Q20926517":{"code":20926517,"name":"religious administrative territorial entity","p":51041800,"type":20926517},"Q665487":{"code":665487,"name":"diocese","p":20926517,"type":665487},"Q471855":{"code":471855,"name":"jurisdiction","p":659390,"type":471855},"Q2665272":{"code":2665272,"name":"Ecclesiastical circumscription immediately subject to the Holy See","p":471855,"type":2665272},"Q618123":{"code":618123,"name":"geographical feature","p":2221906,"type":618123},"Q1291195":{"code":1291195,"name":"place of discovery","p":618123,"type":1291195},"Q82794":{"code":82794,"name":"geographic region","p":618123,"type":82794},"Q106589819":{"code":106589819,"name":"elevation","p":618123,"type":106589819},"Q74817647":{"code":74817647,"name":"aspect in a geographic region","p":82794,"type":74817647},"Q205895":{"code":205895,"name":"landmass","p":82794,"type":205895},"Q183366":{"code":183366,"name":"territory","p":82794,"type":183366},"Q4835091":{"code":4835091,"name":"territory","p":82794,"type":4835091},"Q15642541":{"code":15642541,"name":"human-geographic territorial entity","p":183366,"type":15642541},"Q3957":{"code":3957,"name":"town","p":98966309,"type":3957},"Q5119":{"code":5119,"name":"capital city","p":515,"type":5119},"Q133442":{"code":133442,"name":"city-state","p":515,"type":133442},"Q91028":{"code":91028,"name":"administrative arrondissement of Belgium","p":13221722,"type":91028},"Q123705":{"code":123705,"name":"neighborhood","p":486972,"type":123705},"Q171441":{"code":171441,"name":"enclave","p":15621274,"type":171441},"Q373074":{"code":373074,"name":"suffragan diocese","p":15617994,"type":373074},"Q493522":{"code":493522,"name":"municipality of Belgium","p":15284,"type":493522},"Q1549591":{"code":1549591,"name":"big city","p":98966309,"type":1549591},"Q1637706":{"code":1637706,"name":"million city","p":1549591,"type":1637706},"Q181307":{"code":181307,"name":"lieu-dit","p":618123,"type":181307},"Q208511":{"code":208511,"name":"global city","p":515,"type":208511},"Q734818":{"code":734818,"name":"condominium","p":1307214,"type":734818},"Q737681":{"code":737681,"name":"municipalities with language facilities","p":493522,"type":737681},"Q902814":{"code":902814,"name":"border town","p":7930989,"type":902814},"Q933394":{"code":933394,"name":"exclave","p":15621274,"type":933394},"Q1021711":{"code":1021711,"name":"seaside resort","p":486972,"type":1021711},"Q1074523":{"code":1074523,"name":"planned community","p":486972,"type":1074523},"Q1187811":{"code":1187811,"name":"college town","p":515,"type":1187811},"Q677678":{"code":677678,"name":"fortified town","p":515,"type":677678},"Q707813":{"code":707813,"name":"Hanseatic city","p":515,"type":707813},"Q2264924":{"code":2264924,"name":"port settlement","p":515,"type":2264924},"Q2039348":{"code":2039348,"name":"municipality of the Netherlands","p":15284,"type":2039348},"Q3624078":{"code":3624078,"name":"sovereign state","p":6256,"type":3624078},"Q105388829":{"code":105388829,"name":"Latin Catholic diocese","p":20926517,"type":105388829},"Q2983893":{"code":2983893,"name":"quarter","p":56061,"type":2983893},"Q4946461":{"code":4946461,"name":"spa town","p":486972,"type":4946461},"Q17152565":{"code":17152565,"name":"international zone","p":56061,"type":17152565},"Q19730508":{"code":19730508,"name":"former municipality","p":15284,"type":19730508},"Q51929311":{"code":51929311,"name":"largest city","p":7930989,"type":51929311},"Q67123843":{"code":67123843,"name":"town divided by border","p":244793,"type":67123843},"Q-1":{"code":-1,"name":"INVALID","p":3,"type":-1},"Q-2":{"code":-2,"name":"EXCLUDED","p":3,"type":-2},"Q34876":{"code":34876,"name":"province (Q34876)","p":-1,"type":34876},"Q35120":{"code":35120,"name":"entity (Q35120)","p":-1,"type":35120},"Q44782":{"code":44782,"name":"port (Q44782)","p":-1,"type":44782},"Q149621":{"code":149621,"name":"district (Q149621)","p":-1,"type":149621},"Q151885":{"code":151885,"name":"concept (Q151885)","p":-1,"type":151885},"Q161243":{"code":161243,"name":"dependent territory (Q161243)","p":-1,"type":161243},"Q216353":{"code":216353,"name":"title (Q216353)","p":-1,"type":216353},"Q470540":{"code":470540,"name":"seat (Q470540)","p":-1,"type":470540},"Q838185":{"code":838185,"name":"community, region or language area of Belgium (Q838185)","p":-1,"type":838185},"Q839954":{"code":839954,"name":"archaeological site (Q839954)","p":-1,"type":839954},"Q874405":{"code":874405,"name":"social group (Q874405)","p":-1,"type":874405},"Q2311958":{"code":2311958,"name":"canton (Q2311958)","p":-1,"type":2311958},"Q3320743":{"code":3320743,"name":"title of honor (Q3320743)","p":-1,"type":3320743},"Q3702971":{"code":3702971,"name":"personal data (Q3702971)","p":-2,"type":3702971},"Q4632675":{"code":4632675,"name":"dwelling place (Q4632675)","p":-1,"type":4632675},"Q15623264":{"code":15623264,"name":"subdivisions of Belgium (Q15623264)","p":-1,"type":15623264},"Q15661340":{"code":15661340,"name":"ancient city (Q15661340)","p":-1,"type":15661340},"Q33104069":{"code":33104069,"name":"political concept (Q33104069)","p":-1,"type":33104069},"Q85785387":{"code":85785387,"name":"migrant crisis (Q85785387)","p":-1,"type":85785387},"Q111737478":{"code":111737478,"name":"catholic ecclesiastical district (Q111737478)","p":-1,"type":111737478},"Q-3":{"code":-3,"name":"UNLINKED","p":3,"type":-3},"Q6266":{"code":6266,"name":"nation (Q6266)","p":-3,"type":6266},"Q83057":{"code":83057,"name":"region of Belgium (Q83057)","p":-3,"type":83057},"Q83116":{"code":83116,"name":"province of Belgium (Q83116)","p":-3,"type":83116},"Q89934":{"code":89934,"name":"community of Belgium (Q89934)","p":-3,"type":89934},"Q164142":{"code":164142,"name":"protectorate (Q164142)","p":-3,"type":164142},"Q94524":{"code":94524,"name":"judicial arrondissement of Belgium (Q94524)","p":-3,"type":94524},"Q231002":{"code":231002,"name":"nationality (Q231002)","p":-3,"type":231002},"Q866196":{"code":866196,"name":"episcopal see (Q866196)","p":-3,"type":866196},"Q956214":{"code":956214,"name":"chef-lieu (Q956214)","p":-3,"type":956214},"Q1375749":{"code":1375749,"name":"European City (Q1375749)","p":-3,"type":1375749},"Q1397926":{"code":1397926,"name":"refugee crisis (Q1397926)","p":-3,"type":1397926},"Q2472587":{"code":2472587,"name":"people (Q2472587)","p":-3,"type":2472587},"Q2202509":{"code":2202509,"name":"Roman city (Q2202509)","p":-3,"type":2202509},"Q2235075":{"code":2235075,"name":"centre city (Q2235075)","p":-3,"type":2235075},"Q1852859":{"code":1852859,"name":"cadastral populated place in the Netherlands (Q1852859)","p":-3,"type":1852859},"Q1913217":{"code":1913217,"name":"judicial canton in Belgium (Q1913217)","p":-3,"type":1913217},"Q2597772":{"code":2597772,"name":"district of Antwerp (Q2597772)","p":-3,"type":2597772},"Q2785216":{"code":2785216,"name":"municipality section (Q2785216)","p":-3,"type":2785216},"Q105390172":{"code":105390172,"name":"Roman Catholic metropolitan archdiocese (Q105390172)","p":-3,"type":105390172},"Q15273785":{"code":15273785,"name":"Belgian municipality with the title of city (Q15273785)","p":-3,"type":15273785},"Q15310171":{"code":15310171,"name":"seaport (Q15310171)","p":-3,"type":15310171},"Q21752084":{"code":21752084,"name":"Roman archaeological site (Q21752084)","p":-3,"type":21752084}}