{"Q3":{"code":3,"name":"ROOT","type":634},"Q15893266":{"code":15893266,"name":"FORMER","p":3,"type":15893266},"Q24017414":{"code":24017414,"name":"MISC","p":3,"type":24017414},"Q183039":{"code":183039,"name":"COUNTRY","p":3,"type":183039},"Q56061":{"code":56061,"name":"admin","p":3,"type":56061},"Q486972":{"code":486972,"name":"settled","p":3,"type":486972},"Q2625603":{"code":2625603,"name":"population","p":3,"type":2625603},"Q51041800":{"code":51041800,"name":"religious","p":3,"type":51041800},"Q2221906":{"code":2221906,"name":"geo","p":3,"type":2221906},"Q41710":{"code":41710,"name":"ethnic group","p":24017414,"type":41710},"Q15617994":{"code":15617994,"name":"designation for an administrative territorial entity","p":24017414,"type":15617994},"Q1307214":{"code":1307214,"name":"form of government","p":183039,"type":1307214},"Q6256":{"code":6256,"name":"country","p":183039,"type":6256},"Q15621274":{"code":15621274,"name":"enclave or exclave","p":56061,"type":15621274},"Q1799794":{"code":1799794,"name":"By level","p":56061,"type":1799794},"Q13221722":{"code":13221722,"name":"A3","p":1799794,"type":13221722},"Q515":{"code":515,"name":"city","p":486972,"type":515},"Q532":{"code":532,"name":"village","p":486972,"type":532},"Q15284":{"code":15284,"name":"municipality","p":486972,"type":15284},"Q244793":{"code":244793,"name":"twin cities","p":486972,"type":244793},"Q98966309":{"code":98966309,"name":"classification of human settlements","p":486972,"type":98966309},"Q7930989":{"code":7930989,"name":"city or town","p":486972,"type":7930989},"Q33829":{"code":33829,"name":"human population","p":2625603,"type":33829},"Q20926517":{"code":20926517,"name":"religious administrative territorial entity","p":51041800,"type":20926517},"Q618123":{"code":618123,"name":"geographical feature","p":2221906,"type":618123},"Q82794":{"code":82794,"name":"geographic region","p":618123,"type":82794},"Q3957":{"code":3957,"name":"town","p":98966309,"type":3957},"Q5119":{"code":5119,"name":"capital city","p":515,"type":5119},"Q171441":{"code":171441,"name":"enclave","p":15621274,"type":171441},"Q123705":{"code":123705,"name":"neighborhood","p":486972,"type":123705},"Q91028":{"code":91028,"name":"administrative arrondissement of Belgium","p":13221722,"type":91028},"Q133442":{"code":133442,"name":"city-state","p":515,"type":133442},"Q1074523":{"code":1074523,"name":"planned community","p":486972,"type":1074523},"Q1187811":{"code":1187811,"name":"college town","p":515,"type":1187811},"Q933394":{"code":933394,"name":"exclave","p":15621274,"type":933394},"Q1021711":{"code":1021711,"name":"seaside resort","p":486972,"type":1021711},"Q208511":{"code":208511,"name":"global city","p":515,"type":208511},"Q2039348":{"code":2039348,"name":"municipality of the Netherlands","p":15284,"type":2039348},"Q2264924":{"code":2264924,"name":"port settlement","p":515,"type":2264924},"Q373074":{"code":373074,"name":"suffragan diocese","p":15617994,"type":373074},"Q1549591":{"code":1549591,"name":"big city","p":98966309,"type":1549591},"Q2983893":{"code":2983893,"name":"quarter","p":56061,"type":2983893},"Q493522":{"code":493522,"name":"municipality of Belgium","p":15284,"type":493522},"Q4946461":{"code":4946461,"name":"spa town","p":486972,"type":4946461},"Q677678":{"code":677678,"name":"fortified town","p":515,"type":677678},"Q707813":{"code":707813,"name":"Hanseatic city","p":515,"type":707813},"Q734818":{"code":734818,"name":"condominium","p":1307214,"type":734818},"Q1637706":{"code":1637706,"name":"million city","p":1549591,"type":1637706},"Q3624078":{"code":3624078,"name":"sovereign state","p":6256,"type":3624078},"Q17152565":{"code":17152565,"name":"international zone","p":56061,"type":17152565},"Q19730508":{"code":19730508,"name":"former municipality","p":15284,"type":19730508},"Q51929311":{"code":51929311,"name":"largest city","p":7930989,"type":51929311},"Q67123843":{"code":67123843,"name":"town divided by border","p":244793,"type":67123843},"Q105388829":{"code":105388829,"name":"Latin Catholic diocese","p":20926517,"type":105388829},"Q105390172":{"code":105390172,"name":"Roman Catholic metropolitan archdiocese","p":51041800,"type":105390172},"Q737681":{"code":737681,"name":"municipalities with language facilities","p":493522,"type":737681},"Q902814":{"code":902814,"name":"border town","p":7930989,"type":902814},"Q-3":{"code":-3,"name":"UNLINKED","p":3,"type":-3},"Q6266":{"code":6266,"name":"nation (Q6266)","p":-3,"type":6266},"Q83057":{"code":83057,"name":"region of Belgium (Q83057)","p":-3,"type":83057},"Q94524":{"code":94524,"name":"judicial arrondissement of Belgium (Q94524)","p":-3,"type":94524},"Q164142":{"code":164142,"name":"protectorate (Q164142)","p":-3,"type":164142},"Q83116":{"code":83116,"name":"province of Belgium (Q83116)","p":-3,"type":83116},"Q89934":{"code":89934,"name":"community of Belgium (Q89934)","p":-3,"type":89934},"Q956214":{"code":956214,"name":"chef-lieu (Q956214)","p":-3,"type":956214},"Q2472587":{"code":2472587,"name":"people (Q2472587)","p":-3,"type":2472587},"Q1852859":{"code":1852859,"name":"cadastral populated place in the Netherlands (Q1852859)","p":-3,"type":1852859},"Q1913217":{"code":1913217,"name":"judicial canton in Belgium (Q1913217)","p":-3,"type":1913217},"Q2202509":{"code":2202509,"name":"Roman city (Q2202509)","p":-3,"type":2202509},"Q2235075":{"code":2235075,"name":"centre city (Q2235075)","p":-3,"type":2235075},"Q231002":{"code":231002,"name":"nationality (Q231002)","p":-3,"type":231002},"Q1375749":{"code":1375749,"name":"European City (Q1375749)","p":-3,"type":1375749},"Q1397926":{"code":1397926,"name":"refugee crisis (Q1397926)","p":-3,"type":1397926},"Q2597772":{"code":2597772,"name":"district of Antwerp (Q2597772)","p":-3,"type":2597772},"Q2785216":{"code":2785216,"name":"municipality section (Q2785216)","p":-3,"type":2785216},"Q21752084":{"code":21752084,"name":"Roman archaeological site (Q21752084)","p":-3,"type":21752084},"Q863974":{"code":863974,"name":"lake island (Q863974)","p":-3,"type":863974},"Q866196":{"code":866196,"name":"episcopal see (Q866196)","p":-3,"type":866196},"Q15273785":{"code":15273785,"name":"Belgian municipality with the title of city (Q15273785)","p":-3,"type":15273785},"Q15310171":{"code":15310171,"name":"seaport (Q15310171)","p":-3,"type":15310171}}