{"Q3":{"code":3,"name":"ROOT","type":634},"Q15893266":{"code":15893266,"name":"FORMER","p":3,"type":15893266},"Q24017414":{"code":24017414,"name":"MISC","p":3,"type":24017414},"Q183039":{"code":183039,"name":"COUNTRY","p":3,"type":183039},"Q56061":{"code":56061,"name":"admin","p":3,"type":56061},"Q486972":{"code":486972,"name":"settled","p":3,"type":486972},"Q2625603":{"code":2625603,"name":"population","p":3,"type":2625603},"Q51041800":{"code":51041800,"name":"religious","p":3,"type":51041800},"Q659390":{"code":659390,"name":"construct","p":3,"type":659390},"Q104098715":{"code":104098715,"name":"territorial entity type","p":3,"type":104098715},"Q2221906":{"code":2221906,"name":"geo","p":3,"type":2221906},"Q19953632":{"code":19953632,"name":"former admin","p":15893266,"type":19953632},"Q5962346":{"code":5962346,"name":"classification system","p":24017414,"type":5962346},"Q11834037":{"code":11834037,"name":"physico-geographical regionalization","p":5962346,"type":11834037},"Q25894868":{"code":25894868,"name":"place type","p":24017414,"type":25894868},"Q41710":{"code":41710,"name":"ethnic group","p":24017414,"type":41710},"Q23442":{"code":23442,"name":"island","p":25894868,"type":23442},"Q15617994":{"code":15617994,"name":"designation for an administrative territorial entity","p":24017414,"type":15617994},"Q111972893":{"code":111972893,"name":"type of structure","p":24017414,"type":111972893},"Q811979":{"code":811979,"name":"architectural structure","p":111972893,"type":811979},"Q41176":{"code":41176,"name":"building","p":811979,"type":41176},"Q96084375":{"code":96084375,"name":"former building or structure","p":41176,"type":96084375},"Q12292478":{"code":12292478,"name":"estate","p":811979,"type":12292478},"Q875157":{"code":875157,"name":"resort","p":12292478,"type":875157},"Q699405":{"code":699405,"name":"residence","p":811979,"type":699405},"Q5890494":{"code":5890494,"name":"homestead","p":699405,"type":5890494},"Q11755880":{"code":11755880,"name":"residential building","p":699405,"type":11755880},"Q113489728":{"code":113489728,"name":"OECD country","p":183039,"type":113489728},"Q1307214":{"code":1307214,"name":"form of government","p":183039,"type":1307214},"Q6256":{"code":6256,"name":"country","p":183039,"type":6256},"Q171308":{"code":171308,"name":"oblast","p":56061,"type":171308},"Q15621274":{"code":15621274,"name":"enclave or exclave","p":56061,"type":15621274},"Q3024240":{"code":3024240,"name":"historical country","p":19953632,"type":3024240},"Q12076836":{"code":12076836,"name":"of a single country","p":56061,"type":12076836},"Q2520520":{"code":2520520,"name":"administrative territorial entity of Hungary","p":12076836,"type":2520520},"Q697379":{"code":697379,"name":"administrative territorial entity of Romania","p":12076836,"type":697379},"Q15620181":{"code":15620181,"name":"administrative territorial entity of Estonia","p":12076836,"type":15620181},"Q1799794":{"code":1799794,"name":"By level","p":56061,"type":1799794},"Q788176":{"code":788176,"name":"autonomous administrative territorial entity","p":56061,"type":788176},"Q10864048":{"code":10864048,"name":"A1","p":1799794,"type":10864048},"Q13220204":{"code":13220204,"name":"A2","p":1799794,"type":13220204},"Q13221722":{"code":13221722,"name":"A3","p":1799794,"type":13221722},"Q14757767":{"code":14757767,"name":"A4","p":1799794,"type":14757767},"Q4976993":{"code":4976993,"name":"civil parish","p":14757767,"type":4976993},"Q7275":{"code":7275,"name":"state","p":56061,"type":7275},"Q702492":{"code":702492,"name":"urban area","p":486972,"type":702492},"Q515":{"code":515,"name":"city","p":486972,"type":515},"Q532":{"code":532,"name":"village","p":486972,"type":532},"Q618299":{"code":618299,"name":"settlement","p":486972,"type":618299},"Q15284":{"code":15284,"name":"municipality","p":486972,"type":15284},"Q15253706":{"code":15253706,"name":"like a city","p":486972,"type":15253706},"Q244793":{"code":244793,"name":"twin cities","p":486972,"type":244793},"Q676050":{"code":676050,"name":"old town","p":486972,"type":676050},"Q1782540":{"code":1782540,"name":"railway town","p":486972,"type":1782540},"Q98966309":{"code":98966309,"name":"classification of human settlements","p":486972,"type":98966309},"Q7930989":{"code":7930989,"name":"city or town","p":486972,"type":7930989},"Q33829":{"code":33829,"name":"human population","p":2625603,"type":33829},"Q1492823":{"code":1492823,"name":"ecclesiastical district","p":51041800,"type":1492823},"Q20926517":{"code":20926517,"name":"religious administrative territorial entity","p":51041800,"type":20926517},"Q665487":{"code":665487,"name":"diocese","p":20926517,"type":665487},"Q471855":{"code":471855,"name":"jurisdiction","p":659390,"type":471855},"Q2665272":{"code":2665272,"name":"Ecclesiastical circumscription immediately subject to the Holy See","p":471855,"type":2665272},"Q618123":{"code":618123,"name":"geographical feature","p":2221906,"type":618123},"Q1291195":{"code":1291195,"name":"place of discovery","p":618123,"type":1291195},"Q82794":{"code":82794,"name":"geographic region","p":618123,"type":82794},"Q106589819":{"code":106589819,"name":"elevation","p":618123,"type":106589819},"Q74817647":{"code":74817647,"name":"aspect in a geographic region","p":82794,"type":74817647},"Q205895":{"code":205895,"name":"landmass","p":82794,"type":205895},"Q183366":{"code":183366,"name":"territory","p":82794,"type":183366},"Q4835091":{"code":4835091,"name":"territory","p":82794,"type":4835091},"Q15642541":{"code":15642541,"name":"human-geographic territorial entity","p":183366,"type":15642541},"Q5119":{"code":5119,"name":"capital city","p":515,"type":5119},"Q3957":{"code":3957,"name":"town","p":98966309,"type":3957},"Q7270":{"code":7270,"name":"republic","p":183039,"type":7270},"Q8502":{"code":8502,"name":"mountain","p":106589819,"type":8502},"Q33837":{"code":33837,"name":"archipelago","p":205895,"type":33837},"Q192611":{"code":192611,"name":"electoral district","p":56061,"type":192611},"Q207524":{"code":207524,"name":"islet","p":23442,"type":207524},"Q734818":{"code":734818,"name":"condominium","p":1307214,"type":734818},"Q902814":{"code":902814,"name":"border town","p":7930989,"type":902814},"Q373074":{"code":373074,"name":"suffragan diocese","p":15617994,"type":373074},"Q1973416":{"code":1973416,"name":"type locality","p":618123,"type":1973416},"Q2074737":{"code":2074737,"name":"municipality of Spain","p":15284,"type":2074737},"Q105388829":{"code":105388829,"name":"Latin Catholic diocese","p":20926517,"type":105388829},"Q3257686":{"code":3257686,"name":"locality","p":486972,"type":3257686},"Q3624078":{"code":3624078,"name":"sovereign state","p":6256,"type":3624078},"Q1317251":{"code":1317251,"name":"fishing village","p":532,"type":1317251},"Q1549591":{"code":1549591,"name":"big city","p":98966309,"type":1549591},"Q4445055":{"code":4445055,"name":"subregion of Portugal","p":82794,"type":4445055},"Q9096832":{"code":9096832,"name":"paleontological site","p":1291195,"type":9096832},"Q12593969":{"code":12593969,"name":"patriarchate of the Catholic Church","p":1492823,"type":12593969},"Q15239622":{"code":15239622,"name":"disputed territory","p":183366,"type":15239622},"Q15303838":{"code":15303838,"name":"municipality seat","p":5119,"type":15303838},"Q15647906":{"code":15647906,"name":"city of Portugal","p":515,"type":15647906},"Q17152565":{"code":17152565,"name":"international zone","p":56061,"type":17152565},"Q19833170":{"code":19833170,"name":"town of Portugal","p":3957,"type":19833170},"Q20181813":{"code":20181813,"name":"colonial power","p":3624078,"type":20181813},"Q26934845":{"code":26934845,"name":"integral overseas territory","p":56061,"type":26934845},"Q130360":{"code":130360,"name":"","p":486972,"type":130360},"Q-1":{"code":-1,"name":"INVALID","p":3,"type":-1},"Q8436":{"code":8436,"name":"family (Q8436)","p":-1,"type":8436},"Q35120":{"code":35120,"name":"entity (Q35120)","p":-1,"type":35120},"Q161243":{"code":161243,"name":"dependent territory (Q161243)","p":-1,"type":161243},"Q223557":{"code":223557,"name":"physical object (Q223557)","p":-1,"type":223557},"Q380230":{"code":380230,"name":"administrative territorial entity of Portugal (Q380230)","p":-1,"type":380230},"Q1786721":{"code":1786721,"name":"NUTS statistical regions of Portugal (Q1786721)","p":-1,"type":1786721},"Q2434238":{"code":2434238,"name":"heritage (Q2434238)","p":-1,"type":2434238},"Q2590631":{"code":2590631,"name":"municipality of Hungary (Q2590631)","p":-1,"type":2590631},"Q15646667":{"code":15646667,"name":"administrative territorial entity of more than one country (Q15646667)","p":-1,"type":15646667},"Q23764314":{"code":23764314,"name":"sports location (Q23764314)","p":-1,"type":23764314},"Q28872924":{"code":28872924,"name":"designation for an administrative territorial entity of a single country (Q28872924)","p":-1,"type":28872924},"Q111737478":{"code":111737478,"name":"catholic ecclesiastical district (Q111737478)","p":-1,"type":111737478},"Q-3":{"code":-3,"name":"UNLINKED","p":3,"type":-3},"Q210272":{"code":210272,"name":"cultural heritage (Q210272)","p":-3,"type":210272},"Q153026":{"code":153026,"name":"Euroregion (Q153026)","p":-3,"type":153026},"Q164142":{"code":164142,"name":"protectorate (Q164142)","p":-3,"type":164142},"Q848323":{"code":848323,"name":"Bosta (Q848323)","p":-3,"type":848323},"Q1131296":{"code":1131296,"name":"freguesia of Portugal (Q1131296)","p":-3,"type":1131296},"Q105390172":{"code":105390172,"name":"Roman Catholic metropolitan archdiocese (Q105390172)","p":-3,"type":105390172},"Q107529920":{"code":107529920,"name":"geosite (Q107529920)","p":-3,"type":107529920},"Q2363637":{"code":2363637,"name":"former Portuguese province (Q2363637)","p":-3,"type":2363637},"Q2368508":{"code":2368508,"name":"surf spot (Q2368508)","p":-3,"type":2368508},"Q2914565":{"code":2914565,"name":"autonomous region of Portugal (Q2914565)","p":-3,"type":2914565},"Q3455656":{"code":3455656,"name":"region of Portugal (Q3455656)","p":-3,"type":3455656},"Q13217644":{"code":13217644,"name":"municipality of Portugal (Q13217644)","p":-3,"type":13217644},"Q13417114":{"code":13417114,"name":"noble family (Q13417114)","p":-3,"type":13417114},"Q41806065":{"code":41806065,"name":"district of Portugal (Q41806065)","p":-3,"type":41806065}}