{"Q3":{"code":3,"name":"ROOT","type":634},"Q15893266":{"code":15893266,"name":"FORMER","p":3,"type":15893266},"Q24017414":{"code":24017414,"name":"MISC","p":3,"type":24017414},"Q183039":{"code":183039,"name":"COUNTRY","p":3,"type":183039},"Q56061":{"code":56061,"name":"admin","p":3,"type":56061},"Q486972":{"code":486972,"name":"settled","p":3,"type":486972},"Q51041800":{"code":51041800,"name":"religious","p":3,"type":51041800},"Q2221906":{"code":2221906,"name":"geo","p":3,"type":2221906},"Q25894868":{"code":25894868,"name":"place type","p":24017414,"type":25894868},"Q23442":{"code":23442,"name":"island","p":25894868,"type":23442},"Q15617994":{"code":15617994,"name":"designation for an administrative territorial entity","p":24017414,"type":15617994},"Q113489728":{"code":113489728,"name":"OECD country","p":183039,"type":113489728},"Q1307214":{"code":1307214,"name":"form of government","p":183039,"type":1307214},"Q6256":{"code":6256,"name":"country","p":183039,"type":6256},"Q515":{"code":515,"name":"city","p":486972,"type":515},"Q532":{"code":532,"name":"village","p":486972,"type":532},"Q15284":{"code":15284,"name":"municipality","p":486972,"type":15284},"Q676050":{"code":676050,"name":"old town","p":486972,"type":676050},"Q1782540":{"code":1782540,"name":"railway town","p":486972,"type":1782540},"Q98966309":{"code":98966309,"name":"classification of human settlements","p":486972,"type":98966309},"Q7930989":{"code":7930989,"name":"city or town","p":486972,"type":7930989},"Q1492823":{"code":1492823,"name":"ecclesiastical district","p":51041800,"type":1492823},"Q20926517":{"code":20926517,"name":"religious administrative territorial entity","p":51041800,"type":20926517},"Q618123":{"code":618123,"name":"geographical feature","p":2221906,"type":618123},"Q1291195":{"code":1291195,"name":"place of discovery","p":618123,"type":1291195},"Q82794":{"code":82794,"name":"geographic region","p":618123,"type":82794},"Q106589819":{"code":106589819,"name":"elevation","p":618123,"type":106589819},"Q205895":{"code":205895,"name":"landmass","p":82794,"type":205895},"Q183366":{"code":183366,"name":"territory","p":82794,"type":183366},"Q3957":{"code":3957,"name":"town","p":98966309,"type":3957},"Q5119":{"code":5119,"name":"capital city","p":515,"type":5119},"Q7270":{"code":7270,"name":"republic","p":183039,"type":7270},"Q8502":{"code":8502,"name":"mountain","p":106589819,"type":8502},"Q33837":{"code":33837,"name":"archipelago","p":205895,"type":33837},"Q192611":{"code":192611,"name":"electoral district","p":56061,"type":192611},"Q207524":{"code":207524,"name":"islet","p":23442,"type":207524},"Q373074":{"code":373074,"name":"suffragan diocese","p":15617994,"type":373074},"Q734818":{"code":734818,"name":"condominium","p":1307214,"type":734818},"Q1317251":{"code":1317251,"name":"fishing village","p":532,"type":1317251},"Q1549591":{"code":1549591,"name":"big city","p":98966309,"type":1549591},"Q902814":{"code":902814,"name":"border town","p":7930989,"type":902814},"Q1973416":{"code":1973416,"name":"type locality","p":618123,"type":1973416},"Q2074737":{"code":2074737,"name":"municipality of Spain","p":15284,"type":2074737},"Q3257686":{"code":3257686,"name":"locality","p":486972,"type":3257686},"Q3624078":{"code":3624078,"name":"sovereign state","p":6256,"type":3624078},"Q4445055":{"code":4445055,"name":"subregion of Portugal","p":82794,"type":4445055},"Q9096832":{"code":9096832,"name":"paleontological site","p":1291195,"type":9096832},"Q12593969":{"code":12593969,"name":"patriarchate of the Catholic Church","p":1492823,"type":12593969},"Q15239622":{"code":15239622,"name":"disputed territory","p":183366,"type":15239622},"Q15303838":{"code":15303838,"name":"municipality seat","p":5119,"type":15303838},"Q15647906":{"code":15647906,"name":"city of Portugal","p":515,"type":15647906},"Q17152565":{"code":17152565,"name":"international zone","p":56061,"type":17152565},"Q26934845":{"code":26934845,"name":"integral overseas territory","p":56061,"type":26934845},"Q105388829":{"code":105388829,"name":"Latin Catholic diocese","p":20926517,"type":105388829},"Q105390172":{"code":105390172,"name":"Roman Catholic metropolitan archdiocese","p":51041800,"type":105390172},"Q19833170":{"code":19833170,"name":"town of Portugal","p":3957,"type":19833170},"Q20181813":{"code":20181813,"name":"colonial power","p":3624078,"type":20181813},"Q130360":{"code":130360,"name":"","p":486972,"type":130360},"Q-3":{"code":-3,"name":"UNLINKED","p":3,"type":-3},"Q153026":{"code":153026,"name":"Euroregion (Q153026)","p":-3,"type":153026},"Q164142":{"code":164142,"name":"protectorate (Q164142)","p":-3,"type":164142},"Q210272":{"code":210272,"name":"cultural heritage (Q210272)","p":-3,"type":210272},"Q1131296":{"code":1131296,"name":"freguesia of Portugal (Q1131296)","p":-3,"type":1131296},"Q848323":{"code":848323,"name":"Bosta (Q848323)","p":-3,"type":848323},"Q2363637":{"code":2363637,"name":"former Portuguese province (Q2363637)","p":-3,"type":2363637},"Q2368508":{"code":2368508,"name":"surf spot (Q2368508)","p":-3,"type":2368508},"Q2914565":{"code":2914565,"name":"autonomous region of Portugal (Q2914565)","p":-3,"type":2914565},"Q3455656":{"code":3455656,"name":"region of Portugal (Q3455656)","p":-3,"type":3455656},"Q13217644":{"code":13217644,"name":"municipality of Portugal (Q13217644)","p":-3,"type":13217644},"Q13417114":{"code":13417114,"name":"noble family (Q13417114)","p":-3,"type":13417114},"Q41806065":{"code":41806065,"name":"district of Portugal (Q41806065)","p":-3,"type":41806065},"Q107529920":{"code":107529920,"name":"geosite (Q107529920)","p":-3,"type":107529920}}