{"Q3":{"code":3,"name":"ROOT","type":634},"Q24017414":{"code":24017414,"name":"MISC","p":3,"type":24017414},"Q183039":{"code":183039,"name":"COUNTRY","p":3,"type":183039},"Q56061":{"code":56061,"name":"admin","p":3,"type":56061},"Q486972":{"code":486972,"name":"settled","p":3,"type":486972},"Q51041800":{"code":51041800,"name":"religious","p":3,"type":51041800},"Q2221906":{"code":2221906,"name":"geo","p":3,"type":2221906},"Q25894868":{"code":25894868,"name":"place type","p":24017414,"type":25894868},"Q23442":{"code":23442,"name":"island","p":25894868,"type":23442},"Q15617994":{"code":15617994,"name":"designation for an administrative territorial entity","p":24017414,"type":15617994},"Q113489728":{"code":113489728,"name":"OECD country","p":183039,"type":113489728},"Q6256":{"code":6256,"name":"country","p":183039,"type":6256},"Q1799794":{"code":1799794,"name":"By level","p":56061,"type":1799794},"Q10864048":{"code":10864048,"name":"A1","p":1799794,"type":10864048},"Q13220204":{"code":13220204,"name":"A2","p":1799794,"type":13220204},"Q515":{"code":515,"name":"city","p":486972,"type":515},"Q98966309":{"code":98966309,"name":"classification of human settlements","p":486972,"type":98966309},"Q7930989":{"code":7930989,"name":"city or town","p":486972,"type":7930989},"Q20926517":{"code":20926517,"name":"religious administrative territorial entity","p":51041800,"type":20926517},"Q665487":{"code":665487,"name":"diocese","p":20926517,"type":665487},"Q618123":{"code":618123,"name":"geographical feature","p":2221906,"type":618123},"Q82794":{"code":82794,"name":"geographic region","p":618123,"type":82794},"Q205895":{"code":205895,"name":"landmass","p":82794,"type":205895},"Q183366":{"code":183366,"name":"territory","p":82794,"type":183366},"Q15642541":{"code":15642541,"name":"human-geographic territorial entity","p":183366,"type":15642541},"Q5119":{"code":5119,"name":"capital city","p":515,"type":5119},"Q34763":{"code":34763,"name":"peninsula","p":205895,"type":34763},"Q200250":{"code":200250,"name":"metropolis","p":486972,"type":200250},"Q1549591":{"code":1549591,"name":"big city","p":98966309,"type":1549591},"Q1637706":{"code":1637706,"name":"million city","p":1549591,"type":1637706},"Q482821":{"code":482821,"name":"metropolitan city of South Korea","p":515,"type":482821},"Q483515":{"code":483515,"name":"myeon","p":15617994,"type":483515},"Q483519":{"code":483519,"name":"ri","p":15617994,"type":483519},"Q490329":{"code":490329,"name":"dong of South Korea","p":15617994,"type":490329},"Q1907114":{"code":1907114,"name":"metropolitan area","p":56061,"type":1907114},"Q1520223":{"code":1520223,"name":"constitutional republic","p":183039,"type":1520223},"Q2264924":{"code":2264924,"name":"port settlement","p":515,"type":2264924},"Q3146899":{"code":3146899,"name":"diocese of the Catholic Church","p":665487,"type":3146899},"Q3624078":{"code":3624078,"name":"sovereign state","p":6256,"type":3624078},"Q2072238":{"code":2072238,"name":"archdiocese","p":665487,"type":2072238},"Q4249901":{"code":4249901,"name":"special-status city","p":1549591,"type":4249901},"Q51929311":{"code":51929311,"name":"largest city","p":7930989,"type":51929311},"Q108454666":{"code":108454666,"name":"big city of South Korea","p":1549591,"type":108454666},"Q108454687":{"code":108454687,"name":"half million city","p":515,"type":108454687},"Q11279677":{"code":11279677,"name":"special self-governing province of South Korea","p":56061,"type":11279677},"Q15901936":{"code":15901936,"name":"district of South Korea","p":15617994,"type":15901936},"Q15634846":{"code":15634846,"name":"district of Seoul","p":15901936,"type":15634846},"Q29045252":{"code":29045252,"name":"city of South Korea","p":515,"type":29045252},"Q50330360":{"code":50330360,"name":"second largest city","p":7930989,"type":50330360},"Q16181672":{"code":16181672,"name":"special autonomous city in South Korea","p":15617994,"type":16181672},"Q24024848":{"code":24024848,"name":"eup of South Korea","p":15617994,"type":24024848},"Q-3":{"code":-3,"name":"UNLINKED","p":3,"type":-3},"Q174844":{"code":174844,"name":"megacity (Q174844)","p":-3,"type":174844},"Q570116":{"code":570116,"name":"tourist attraction (Q570116)","p":-3,"type":570116},"Q1530022":{"code":1530022,"name":"religious organization (Q1530022)","p":-3,"type":1530022},"Q105390172":{"code":105390172,"name":"Roman Catholic metropolitan archdiocese (Q105390172)","p":-3,"type":105390172},"Q4925355":{"code":4925355,"name":"province of South Korea (Q4925355)","p":-3,"type":4925355},"Q6763949":{"code":6763949,"name":"beopjeongdong (Q6763949)","p":-3,"type":6763949},"Q7574799":{"code":7574799,"name":"special city of South Korea (Q7574799)","p":-3,"type":7574799},"Q12624746":{"code":12624746,"name":"administrative city in South Korea (Q12624746)","p":-3,"type":12624746},"Q17143371":{"code":17143371,"name":"county of South Korea (Q17143371)","p":-3,"type":17143371}}