{"Q3":{"code":3,"name":"ROOT","type":634},"Q15893266":{"code":15893266,"name":"FORMER","p":3,"type":15893266},"Q24017414":{"code":24017414,"name":"MISC","p":3,"type":24017414},"Q183039":{"code":183039,"name":"COUNTRY","p":3,"type":183039},"Q56061":{"code":56061,"name":"admin","p":3,"type":56061},"Q486972":{"code":486972,"name":"settled","p":3,"type":486972},"Q2625603":{"code":2625603,"name":"population","p":3,"type":2625603},"Q51041800":{"code":51041800,"name":"religious","p":3,"type":51041800},"Q659390":{"code":659390,"name":"construct","p":3,"type":659390},"Q104098715":{"code":104098715,"name":"territorial entity type","p":3,"type":104098715},"Q2221906":{"code":2221906,"name":"geo","p":3,"type":2221906},"Q19953632":{"code":19953632,"name":"former admin","p":15893266,"type":19953632},"Q5962346":{"code":5962346,"name":"classification system","p":24017414,"type":5962346},"Q11834037":{"code":11834037,"name":"physico-geographical regionalization","p":5962346,"type":11834037},"Q25894868":{"code":25894868,"name":"place type","p":24017414,"type":25894868},"Q41710":{"code":41710,"name":"ethnic group","p":24017414,"type":41710},"Q23442":{"code":23442,"name":"island","p":25894868,"type":23442},"Q15617994":{"code":15617994,"name":"designation for an administrative territorial entity","p":24017414,"type":15617994},"Q111972893":{"code":111972893,"name":"type of structure","p":24017414,"type":111972893},"Q811979":{"code":811979,"name":"architectural structure","p":111972893,"type":811979},"Q41176":{"code":41176,"name":"building","p":811979,"type":41176},"Q96084375":{"code":96084375,"name":"former building or structure","p":41176,"type":96084375},"Q12292478":{"code":12292478,"name":"estate","p":811979,"type":12292478},"Q875157":{"code":875157,"name":"resort","p":12292478,"type":875157},"Q699405":{"code":699405,"name":"residence","p":811979,"type":699405},"Q5890494":{"code":5890494,"name":"homestead","p":699405,"type":5890494},"Q11755880":{"code":11755880,"name":"residential building","p":699405,"type":11755880},"Q113489728":{"code":113489728,"name":"OECD country","p":183039,"type":113489728},"Q1307214":{"code":1307214,"name":"form of government","p":183039,"type":1307214},"Q6256":{"code":6256,"name":"country","p":183039,"type":6256},"Q171308":{"code":171308,"name":"oblast","p":56061,"type":171308},"Q15621274":{"code":15621274,"name":"enclave or exclave","p":56061,"type":15621274},"Q3024240":{"code":3024240,"name":"historical country","p":19953632,"type":3024240},"Q12076836":{"code":12076836,"name":"of a single country","p":56061,"type":12076836},"Q2520520":{"code":2520520,"name":"administrative territorial entity of Hungary","p":12076836,"type":2520520},"Q697379":{"code":697379,"name":"administrative territorial entity of Romania","p":12076836,"type":697379},"Q15620181":{"code":15620181,"name":"administrative territorial entity of Estonia","p":12076836,"type":15620181},"Q1799794":{"code":1799794,"name":"By level","p":56061,"type":1799794},"Q788176":{"code":788176,"name":"autonomous administrative territorial entity","p":56061,"type":788176},"Q10864048":{"code":10864048,"name":"A1","p":1799794,"type":10864048},"Q13220204":{"code":13220204,"name":"A2","p":1799794,"type":13220204},"Q13221722":{"code":13221722,"name":"A3","p":1799794,"type":13221722},"Q14757767":{"code":14757767,"name":"A4","p":1799794,"type":14757767},"Q4976993":{"code":4976993,"name":"civil parish","p":14757767,"type":4976993},"Q7275":{"code":7275,"name":"state","p":56061,"type":7275},"Q702492":{"code":702492,"name":"urban area","p":486972,"type":702492},"Q515":{"code":515,"name":"city","p":486972,"type":515},"Q532":{"code":532,"name":"village","p":486972,"type":532},"Q618299":{"code":618299,"name":"settlement","p":486972,"type":618299},"Q15284":{"code":15284,"name":"municipality","p":486972,"type":15284},"Q15253706":{"code":15253706,"name":"like a city","p":486972,"type":15253706},"Q244793":{"code":244793,"name":"twin cities","p":486972,"type":244793},"Q676050":{"code":676050,"name":"old town","p":486972,"type":676050},"Q1782540":{"code":1782540,"name":"railway town","p":486972,"type":1782540},"Q98966309":{"code":98966309,"name":"classification of human settlements","p":486972,"type":98966309},"Q7930989":{"code":7930989,"name":"city or town","p":486972,"type":7930989},"Q33829":{"code":33829,"name":"human population","p":2625603,"type":33829},"Q1492823":{"code":1492823,"name":"ecclesiastical district","p":51041800,"type":1492823},"Q20926517":{"code":20926517,"name":"religious administrative territorial entity","p":51041800,"type":20926517},"Q665487":{"code":665487,"name":"diocese","p":20926517,"type":665487},"Q471855":{"code":471855,"name":"jurisdiction","p":659390,"type":471855},"Q2665272":{"code":2665272,"name":"Ecclesiastical circumscription immediately subject to the Holy See","p":471855,"type":2665272},"Q618123":{"code":618123,"name":"geographical feature","p":2221906,"type":618123},"Q1291195":{"code":1291195,"name":"place of discovery","p":618123,"type":1291195},"Q82794":{"code":82794,"name":"geographic region","p":618123,"type":82794},"Q106589819":{"code":106589819,"name":"elevation","p":618123,"type":106589819},"Q74817647":{"code":74817647,"name":"aspect in a geographic region","p":82794,"type":74817647},"Q205895":{"code":205895,"name":"landmass","p":82794,"type":205895},"Q183366":{"code":183366,"name":"territory","p":82794,"type":183366},"Q4835091":{"code":4835091,"name":"territory","p":82794,"type":4835091},"Q15642541":{"code":15642541,"name":"human-geographic territorial entity","p":183366,"type":15642541},"Q1402592":{"code":1402592,"name":"island group","p":82794,"type":1402592},"Q106259":{"code":106259,"name":"polder","p":82794,"type":106259},"Q123705":{"code":123705,"name":"neighborhood","p":486972,"type":123705},"Q1406318":{"code":1406318,"name":"holiday village","p":811979,"type":1406318},"Q5084":{"code":5084,"name":"hamlet","p":15617994,"type":5084},"Q1484611":{"code":1484611,"name":"buurtschap","p":5084,"type":1484611},"Q1493533":{"code":1493533,"name":"parish village","p":532,"type":1493533},"Q1499928":{"code":1499928,"name":"Gemarkung","p":56061,"type":1499928},"Q262166":{"code":262166,"name":"municipality of Germany","p":15284,"type":262166},"Q134626":{"code":134626,"name":"district capital","p":262166,"type":134626},"Q4946461":{"code":4946461,"name":"spa town","p":486972,"type":4946461},"Q1595408":{"code":1595408,"name":"climatic health resort","p":4946461,"type":1595408},"Q1620908":{"code":1620908,"name":"historical region","p":56061,"type":1620908},"Q1549591":{"code":1549591,"name":"big city","p":98966309,"type":1549591},"Q1637706":{"code":1637706,"name":"million city","p":1549591,"type":1637706},"Q1907114":{"code":1907114,"name":"metropolitan area","p":56061,"type":1907114},"Q159313":{"code":159313,"name":"urban agglomeration","p":702492,"type":159313},"Q1547289":{"code":1547289,"name":"Luther city","p":515,"type":1547289},"Q42744322":{"code":42744322,"name":"urban municipality of Germany","p":515,"type":42744322},"Q1548518":{"code":1548518,"name":"large district town","p":42744322,"type":1548518},"Q1548525":{"code":1548525,"name":"large independent city of Lower Saxony","p":42744322,"type":1548525},"Q34763":{"code":34763,"name":"peninsula","p":205895,"type":34763},"Q1650922":{"code":1650922,"name":"rural municipality","p":262166,"type":1650922},"Q1662118":{"code":1662118,"name":"industrial city","p":515,"type":1662118},"Q1669338":{"code":1669338,"name":"Ortslage","p":486972,"type":1669338},"Q2267870":{"code":2267870,"name":"independent community","p":262166,"type":2267870},"Q2282602":{"code":2282602,"name":"group of houses","p":123705,"type":2282602},"Q133442":{"code":133442,"name":"city-state","p":515,"type":133442},"Q1739536":{"code":1739536,"name":"inner city","p":123705,"type":1739536},"Q1815926":{"code":1815926,"name":"effective rural municipality","p":262166,"type":1815926},"Q1852178":{"code":1852178,"name":"locality of Düsseldorf","p":56061,"type":1852178},"Q200250":{"code":200250,"name":"metropolis","p":486972,"type":200250},"Q1973416":{"code":1973416,"name":"type locality","p":618123,"type":1973416},"Q2039348":{"code":2039348,"name":"municipality of the Netherlands","p":15284,"type":2039348},"Q2063507":{"code":2063507,"name":"recreation area","p":4835091,"type":2063507},"Q2264924":{"code":2264924,"name":"port settlement","p":515,"type":2264924},"Q162602":{"code":162602,"name":"river island","p":23442,"type":162602},"Q208511":{"code":208511,"name":"global city","p":515,"type":208511},"Q15661340":{"code":15661340,"name":"ancient city","p":515,"type":15661340},"Q2202509":{"code":2202509,"name":"Roman city","p":15661340,"type":2202509},"Q3624078":{"code":3624078,"name":"sovereign state","p":6256,"type":3624078},"Q3957":{"code":3957,"name":"town","p":98966309,"type":3957},"Q329683":{"code":329683,"name":"industrial zone","p":82794,"type":329683},"Q338313":{"code":338313,"name":"business park","p":123705,"type":338313},"Q350895":{"code":350895,"name":"abandoned village","p":98966309,"type":350895},"Q351190":{"code":351190,"name":"Waldhufendorf","p":486972,"type":351190},"Q202199":{"code":202199,"name":"inland island","p":23442,"type":202199},"Q208500":{"code":208500,"name":"principality","p":1307214,"type":208500},"Q253019":{"code":253019,"name":"Ortsteil","p":123705,"type":253019},"Q3146899":{"code":3146899,"name":"diocese of the Catholic Church","p":665487,"type":3146899},"Q3678424":{"code":3678424,"name":"city with special status","p":42744322,"type":3678424},"Q5119":{"code":5119,"name":"capital city","p":515,"type":5119},"Q43702":{"code":43702,"name":"federation","p":1307214,"type":43702},"Q245260":{"code":245260,"name":"conurbation","p":702492,"type":245260},"Q7270":{"code":7270,"name":"republic","p":183039,"type":7270},"Q317548":{"code":317548,"name":"resort town","p":3957,"type":317548},"Q373074":{"code":373074,"name":"suffragan diocese","p":15617994,"type":373074},"Q378636":{"code":378636,"name":"village with a church","p":532,"type":378636},"Q2983893":{"code":2983893,"name":"quarter","p":56061,"type":2983893},"Q619610":{"code":619610,"name":"social state","p":7275,"type":619610},"Q837766":{"code":837766,"name":"local authority","p":56061,"type":837766},"Q839954":{"code":839954,"name":"archaeological site","p":1291195,"type":839954},"Q2519150":{"code":2519150,"name":"Displaced city","p":486972,"type":2519150},"Q2998465":{"code":2998465,"name":"exarchate","p":51041800,"type":2998465},"Q990488":{"code":990488,"name":"Luftkurort","p":4946461,"type":990488},"Q1021711":{"code":1021711,"name":"seaside resort","p":486972,"type":1021711},"Q13691":{"code":13691,"name":"artificial island","p":23442,"type":13691},"Q3257686":{"code":3257686,"name":"locality","p":486972,"type":3257686},"Q5195043":{"code":5195043,"name":"borough","p":15617994,"type":5195043},"Q15630906":{"code":15630906,"name":"rural district","p":15617994,"type":15630906},"Q5283531":{"code":5283531,"name":"district of Prussia","p":15630906,"type":5283531},"Q6882870":{"code":6882870,"name":"designated spa town","p":4946461,"type":6882870},"Q57318":{"code":57318,"name":"free imperial city","p":15617994,"type":57318},"Q562061":{"code":562061,"name":"market municipality","p":15617994,"type":562061},"Q759421":{"code":759421,"name":"Naturschutzgebiet","p":74817647,"type":759421},"Q820254":{"code":820254,"name":"mining community","p":486972,"type":820254},"Q896881":{"code":896881,"name":"city with tens of thousands of inhabitants","p":515,"type":896881},"Q15830667":{"code":15830667,"name":"quarter of Hamburg","p":123705,"type":15830667},"Q15974307":{"code":15974307,"name":"Einheitsgemeinde of Germany","p":262166,"type":15974307},"Q8502":{"code":8502,"name":"mountain","p":106589819,"type":8502},"Q28337":{"code":28337,"name":"shoal","p":23442,"type":28337},"Q20703":{"code":20703,"name":"high sand","p":28337,"type":20703},"Q21161":{"code":21161,"name":"halligen","p":23442,"type":21161},"Q19730508":{"code":19730508,"name":"former municipality","p":15284,"type":19730508},"Q707813":{"code":707813,"name":"Hanseatic city","p":515,"type":707813},"Q4632675":{"code":4632675,"name":"dwelling place","p":486972,"type":4632675},"Q13539802":{"code":13539802,"name":"place with town rights and privileges","p":15284,"type":13539802},"Q15303838":{"code":15303838,"name":"municipality seat","p":5119,"type":15303838},"Q537250":{"code":537250,"name":"federal city","p":515,"type":537250},"Q748198":{"code":748198,"name":"gay village","p":123705,"type":748198},"Q11183787":{"code":11183787,"name":"Ortschaft","p":15617994,"type":11183787},"Q902814":{"code":902814,"name":"border town","p":7930989,"type":902814},"Q4286337":{"code":4286337,"name":"city district","p":56061,"type":4286337},"Q16823155":{"code":16823155,"name":"Schloss","p":41176,"type":16823155},"Q17278559":{"code":17278559,"name":"quarter of Bremen","p":56061,"type":17278559},"Q17302772":{"code":17302772,"name":"rural district of Saxony-Anhalt","p":837766,"type":17302772},"Q933394":{"code":933394,"name":"exclave","p":15621274,"type":933394},"Q12104567":{"code":12104567,"name":"housing estate","p":123705,"type":12104567},"Q12350930":{"code":12350930,"name":"Kneippkurort","p":4946461,"type":12350930},"Q734818":{"code":734818,"name":"condominium","p":1307214,"type":734818},"Q738570":{"code":738570,"name":"central business district","p":123705,"type":738570},"Q11197007":{"code":11197007,"name":"ethnoreligious group","p":41710,"type":11197007},"Q1269749":{"code":1269749,"name":"town with fewer than 5000 inhabitants","p":3957,"type":1269749},"Q1306755":{"code":1306755,"name":"administrative centre","p":2221906,"type":1306755},"Q1187811":{"code":1187811,"name":"college town","p":515,"type":1187811},"Q451019":{"code":451019,"name":"gutsbezirk","p":15617994,"type":451019},"Q473972":{"code":473972,"name":"protected area","p":56061,"type":473972},"Q1138414":{"code":1138414,"name":"hermitage","p":486972,"type":1138414},"Q15632166":{"code":15632166,"name":"city part of Cologne","p":56061,"type":15632166},"Q1065592":{"code":1065592,"name":"desert island","p":23442,"type":1065592},"Q1066984":{"code":1066984,"name":"financial centre","p":208511,"type":1066984},"Q1074523":{"code":1074523,"name":"planned community","p":486972,"type":1074523},"Q14829592":{"code":14829592,"name":"Haufendorf","p":532,"type":14829592},"Q1180262":{"code":1180262,"name":"residenz","p":41176,"type":1180262},"Q1307779":{"code":1307779,"name":"integrated municipality","p":15284,"type":1307779},"Q1372205":{"code":1372205,"name":"dispersed settlement","p":486972,"type":1372205},"Q1392581":{"code":1392581,"name":"cycling city","p":7930989,"type":1392581},"Q28790362":{"code":28790362,"name":"ethnic community","p":41710,"type":28790362},"Q35034452":{"code":35034452,"name":"locality of Berlin","p":123705,"type":35034452},"Q41778911":{"code":41778911,"name":"Ortsgemeinde of Rhineland-Palatinate","p":262166,"type":41778911},"Q33837":{"code":33837,"name":"archipelago","p":205895,"type":33837},"Q40131033":{"code":40131033,"name":"member city of Eurotowns","p":486972,"type":40131033},"Q54935786":{"code":54935786,"name":"medium-sized district town","p":42744322,"type":54935786},"Q63791824":{"code":63791824,"name":"country bordering the Baltic Sea","p":3624078,"type":63791824},"Q61708053":{"code":61708053,"name":"independent city of Saxony-Anhalt","p":515,"type":61708053},"Q61793460":{"code":61793460,"name":"rural district of Brandenburg","p":837766,"type":61793460},"Q61793478":{"code":61793478,"name":"district independent city of Brandenburg","p":837766,"type":61793478},"Q50330360":{"code":50330360,"name":"second largest city","p":7930989,"type":50330360},"Q51929311":{"code":51929311,"name":"largest city","p":7930989,"type":51929311},"Q52103661":{"code":52103661,"name":"former island","p":23442,"type":52103661},"Q67123843":{"code":67123843,"name":"town divided by border","p":244793,"type":67123843},"Q79337953":{"code":79337953,"name":"district of Kiel","p":56061,"type":79337953},"Q79416466":{"code":79416466,"name":"Neighborhood of Frankfurt","p":123705,"type":79416466},"Q79423884":{"code":79423884,"name":"quarter in Leipzig, Germany","p":56061,"type":79423884},"Q79424059":{"code":79424059,"name":"district of Chemnitz","p":56061,"type":79424059},"Q85332736":{"code":85332736,"name":"district of Lower Saxony","p":15642541,"type":85332736},"Q97312698":{"code":97312698,"name":"city district in Hannover, Germany","p":56061,"type":97312698},"Q105388829":{"code":105388829,"name":"Latin Catholic diocese","p":20926517,"type":105388829},"Q15727673":{"code":15727673,"name":"city district of Hanover","p":15617994,"type":15727673},"Q1006421":{"code":1006421,"name":"","p":486972,"type":1006421},"Q1271762":{"code":1271762,"name":"","p":23442,"type":1271762},"Q1544184":{"code":1544184,"name":"","p":15284,"type":1544184},"Q1699960":{"code":1699960,"name":"","p":486972,"type":1699960},"Q1973360":{"code":1973360,"name":"","p":23442,"type":1973360},"Q28050899":{"code":28050899,"name":"","p":123705,"type":28050899},"Q56754679":{"code":56754679,"name":"","p":13221722,"type":56754679},"Q-1":{"code":-1,"name":"INVALID","p":3,"type":-1},"Q358":{"code":358,"name":"heritage site (Q358)","p":-1,"type":358},"Q3947":{"code":3947,"name":"house (Q3947)","p":-1,"type":3947},"Q15324":{"code":15324,"name":"body of water (Q15324)","p":-1,"type":15324},"Q22652":{"code":22652,"name":"green space (Q22652)","p":-1,"type":22652},"Q22865":{"code":22865,"name":"independent city of Germany (Q22865)","p":-1,"type":22865},"Q32880":{"code":32880,"name":"architectural style (Q32880)","p":-1,"type":32880},"Q34876":{"code":34876,"name":"province (Q34876)","p":-1,"type":34876},"Q35509":{"code":35509,"name":"cave (Q35509)","p":-1,"type":35509},"Q36192":{"code":36192,"name":"folklore (Q36192)","p":-1,"type":36192},"Q37654":{"code":37654,"name":"market (Q37654)","p":-1,"type":37654},"Q44494":{"code":44494,"name":"mill (Q44494)","p":-1,"type":44494},"Q151885":{"code":151885,"name":"concept (Q151885)","p":-1,"type":151885},"Q170321":{"code":170321,"name":"wetland (Q170321)","p":-1,"type":170321},"Q192611":{"code":192611,"name":"electoral district (Q192611)","p":-1,"type":192611},"Q216353":{"code":216353,"name":"title (Q216353)","p":-1,"type":216353},"Q269528":{"code":269528,"name":"unincorporated area (Q269528)","p":-1,"type":269528},"Q271669":{"code":271669,"name":"landform (Q271669)","p":-1,"type":271669},"Q314097":{"code":314097,"name":"municipality association of Germany (Q314097)","p":-1,"type":314097},"Q333170":{"code":333170,"name":"fall structure (Q333170)","p":-1,"type":333170},"Q337567":{"code":337567,"name":"still waters (Q337567)","p":-1,"type":337567},"Q351389":{"code":351389,"name":"ethnic minority (Q351389)","p":-1,"type":351389},"Q387917":{"code":387917,"name":"administrative territorial entity of Germany (Q387917)","p":-1,"type":387917},"Q470540":{"code":470540,"name":"seat (Q470540)","p":-1,"type":470540},"Q622499":{"code":622499,"name":"refugee camp (Q622499)","p":-1,"type":622499},"Q654772":{"code":654772,"name":"hostel (Q654772)","p":-1,"type":654772},"Q697295":{"code":697295,"name":"shrine (Q697295)","p":-1,"type":697295},"Q874405":{"code":874405,"name":"social group (Q874405)","p":-1,"type":874405},"Q879050":{"code":879050,"name":"manor house (Q879050)","p":-1,"type":879050},"Q960648":{"code":960648,"name":"point of interest (Q960648)","p":-1,"type":960648},"Q988108":{"code":988108,"name":"club (Q988108)","p":-1,"type":988108},"Q1048835":{"code":1048835,"name":"political territorial entity (Q1048835)","p":-1,"type":1048835},"Q1192543":{"code":1192543,"name":"legal doctrine (Q1192543)","p":-1,"type":1192543},"Q1263068":{"code":1263068,"name":"duplicate entry (Q1263068)","p":-1,"type":1263068},"Q1370598":{"code":1370598,"name":"structure of worship (Q1370598)","p":-1,"type":1370598},"Q1497364":{"code":1497364,"name":"building complex (Q1497364)","p":-1,"type":1497364},"Q1499065":{"code":1499065,"name":"spiritual territory (Q1499065)","p":-1,"type":1499065},"Q1636444":{"code":1636444,"name":"Award scheme (Q1636444)","p":-1,"type":1636444},"Q1785071":{"code":1785071,"name":"fort (Q1785071)","p":-1,"type":1785071},"Q1969448":{"code":1969448,"name":"term (Q1969448)","p":-1,"type":1969448},"Q2520712":{"code":2520712,"name":"administrative co-operation in Germany (Q2520712)","p":-1,"type":2520712},"Q3320743":{"code":3320743,"name":"title of honor (Q3320743)","p":-1,"type":3320743},"Q3354725":{"code":3354725,"name":"prison camp (Q3354725)","p":-1,"type":3354725},"Q4656150":{"code":4656150,"name":"Wikimedia project policies and guidelines (Q4656150)","p":-1,"type":4656150},"Q6044472":{"code":6044472,"name":"intentional living (Q6044472)","p":-1,"type":6044472},"Q6501447":{"code":6501447,"name":"local government (Q6501447)","p":-1,"type":6501447},"Q11271835":{"code":11271835,"name":"state capital (Q11271835)","p":-1,"type":11271835},"Q12769393":{"code":12769393,"name":"end (Q12769393)","p":-1,"type":12769393},"Q12819564":{"code":12819564,"name":"station (Q12819564)","p":-1,"type":12819564},"Q13473501":{"code":13473501,"name":"collective (Q13473501)","p":-1,"type":13473501},"Q15042037":{"code":15042037,"name":"statistical territorial entity (Q15042037)","p":-1,"type":15042037},"Q15630827":{"code":15630827,"name":"undefined (Q15630827)","p":-1,"type":15630827},"Q16522751":{"code":16522751,"name":"undefined (Q16522751)","p":-1,"type":16522751},"Q17334923":{"code":17334923,"name":"undefined (Q17334923)","p":-1,"type":17334923},"Q24398318":{"code":24398318,"name":"undefined (Q24398318)","p":-1,"type":24398318},"Q27096235":{"code":27096235,"name":"undefined (Q27096235)","p":-1,"type":27096235},"Q27955379":{"code":27955379,"name":"undefined (Q27955379)","p":-1,"type":27955379},"Q28872924":{"code":28872924,"name":"undefined (Q28872924)","p":-1,"type":28872924},"Q29028649":{"code":29028649,"name":"undefined (Q29028649)","p":-1,"type":29028649},"Q33104069":{"code":33104069,"name":"undefined (Q33104069)","p":-1,"type":33104069},"Q35145263":{"code":35145263,"name":"undefined (Q35145263)","p":-1,"type":35145263},"Q39364723":{"code":39364723,"name":"undefined (Q39364723)","p":-1,"type":39364723},"Q51674872":{"code":51674872,"name":"undefined (Q51674872)","p":-1,"type":51674872},"Q85785387":{"code":85785387,"name":"undefined (Q85785387)","p":-1,"type":85785387},"Q106589826":{"code":106589826,"name":"undefined (Q106589826)","p":-1,"type":106589826},"Q111737478":{"code":111737478,"name":"undefined (Q111737478)","p":-1,"type":111737478},"Q115977752":{"code":115977752,"name":"undefined (Q115977752)","p":-1,"type":115977752},"Q-3":{"code":-3,"name":"UNLINKED","p":3,"type":-3},"Q105731":{"code":105731,"name":"lock (Q105731)","p":-3,"type":105731},"Q1397926":{"code":1397926,"name":"refugee crisis (Q1397926)","p":-3,"type":1397926},"Q1401585":{"code":1401585,"name":"medium regional center (Q1401585)","p":-3,"type":1401585},"Q106658":{"code":106658,"name":"district of Germany (Q106658)","p":-3,"type":106658},"Q108325":{"code":108325,"name":"chapel (Q108325)","p":-3,"type":108325},"Q1425352":{"code":1425352,"name":"forester's lodge (Q1425352)","p":-3,"type":1425352},"Q1432253":{"code":1432253,"name":"small regional center (Q1432253)","p":-3,"type":1432253},"Q1589077":{"code":1589077,"name":"youth hostel (Q1589077)","p":-3,"type":1589077},"Q1500932":{"code":1500932,"name":"administrative community of Saxony-Anhalt (Q1500932)","p":-3,"type":1500932},"Q1516079":{"code":1516079,"name":"cultural heritage ensemble (Q1516079)","p":-3,"type":1516079},"Q152081":{"code":152081,"name":"concentration camp (Q152081)","p":-3,"type":152081},"Q1526889":{"code":1526889,"name":"location with peat baths (Q1526889)","p":-3,"type":1526889},"Q2264955":{"code":2264955,"name":"coastal spa (Q2264955)","p":-3,"type":2264955},"Q2305818":{"code":2305818,"name":"socialist city (Q2305818)","p":-3,"type":2305818},"Q2324919":{"code":2324919,"name":"state forest (Q2324919)","p":-3,"type":2324919},"Q2327515":{"code":2327515,"name":"city district of Baden-Württemberg (Q2327515)","p":-3,"type":2327515},"Q1780389":{"code":1780389,"name":"special municipality association of Germany (Q1780389)","p":-3,"type":1780389},"Q1901835":{"code":1901835,"name":"seat of government (Q1901835)","p":-3,"type":1901835},"Q4421":{"code":4421,"name":"forest (Q4421)","p":-3,"type":4421},"Q37853":{"code":37853,"name":"Baroque (Q37853)","p":-3,"type":37853},"Q40357":{"code":40357,"name":"prison (Q40357)","p":-3,"type":40357},"Q163301":{"code":163301,"name":"Ortsbezirk of Germany (Q163301)","p":-3,"type":163301},"Q185187":{"code":185187,"name":"watermill (Q185187)","p":-3,"type":185187},"Q225467":{"code":225467,"name":"compact city (Q225467)","p":-3,"type":225467},"Q231002":{"code":231002,"name":"nationality (Q231002)","p":-3,"type":231002},"Q2232001":{"code":2232001,"name":"show cave (Q2232001)","p":-3,"type":2232001},"Q253030":{"code":253030,"name":"major regional center (Q253030)","p":-3,"type":253030},"Q253270":{"code":253270,"name":"borough of Munich (Q253270)","p":-3,"type":253270},"Q3558970":{"code":3558970,"name":"village of Poland (Q3558970)","p":-3,"type":3558970},"Q3618366":{"code":3618366,"name":"Anstalt (Q3618366)","p":-3,"type":3618366},"Q43229":{"code":43229,"name":"organization (Q43229)","p":-3,"type":43229},"Q372363":{"code":372363,"name":"geotope (Q372363)","p":-3,"type":372363},"Q278976":{"code":278976,"name":"borough of Hamburg (Q278976)","p":-3,"type":278976},"Q295472":{"code":295472,"name":"ecovillage (Q295472)","p":-3,"type":295472},"Q2373919":{"code":2373919,"name":"intentional community (Q2373919)","p":-3,"type":2373919},"Q2472587":{"code":2472587,"name":"people (Q2472587)","p":-3,"type":2472587},"Q3153117":{"code":3153117,"name":"intercommunality (Q3153117)","p":-3,"type":3153117},"Q4167410":{"code":4167410,"name":"Wikimedia disambiguation page (Q4167410)","p":-3,"type":4167410},"Q251987":{"code":251987,"name":"municipal association (Q251987)","p":-3,"type":251987},"Q55488":{"code":55488,"name":"railway station (Q55488)","p":-3,"type":55488},"Q2556234":{"code":2556234,"name":"wine producing locality (Q2556234)","p":-3,"type":2556234},"Q317557":{"code":317557,"name":"parish church (Q317557)","p":-3,"type":317557},"Q328468":{"code":328468,"name":"Nazi concentration camp (Q328468)","p":-3,"type":328468},"Q2740635":{"code":2740635,"name":"Stadtbezirk (Q2740635)","p":-3,"type":2740635},"Q44613":{"code":44613,"name":"monastery (Q44613)","p":-3,"type":44613},"Q574299":{"code":574299,"name":"provinces of Prussia (Q574299)","p":-3,"type":574299},"Q821435":{"code":821435,"name":"borough of Berlin (Q821435)","p":-3,"type":821435},"Q831021":{"code":831021,"name":"Bonne Ville de l'Empire first class (Q831021)","p":-3,"type":831021},"Q2513995":{"code":2513995,"name":"Verbandsgemeinde in Rheinland-Pfalz (Q2513995)","p":-3,"type":2513995},"Q2520755":{"code":2520755,"name":"Verwaltungsverband of Saxony (Q2520755)","p":-3,"type":2520755},"Q2531956":{"code":2531956,"name":"no label (Q2531956)","p":-3,"type":2531956},"Q956214":{"code":956214,"name":"no label (Q956214)","p":-3,"type":956214},"Q3253281":{"code":3253281,"name":"no label (Q3253281)","p":-3,"type":3253281},"Q447523":{"code":447523,"name":"no label (Q447523)","p":-3,"type":447523},"Q16970":{"code":16970,"name":"no label (Q16970)","p":-3,"type":16970},"Q57831":{"code":57831,"name":"no label (Q57831)","p":-3,"type":57831},"Q847017":{"code":847017,"name":"no label (Q847017)","p":-3,"type":847017},"Q570116":{"code":570116,"name":"no label (Q570116)","p":-3,"type":570116},"Q692680":{"code":692680,"name":"no label (Q692680)","p":-3,"type":692680},"Q760180":{"code":760180,"name":"no label (Q760180)","p":-3,"type":760180},"Q769696":{"code":769696,"name":"no label (Q769696)","p":-3,"type":769696},"Q858157":{"code":858157,"name":"no label (Q858157)","p":-3,"type":858157},"Q863974":{"code":863974,"name":"no label (Q863974)","p":-3,"type":863974},"Q6266":{"code":6266,"name":"no label (Q6266)","p":-3,"type":6266},"Q10631691":{"code":10631691,"name":"no label (Q10631691)","p":-3,"type":10631691},"Q11177275":{"code":11177275,"name":"no label (Q11177275)","p":-3,"type":11177275},"Q448801":{"code":448801,"name":"no label (Q448801)","p":-3,"type":448801},"Q15974311":{"code":15974311,"name":"no label (Q15974311)","p":-3,"type":15974311},"Q11703715":{"code":11703715,"name":"no label (Q11703715)","p":-3,"type":11703715},"Q11732217":{"code":11732217,"name":"no label (Q11732217)","p":-3,"type":11732217},"Q22698":{"code":22698,"name":"no label (Q22698)","p":-3,"type":22698},"Q13405470":{"code":13405470,"name":"no label (Q13405470)","p":-3,"type":13405470},"Q505681":{"code":505681,"name":"no label (Q505681)","p":-3,"type":505681},"Q751876":{"code":751876,"name":"no label (Q751876)","p":-3,"type":751876},"Q17362920":{"code":17362920,"name":"no label (Q17362920)","p":-3,"type":17362920},"Q4209223":{"code":4209223,"name":"no label (Q4209223)","p":-3,"type":4209223},"Q16846820":{"code":16846820,"name":"no label (Q16846820)","p":-3,"type":16846820},"Q17143723":{"code":17143723,"name":"no label (Q17143723)","p":-3,"type":17143723},"Q17278423":{"code":17278423,"name":"no label (Q17278423)","p":-3,"type":17278423},"Q1221156":{"code":1221156,"name":"no label (Q1221156)","p":-3,"type":1221156},"Q1256805":{"code":1256805,"name":"no label (Q1256805)","p":-3,"type":1256805},"Q34442":{"code":34442,"name":"no label (Q34442)","p":-3,"type":34442},"Q19816359":{"code":19816359,"name":"no label (Q19816359)","p":-3,"type":19816359},"Q20738676":{"code":20738676,"name":"no label (Q20738676)","p":-3,"type":20738676},"Q20738811":{"code":20738811,"name":"no label (Q20738811)","p":-3,"type":20738811},"Q463742":{"code":463742,"name":"no label (Q463742)","p":-3,"type":463742},"Q464235":{"code":464235,"name":"no label (Q464235)","p":-3,"type":464235},"Q478847":{"code":478847,"name":"no label (Q478847)","p":-3,"type":478847},"Q15632133":{"code":15632133,"name":"no label (Q15632133)","p":-3,"type":15632133},"Q20738945":{"code":20738945,"name":"no label (Q20738945)","p":-3,"type":20738945},"Q21286738":{"code":21286738,"name":"no label (Q21286738)","p":-3,"type":21286738},"Q22721":{"code":22721,"name":"no label (Q22721)","p":-3,"type":22721},"Q1132300":{"code":1132300,"name":"no label (Q1132300)","p":-3,"type":1132300},"Q1200957":{"code":1200957,"name":"no label (Q1200957)","p":-3,"type":1200957},"Q14455864":{"code":14455864,"name":"no label (Q14455864)","p":-3,"type":14455864},"Q14784328":{"code":14784328,"name":"no label (Q14784328)","p":-3,"type":14784328},"Q15135589":{"code":15135589,"name":"no label (Q15135589)","p":-3,"type":15135589},"Q114401982":{"code":114401982,"name":"no label (Q114401982)","p":-3,"type":114401982},"Q1154868":{"code":1154868,"name":"no label (Q1154868)","p":-3,"type":1154868},"Q1317260":{"code":1317260,"name":"no label (Q1317260)","p":-3,"type":1317260},"Q1351672":{"code":1351672,"name":"no label (Q1351672)","p":-3,"type":1351672},"Q1375749":{"code":1375749,"name":"no label (Q1375749)","p":-3,"type":1375749},"Q1390618":{"code":1390618,"name":"no label (Q1390618)","p":-3,"type":1390618},"Q26879769":{"code":26879769,"name":"no label (Q26879769)","p":-3,"type":26879769},"Q23006":{"code":23006,"name":"no label (Q23006)","p":-3,"type":23006},"Q23397":{"code":23397,"name":"no label (Q23397)","p":-3,"type":23397},"Q41762994":{"code":41762994,"name":"no label (Q41762994)","p":-3,"type":41762994},"Q61980413":{"code":61980413,"name":"no label (Q61980413)","p":-3,"type":61980413},"Q61980648":{"code":61980648,"name":"no label (Q61980648)","p":-3,"type":61980648},"Q64578911":{"code":64578911,"name":"no label (Q64578911)","p":-3,"type":64578911},"Q61708063":{"code":61708063,"name":"no label (Q61708063)","p":-3,"type":61708063},"Q61708099":{"code":61708099,"name":"no label (Q61708099)","p":-3,"type":61708099},"Q61747322":{"code":61747322,"name":"no label (Q61747322)","p":-3,"type":61747322},"Q61818979":{"code":61818979,"name":"no label (Q61818979)","p":-3,"type":61818979},"Q61856863":{"code":61856863,"name":"no label (Q61856863)","p":-3,"type":61856863},"Q61856889":{"code":61856889,"name":"no label (Q61856889)","p":-3,"type":61856889},"Q85482556":{"code":85482556,"name":"no label (Q85482556)","p":-3,"type":85482556},"Q85483234":{"code":85483234,"name":"no label (Q85483234)","p":-3,"type":85483234},"Q85493040":{"code":85493040,"name":"no label (Q85493040)","p":-3,"type":85493040},"Q85631896":{"code":85631896,"name":"no label (Q85631896)","p":-3,"type":85631896},"Q85632032":{"code":85632032,"name":"no label (Q85632032)","p":-3,"type":85632032},"Q85635301":{"code":85635301,"name":"no label (Q85635301)","p":-3,"type":85635301},"Q85635630":{"code":85635630,"name":"no label (Q85635630)","p":-3,"type":85635630},"Q85635638":{"code":85635638,"name":"no label (Q85635638)","p":-3,"type":85635638},"Q85635929":{"code":85635929,"name":"no label (Q85635929)","p":-3,"type":85635929},"Q85636199":{"code":85636199,"name":"no label (Q85636199)","p":-3,"type":85636199},"Q100341898":{"code":100341898,"name":"no label (Q100341898)","p":-3,"type":100341898},"Q105390172":{"code":105390172,"name":"no label (Q105390172)","p":-3,"type":105390172},"Q106517174":{"code":106517174,"name":"no label (Q106517174)","p":-3,"type":106517174},"Q15725618":{"code":15725618,"name":"no label (Q15725618)","p":-3,"type":15725618},"Q110710943":{"code":110710943,"name":"no label (Q110710943)","p":-3,"type":110710943},"Q110712535":{"code":110712535,"name":"no label (Q110712535)","p":-3,"type":110712535},"Q1275828":{"code":1275828,"name":"no label (Q1275828)","p":-3,"type":1275828},"Q1585560":{"code":1585560,"name":"no label (Q1585560)","p":-3,"type":1585560},"Q1984641":{"code":1984641,"name":"no label (Q1984641)","p":-3,"type":1984641},"Q13415859":{"code":13415859,"name":"no label (Q13415859)","p":-3,"type":13415859},"Q16546985":{"code":16546985,"name":"no label (Q16546985)","p":-3,"type":16546985},"Q16547098":{"code":16547098,"name":"no label (Q16547098)","p":-3,"type":16547098},"Q16547173":{"code":16547173,"name":"no label (Q16547173)","p":-3,"type":16547173},"Q20826981":{"code":20826981,"name":"no label (Q20826981)","p":-3,"type":20826981},"Q28538792":{"code":28538792,"name":"no label (Q28538792)","p":-3,"type":28538792},"Q57732276":{"code":57732276,"name":"no label (Q57732276)","p":-3,"type":57732276},"Q105254117":{"code":105254117,"name":"no label (Q105254117)","p":-3,"type":105254117}}