{"Q3":{"code":3,"name":"ROOT","type":634},"Q24017414":{"code":24017414,"name":"MISC","p":3,"type":24017414},"Q183039":{"code":183039,"name":"COUNTRY","p":3,"type":183039},"Q56061":{"code":56061,"name":"admin","p":3,"type":56061},"Q486972":{"code":486972,"name":"settled","p":3,"type":486972},"Q51041800":{"code":51041800,"name":"religious","p":3,"type":51041800},"Q2221906":{"code":2221906,"name":"geo","p":3,"type":2221906},"Q25894868":{"code":25894868,"name":"place type","p":24017414,"type":25894868},"Q23442":{"code":23442,"name":"island","p":25894868,"type":23442},"Q6256":{"code":6256,"name":"country","p":183039,"type":6256},"Q12076836":{"code":12076836,"name":"of a single country","p":56061,"type":12076836},"Q1799794":{"code":1799794,"name":"By level","p":56061,"type":1799794},"Q10864048":{"code":10864048,"name":"A1","p":1799794,"type":10864048},"Q515":{"code":515,"name":"city","p":486972,"type":515},"Q98966309":{"code":98966309,"name":"classification of human settlements","p":486972,"type":98966309},"Q7930989":{"code":7930989,"name":"city or town","p":486972,"type":7930989},"Q20926517":{"code":20926517,"name":"religious administrative territorial entity","p":51041800,"type":20926517},"Q665487":{"code":665487,"name":"diocese","p":20926517,"type":665487},"Q5119":{"code":5119,"name":"capital city","p":515,"type":5119},"Q112099":{"code":112099,"name":"island nation","p":6256,"type":112099},"Q677678":{"code":677678,"name":"fortified town","p":515,"type":677678},"Q902814":{"code":902814,"name":"border town","p":7930989,"type":902814},"Q1549591":{"code":1549591,"name":"big city","p":98966309,"type":1549591},"Q1637706":{"code":1637706,"name":"million city","p":1549591,"type":1637706},"Q2198484":{"code":2198484,"name":"municipal district","p":56061,"type":2198484},"Q105388829":{"code":105388829,"name":"Latin Catholic diocese","p":20926517,"type":105388829},"Q3146899":{"code":3146899,"name":"diocese of the Catholic Church","p":665487,"type":3146899},"Q3624078":{"code":3624078,"name":"sovereign state","p":6256,"type":3624078},"Q13107770":{"code":13107770,"name":"archipelagic state","p":112099,"type":13107770},"Q17279557":{"code":17279557,"name":"administrative territorial entity of the Dominican Republic","p":12076836,"type":17279557},"Q19413015":{"code":19413015,"name":"kitesurf spot","p":2221906,"type":19413015},"Q4286337":{"code":4286337,"name":"city district","p":56061,"type":4286337},"Q-3":{"code":-3,"name":"UNLINKED","p":3,"type":-3},"Q317548":{"code":317548,"name":"resort town (Q317548)","p":-3,"type":317548},"Q913337":{"code":913337,"name":"province of the Dominican Republic (Q913337)","p":-3,"type":913337},"Q105390172":{"code":105390172,"name":"Roman Catholic metropolitan archdiocese (Q105390172)","p":-3,"type":105390172},"Q6005581":{"code":6005581,"name":"municipality of the Dominican Republic (Q6005581)","p":-3,"type":6005581}}