{"Q3":{"code":3,"name":"ROOT","type":634},"Q24017414":{"code":24017414,"name":"MISC","p":3,"type":24017414},"Q183039":{"code":183039,"name":"COUNTRY","p":3,"type":183039},"Q56061":{"code":56061,"name":"admin","p":3,"type":56061},"Q486972":{"code":486972,"name":"settled","p":3,"type":486972},"Q51041800":{"code":51041800,"name":"religious","p":3,"type":51041800},"Q25894868":{"code":25894868,"name":"place type","p":24017414,"type":25894868},"Q41710":{"code":41710,"name":"ethnic group","p":24017414,"type":41710},"Q23442":{"code":23442,"name":"island","p":25894868,"type":23442},"Q6256":{"code":6256,"name":"country","p":183039,"type":6256},"Q1799794":{"code":1799794,"name":"By level","p":56061,"type":1799794},"Q13220204":{"code":13220204,"name":"A2","p":1799794,"type":13220204},"Q515":{"code":515,"name":"city","p":486972,"type":515},"Q15284":{"code":15284,"name":"municipality","p":486972,"type":15284},"Q98966309":{"code":98966309,"name":"classification of human settlements","p":486972,"type":98966309},"Q7930989":{"code":7930989,"name":"city or town","p":486972,"type":7930989},"Q20926517":{"code":20926517,"name":"religious administrative territorial entity","p":51041800,"type":20926517},"Q665487":{"code":665487,"name":"diocese","p":20926517,"type":665487},"Q5119":{"code":5119,"name":"capital city","p":515,"type":5119},"Q3957":{"code":3957,"name":"town","p":98966309,"type":3957},"Q902814":{"code":902814,"name":"border town","p":7930989,"type":902814},"Q1549591":{"code":1549591,"name":"big city","p":98966309,"type":1549591},"Q1637706":{"code":1637706,"name":"million city","p":1549591,"type":1637706},"Q1763214":{"code":1763214,"name":"municipio","p":15284,"type":1763214},"Q1907114":{"code":1907114,"name":"metropolitan area","p":56061,"type":1907114},"Q11271835":{"code":11271835,"name":"state capital","p":5119,"type":11271835},"Q3624078":{"code":3624078,"name":"sovereign state","p":6256,"type":3624078},"Q2264924":{"code":2264924,"name":"port settlement","p":515,"type":2264924},"Q3146899":{"code":3146899,"name":"diocese of the Catholic Church","p":665487,"type":3146899},"Q15303838":{"code":15303838,"name":"municipality seat","p":5119,"type":15303838},"Q-3":{"code":-3,"name":"UNLINKED","p":3,"type":-3},"Q1076105":{"code":1076105,"name":"general election (Q1076105)","p":-3,"type":1076105},"Q378508":{"code":378508,"name":"municipality of Angola (Q378508)","p":-3,"type":378508},"Q329028":{"code":329028,"name":"province of Angola (Q329028)","p":-3,"type":329028},"Q1841580":{"code":1841580,"name":"commune of Angola (Q1841580)","p":-3,"type":1841580},"Q2373919":{"code":2373919,"name":"intentional community (Q2373919)","p":-3,"type":2373919},"Q76853179":{"code":76853179,"name":"group of elections (Q76853179)","p":-3,"type":76853179},"Q99880596":{"code":99880596,"name":"urban district of Angola (Q99880596)","p":-3,"type":99880596},"Q105390172":{"code":105390172,"name":"Roman Catholic metropolitan archdiocese (Q105390172)","p":-3,"type":105390172}}