{"Q3":{"code":3,"name":"ROOT","type":634},"Q24017414":{"code":24017414,"name":"MISC","p":3,"type":24017414},"Q183039":{"code":183039,"name":"COUNTRY","p":3,"type":183039},"Q56061":{"code":56061,"name":"admin","p":3,"type":56061},"Q486972":{"code":486972,"name":"settled","p":3,"type":486972},"Q2625603":{"code":2625603,"name":"population","p":3,"type":2625603},"Q51041800":{"code":51041800,"name":"religious","p":3,"type":51041800},"Q659390":{"code":659390,"name":"construct","p":3,"type":659390},"Q2221906":{"code":2221906,"name":"geo","p":3,"type":2221906},"Q25894868":{"code":25894868,"name":"place type","p":24017414,"type":25894868},"Q41710":{"code":41710,"name":"ethnic group","p":24017414,"type":41710},"Q23442":{"code":23442,"name":"island","p":25894868,"type":23442},"Q6256":{"code":6256,"name":"country","p":183039,"type":6256},"Q12076836":{"code":12076836,"name":"of a single country","p":56061,"type":12076836},"Q1799794":{"code":1799794,"name":"By level","p":56061,"type":1799794},"Q10864048":{"code":10864048,"name":"A1","p":1799794,"type":10864048},"Q702492":{"code":702492,"name":"urban area","p":486972,"type":702492},"Q515":{"code":515,"name":"city","p":486972,"type":515},"Q532":{"code":532,"name":"village","p":486972,"type":532},"Q244793":{"code":244793,"name":"twin cities","p":486972,"type":244793},"Q98966309":{"code":98966309,"name":"classification of human settlements","p":486972,"type":98966309},"Q7930989":{"code":7930989,"name":"city or town","p":486972,"type":7930989},"Q33829":{"code":33829,"name":"human population","p":2625603,"type":33829},"Q20926517":{"code":20926517,"name":"religious administrative territorial entity","p":51041800,"type":20926517},"Q665487":{"code":665487,"name":"diocese","p":20926517,"type":665487},"Q618123":{"code":618123,"name":"geographical feature","p":2221906,"type":618123},"Q82794":{"code":82794,"name":"geographic region","p":618123,"type":82794},"Q3957":{"code":3957,"name":"town","p":98966309,"type":3957},"Q5119":{"code":5119,"name":"capital city","p":515,"type":5119},"Q6266":{"code":6266,"name":"nation","p":659390,"type":6266},"Q162602":{"code":162602,"name":"river island","p":23442,"type":162602},"Q123705":{"code":123705,"name":"neighborhood","p":56061,"type":123705},"Q1549591":{"code":1549591,"name":"big city","p":98966309,"type":1549591},"Q1637706":{"code":1637706,"name":"million city","p":1549591,"type":1637706},"Q3146899":{"code":3146899,"name":"diocese of the Catholic Church","p":665487,"type":3146899},"Q3257686":{"code":3257686,"name":"locality","p":486972,"type":3257686},"Q902814":{"code":902814,"name":"border town","p":7930989,"type":902814},"Q3624078":{"code":3624078,"name":"sovereign state","p":6256,"type":3624078},"Q1293536":{"code":1293536,"name":"administrative territorial entity of Serbia","p":12076836,"type":1293536},"Q1267939":{"code":1267939,"name":"statistical region of Serbia","p":1293536,"type":1267939},"Q15629146":{"code":15629146,"name":"autonomous province of Serbia","p":1293536,"type":15629146},"Q37800986":{"code":37800986,"name":"Serbian city","p":515,"type":37800986},"Q50330360":{"code":50330360,"name":"second largest city","p":7930989,"type":50330360},"Q67123843":{"code":67123843,"name":"town divided by border","p":244793,"type":67123843},"Q105389481":{"code":105389481,"name":"Greek-Catholic eparchy","p":20926517,"type":105389481},"Q-3":{"code":-3,"name":"UNLINKED","p":3,"type":-3},"Q188509":{"code":188509,"name":"suburb (Q188509)","p":-3,"type":188509},"Q1341387":{"code":1341387,"name":"spa (Q1341387)","p":-3,"type":1341387},"Q210516":{"code":210516,"name":"list of cities in Serbia (Q210516)","p":-3,"type":210516},"Q648681":{"code":648681,"name":"district of Serbia (Q648681)","p":-3,"type":648681},"Q2531956":{"code":2531956,"name":"ethnic group (Q2531956)","p":-3,"type":2531956},"Q2989682":{"code":2989682,"name":"municipality of Kosovo (Q2989682)","p":-3,"type":2989682},"Q783930":{"code":783930,"name":"municipalities and cities of Serbia (Q783930)","p":-3,"type":783930},"Q12750426":{"code":12750426,"name":"City municipality (Q12750426)","p":-3,"type":12750426},"Q15630849":{"code":15630849,"name":"village of Bulgaria (Q15630849)","p":-3,"type":15630849},"Q17166802":{"code":17166802,"name":"city municipality of Serbia (Q17166802)","p":-3,"type":17166802},"Q28737227":{"code":28737227,"name":"Selo (Q28737227)","p":-3,"type":28737227},"Q105390172":{"code":105390172,"name":"Roman Catholic metropolitan archdiocese (Q105390172)","p":-3,"type":105390172}}