{"Q3":{"code":3,"name":"ROOT","type":634},"Q15893266":{"code":15893266,"name":"FORMER","p":3,"type":15893266},"Q24017414":{"code":24017414,"name":"MISC","p":3,"type":24017414},"Q183039":{"code":183039,"name":"COUNTRY","p":3,"type":183039},"Q56061":{"code":56061,"name":"admin","p":3,"type":56061},"Q486972":{"code":486972,"name":"settled","p":3,"type":486972},"Q2625603":{"code":2625603,"name":"population","p":3,"type":2625603},"Q51041800":{"code":51041800,"name":"religious","p":3,"type":51041800},"Q659390":{"code":659390,"name":"construct","p":3,"type":659390},"Q104098715":{"code":104098715,"name":"territorial entity type","p":3,"type":104098715},"Q2221906":{"code":2221906,"name":"geo","p":3,"type":2221906},"Q19953632":{"code":19953632,"name":"former admin","p":15893266,"type":19953632},"Q5962346":{"code":5962346,"name":"classification system","p":24017414,"type":5962346},"Q11834037":{"code":11834037,"name":"physico-geographical regionalization","p":5962346,"type":11834037},"Q25894868":{"code":25894868,"name":"place type","p":24017414,"type":25894868},"Q41710":{"code":41710,"name":"ethnic group","p":24017414,"type":41710},"Q23442":{"code":23442,"name":"island","p":25894868,"type":23442},"Q15617994":{"code":15617994,"name":"designation for an administrative territorial entity","p":24017414,"type":15617994},"Q111972893":{"code":111972893,"name":"type of structure","p":24017414,"type":111972893},"Q811979":{"code":811979,"name":"architectural structure","p":111972893,"type":811979},"Q41176":{"code":41176,"name":"building","p":811979,"type":41176},"Q96084375":{"code":96084375,"name":"former building or structure","p":41176,"type":96084375},"Q12292478":{"code":12292478,"name":"estate","p":811979,"type":12292478},"Q875157":{"code":875157,"name":"resort","p":12292478,"type":875157},"Q699405":{"code":699405,"name":"residence","p":811979,"type":699405},"Q5890494":{"code":5890494,"name":"homestead","p":699405,"type":5890494},"Q11755880":{"code":11755880,"name":"residential building","p":699405,"type":11755880},"Q113489728":{"code":113489728,"name":"OECD country","p":183039,"type":113489728},"Q1307214":{"code":1307214,"name":"form of government","p":183039,"type":1307214},"Q6256":{"code":6256,"name":"country","p":183039,"type":6256},"Q171308":{"code":171308,"name":"oblast","p":56061,"type":171308},"Q15621274":{"code":15621274,"name":"enclave or exclave","p":56061,"type":15621274},"Q3024240":{"code":3024240,"name":"historical country","p":19953632,"type":3024240},"Q12076836":{"code":12076836,"name":"of a single country","p":56061,"type":12076836},"Q2520520":{"code":2520520,"name":"administrative territorial entity of Hungary","p":12076836,"type":2520520},"Q697379":{"code":697379,"name":"administrative territorial entity of Romania","p":12076836,"type":697379},"Q15620181":{"code":15620181,"name":"administrative territorial entity of Estonia","p":12076836,"type":15620181},"Q1799794":{"code":1799794,"name":"By level","p":56061,"type":1799794},"Q788176":{"code":788176,"name":"autonomous administrative territorial entity","p":56061,"type":788176},"Q10864048":{"code":10864048,"name":"A1","p":1799794,"type":10864048},"Q13220204":{"code":13220204,"name":"A2","p":1799794,"type":13220204},"Q13221722":{"code":13221722,"name":"A3","p":1799794,"type":13221722},"Q14757767":{"code":14757767,"name":"A4","p":1799794,"type":14757767},"Q4976993":{"code":4976993,"name":"civil parish","p":14757767,"type":4976993},"Q7275":{"code":7275,"name":"state","p":56061,"type":7275},"Q702492":{"code":702492,"name":"urban area","p":486972,"type":702492},"Q515":{"code":515,"name":"city","p":486972,"type":515},"Q532":{"code":532,"name":"village","p":486972,"type":532},"Q618299":{"code":618299,"name":"settlement","p":486972,"type":618299},"Q15284":{"code":15284,"name":"municipality","p":486972,"type":15284},"Q15253706":{"code":15253706,"name":"like a city","p":486972,"type":15253706},"Q244793":{"code":244793,"name":"twin cities","p":486972,"type":244793},"Q676050":{"code":676050,"name":"old town","p":486972,"type":676050},"Q1782540":{"code":1782540,"name":"railway town","p":486972,"type":1782540},"Q98966309":{"code":98966309,"name":"classification of human settlements","p":486972,"type":98966309},"Q7930989":{"code":7930989,"name":"city or town","p":486972,"type":7930989},"Q33829":{"code":33829,"name":"human population","p":2625603,"type":33829},"Q1492823":{"code":1492823,"name":"ecclesiastical district","p":51041800,"type":1492823},"Q20926517":{"code":20926517,"name":"religious administrative territorial entity","p":51041800,"type":20926517},"Q665487":{"code":665487,"name":"diocese","p":20926517,"type":665487},"Q471855":{"code":471855,"name":"jurisdiction","p":659390,"type":471855},"Q2665272":{"code":2665272,"name":"Ecclesiastical circumscription immediately subject to the Holy See","p":471855,"type":2665272},"Q618123":{"code":618123,"name":"geographical feature","p":2221906,"type":618123},"Q1291195":{"code":1291195,"name":"place of discovery","p":618123,"type":1291195},"Q82794":{"code":82794,"name":"geographic region","p":618123,"type":82794},"Q106589819":{"code":106589819,"name":"elevation","p":618123,"type":106589819},"Q74817647":{"code":74817647,"name":"aspect in a geographic region","p":82794,"type":74817647},"Q205895":{"code":205895,"name":"landmass","p":82794,"type":205895},"Q183366":{"code":183366,"name":"territory","p":82794,"type":183366},"Q4835091":{"code":4835091,"name":"territory","p":82794,"type":4835091},"Q15642541":{"code":15642541,"name":"human-geographic territorial entity","p":183366,"type":15642541},"Q5119":{"code":5119,"name":"capital city","p":515,"type":5119},"Q7270":{"code":7270,"name":"republic","p":183039,"type":7270},"Q707813":{"code":707813,"name":"Hanseatic city","p":515,"type":707813},"Q750277":{"code":750277,"name":"administrative territorial entity of Latvia","p":12076836,"type":750277},"Q74047":{"code":74047,"name":"ghost town","p":98966309,"type":74047},"Q123705":{"code":123705,"name":"neighborhood","p":486972,"type":123705},"Q840019":{"code":840019,"name":"district of Latvia","p":750277,"type":840019},"Q879050":{"code":879050,"name":"manor house","p":11755880,"type":879050},"Q1372205":{"code":1372205,"name":"dispersed settlement","p":486972,"type":1372205},"Q1907114":{"code":1907114,"name":"metropolitan area","p":56061,"type":1907114},"Q3085683":{"code":3085683,"name":"planning region of Latvia","p":750277,"type":3085683},"Q3146899":{"code":3146899,"name":"diocese of the Catholic Church","p":665487,"type":3146899},"Q3345345":{"code":3345345,"name":"municipality of Latvia","p":750277,"type":3345345},"Q4155473":{"code":4155473,"name":"vacation village","p":532,"type":4155473},"Q4286337":{"code":4286337,"name":"city district","p":56061,"type":4286337},"Q902814":{"code":902814,"name":"border town","p":7930989,"type":902814},"Q3624078":{"code":3624078,"name":"sovereign state","p":6256,"type":3624078},"Q5195043":{"code":5195043,"name":"borough","p":15617994,"type":5195043},"Q7604410":{"code":7604410,"name":"statistical region of Latvia","p":750277,"type":7604410},"Q22580836":{"code":22580836,"name":"village in Latvia","p":532,"type":22580836},"Q21507948":{"code":21507948,"name":"former village","p":532,"type":21507948},"Q21772581":{"code":21772581,"name":"county of Latvia","p":750277,"type":21772581},"Q50330360":{"code":50330360,"name":"second largest city","p":7930989,"type":50330360},"Q63791824":{"code":63791824,"name":"country bordering the Baltic Sea","p":3624078,"type":63791824},"Q109329953":{"code":109329953,"name":"state city of Latvia","p":515,"type":109329953},"Q15584664":{"code":15584664,"name":"city under municipality jurisdiction in Latvia","p":515,"type":15584664},"Q16352482":{"code":16352482,"name":"dispersed settlement in Latvia","p":1372205,"type":16352482},"Q16351639":{"code":16351639,"name":"aprūpes ciems","p":22580836,"type":16351639},"Q16355778":{"code":16355778,"name":"average size village in Latvia","p":22580836,"type":16355778},"Q16362394":{"code":16362394,"name":"large village in Latvia","p":22580836,"type":16362394},"Q16363214":{"code":16363214,"name":"small village in Latvia","p":22580836,"type":16363214},"Q-1":{"code":-1,"name":"INVALID","p":3,"type":-1},"Q-2":{"code":-2,"name":"EXCLUDED","p":3,"type":-2},"Q192287":{"code":192287,"name":"subdivision of Russia (Q192287)","p":-1,"type":192287},"Q351389":{"code":351389,"name":"ethnic minority (Q351389)","p":-1,"type":351389},"Q687121":{"code":687121,"name":"volost (Q687121)","p":-1,"type":687121},"Q772123":{"code":772123,"name":"administrative territorial entity of Lithuania (Q772123)","p":-1,"type":772123},"Q874405":{"code":874405,"name":"social group (Q874405)","p":-1,"type":874405},"Q1364324":{"code":1364324,"name":"uyezd (Q1364324)","p":-1,"type":1364324},"Q2116450":{"code":2116450,"name":"manor estate (Q2116450)","p":-1,"type":2116450},"Q2373919":{"code":2373919,"name":"intentional community (Q2373919)","p":-1,"type":2373919},"Q3702971":{"code":3702971,"name":"personal data (Q3702971)","p":-2,"type":3702971},"Q18691599":{"code":18691599,"name":"military facility (Q18691599)","p":-1,"type":18691599},"Q111737478":{"code":111737478,"name":"catholic ecclesiastical district (Q111737478)","p":-1,"type":111737478},"Q-3":{"code":-3,"name":"UNLINKED","p":3,"type":-3},"Q211450":{"code":211450,"name":"closed city (Q211450)","p":-3,"type":211450},"Q245016":{"code":245016,"name":"military base (Q245016)","p":-3,"type":245016},"Q295472":{"code":295472,"name":"ecovillage (Q295472)","p":-3,"type":295472},"Q769696":{"code":769696,"name":"ethnic minority (Q769696)","p":-3,"type":769696},"Q2577184":{"code":2577184,"name":"parish of Latvia (Q2577184)","p":-3,"type":2577184},"Q2066754":{"code":2066754,"name":"manor (Q2066754)","p":-3,"type":2066754},"Q2298305":{"code":2298305,"name":"eldership (Q2298305)","p":-3,"type":2298305},"Q2472587":{"code":2472587,"name":"people (Q2472587)","p":-3,"type":2472587},"Q105390172":{"code":105390172,"name":"Roman Catholic metropolitan archdiocese (Q105390172)","p":-3,"type":105390172},"Q110211119":{"code":110211119,"name":"former municipality of Latvia (Q110211119)","p":-3,"type":110211119},"Q110835114":{"code":110835114,"name":"former parish of Latvia (Q110835114)","p":-3,"type":110835114},"Q18867465":{"code":18867465,"name":"uyezd of the Russian Empire (Q18867465)","p":-3,"type":18867465},"Q18867064":{"code":18867064,"name":"uyezd of the Soviet Union (Q18867064)","p":-3,"type":18867064}}