{"Q3":{"code":3,"name":"ROOT","type":634},"Q24017414":{"code":24017414,"name":"MISC","p":3,"type":24017414},"Q183039":{"code":183039,"name":"COUNTRY","p":3,"type":183039},"Q56061":{"code":56061,"name":"admin","p":3,"type":56061},"Q486972":{"code":486972,"name":"settled","p":3,"type":486972},"Q2625603":{"code":2625603,"name":"population","p":3,"type":2625603},"Q2221906":{"code":2221906,"name":"geo","p":3,"type":2221906},"Q25894868":{"code":25894868,"name":"place type","p":24017414,"type":25894868},"Q41710":{"code":41710,"name":"ethnic group","p":24017414,"type":41710},"Q23442":{"code":23442,"name":"island","p":25894868,"type":23442},"Q15617994":{"code":15617994,"name":"designation for an administrative territorial entity","p":24017414,"type":15617994},"Q113489728":{"code":113489728,"name":"OECD country","p":183039,"type":113489728},"Q1307214":{"code":1307214,"name":"form of government","p":183039,"type":1307214},"Q6256":{"code":6256,"name":"country","p":183039,"type":6256},"Q1799794":{"code":1799794,"name":"By level","p":56061,"type":1799794},"Q10864048":{"code":10864048,"name":"A1","p":1799794,"type":10864048},"Q515":{"code":515,"name":"city","p":486972,"type":515},"Q532":{"code":532,"name":"village","p":486972,"type":532},"Q618299":{"code":618299,"name":"settlement","p":486972,"type":618299},"Q98966309":{"code":98966309,"name":"classification of human settlements","p":486972,"type":98966309},"Q7930989":{"code":7930989,"name":"city or town","p":486972,"type":7930989},"Q33829":{"code":33829,"name":"human population","p":2625603,"type":33829},"Q618123":{"code":618123,"name":"geographical feature","p":2221906,"type":618123},"Q82794":{"code":82794,"name":"geographic region","p":618123,"type":82794},"Q183366":{"code":183366,"name":"territory","p":82794,"type":183366},"Q15642541":{"code":15642541,"name":"human-geographic territorial entity","p":183366,"type":15642541},"Q5119":{"code":5119,"name":"capital city","p":515,"type":5119},"Q5084":{"code":5084,"name":"hamlet","p":15617994,"type":5084},"Q7270":{"code":7270,"name":"republic","p":183039,"type":7270},"Q189672":{"code":189672,"name":"county of Estonia","p":10864048,"type":189672},"Q707813":{"code":707813,"name":"Hanseatic city","p":515,"type":707813},"Q179164":{"code":179164,"name":"unitary state","p":1307214,"type":179164},"Q2264924":{"code":2264924,"name":"port settlement","p":515,"type":2264924},"Q2983893":{"code":2983893,"name":"quarter","p":56061,"type":2983893},"Q902814":{"code":902814,"name":"border town","p":7930989,"type":902814},"Q1187811":{"code":1187811,"name":"college town","p":515,"type":1187811},"Q3624078":{"code":3624078,"name":"sovereign state","p":6256,"type":3624078},"Q3744870":{"code":3744870,"name":"township","p":618299,"type":3744870},"Q11881845":{"code":11881845,"name":"city","p":618299,"type":11881845},"Q1549591":{"code":1549591,"name":"big city","p":98966309,"type":1549591},"Q15715391":{"code":15715391,"name":"city without municipal status","p":11881845,"type":15715391},"Q18551781":{"code":18551781,"name":"subdistrict","p":15642541,"type":18551781},"Q21507948":{"code":21507948,"name":"former village","p":532,"type":21507948},"Q22674925":{"code":22674925,"name":"former settlement","p":98966309,"type":22674925},"Q34985575":{"code":34985575,"name":"city district","p":15642541,"type":34985575},"Q50330360":{"code":50330360,"name":"second largest city","p":7930989,"type":50330360},"Q50809253":{"code":50809253,"name":"alev","p":618299,"type":50809253},"Q51049922":{"code":51049922,"name":"village in Estonia","p":532,"type":51049922},"Q63791824":{"code":63791824,"name":"country bordering the Baltic Sea","p":3624078,"type":63791824},"Q-3":{"code":-3,"name":"UNLINKED","p":3,"type":-3},"Q351389":{"code":351389,"name":"ethnic minority (Q351389)","p":-3,"type":351389},"Q1959314":{"code":1959314,"name":"protected area of Russia (Q1959314)","p":-3,"type":1959314},"Q1200957":{"code":1200957,"name":"tourist destination (Q1200957)","p":-3,"type":1200957},"Q1431554":{"code":1431554,"name":"apostolic administration (Q1431554)","p":-3,"type":1431554},"Q1530022":{"code":1530022,"name":"religious organization (Q1530022)","p":-3,"type":1530022},"Q21583365":{"code":21583365,"name":"city (Q21583365)","p":-3,"type":21583365},"Q26742250":{"code":26742250,"name":"former municipality of Estonia (Q26742250)","p":-3,"type":26742250},"Q28122896":{"code":28122896,"name":"rural municipality of Estonia (Q28122896)","p":-3,"type":28122896}}