{"Q3":{"code":3,"name":"ROOT","type":634},"Q15893266":{"code":15893266,"name":"FORMER","p":3,"type":15893266},"Q24017414":{"code":24017414,"name":"MISC","p":3,"type":24017414},"Q183039":{"code":183039,"name":"COUNTRY","p":3,"type":183039},"Q56061":{"code":56061,"name":"admin","p":3,"type":56061},"Q486972":{"code":486972,"name":"settled","p":3,"type":486972},"Q51041800":{"code":51041800,"name":"religious","p":3,"type":51041800},"Q2221906":{"code":2221906,"name":"geo","p":3,"type":2221906},"Q19953632":{"code":19953632,"name":"former admin","p":15893266,"type":19953632},"Q25894868":{"code":25894868,"name":"place type","p":24017414,"type":25894868},"Q41710":{"code":41710,"name":"ethnic group","p":24017414,"type":41710},"Q23442":{"code":23442,"name":"island","p":25894868,"type":23442},"Q6256":{"code":6256,"name":"country","p":183039,"type":6256},"Q3024240":{"code":3024240,"name":"historical country","p":19953632,"type":3024240},"Q7275":{"code":7275,"name":"state","p":56061,"type":7275},"Q515":{"code":515,"name":"city","p":486972,"type":515},"Q532":{"code":532,"name":"village","p":486972,"type":532},"Q98966309":{"code":98966309,"name":"classification of human settlements","p":486972,"type":98966309},"Q7930989":{"code":7930989,"name":"city or town","p":486972,"type":7930989},"Q20926517":{"code":20926517,"name":"religious administrative territorial entity","p":51041800,"type":20926517},"Q665487":{"code":665487,"name":"diocese","p":20926517,"type":665487},"Q618123":{"code":618123,"name":"geographical feature","p":2221906,"type":618123},"Q82794":{"code":82794,"name":"geographic region","p":618123,"type":82794},"Q205895":{"code":205895,"name":"landmass","p":82794,"type":205895},"Q4835091":{"code":4835091,"name":"territory","p":82794,"type":4835091},"Q3957":{"code":3957,"name":"town","p":98966309,"type":3957},"Q746529":{"code":746529,"name":"mukim","p":56061,"type":746529},"Q1048835":{"code":1048835,"name":"political territorial entity","p":56061,"type":1048835},"Q83828":{"code":83828,"name":"ethnic group in Indonesia","p":41710,"type":83828},"Q5119":{"code":5119,"name":"capital city","p":515,"type":5119},"Q1306755":{"code":1306755,"name":"administrative centre","p":2221906,"type":1306755},"Q1549591":{"code":1549591,"name":"big city","p":98966309,"type":1549591},"Q1637706":{"code":1637706,"name":"million city","p":1549591,"type":1637706},"Q107390":{"code":107390,"name":"federated state","p":7275,"type":107390},"Q51929311":{"code":51929311,"name":"largest city","p":7930989,"type":51929311},"Q192611":{"code":192611,"name":"electoral district","p":56061,"type":192611},"Q2072238":{"code":2072238,"name":"archdiocese","p":665487,"type":2072238},"Q34986717":{"code":34986717,"name":"city of Malaysia","p":515,"type":34986717},"Q50330360":{"code":50330360,"name":"second largest city","p":7930989,"type":50330360},"Q208511":{"code":208511,"name":"global city","p":515,"type":208511},"Q3146899":{"code":3146899,"name":"diocese of the Catholic Church","p":665487,"type":3146899},"Q3624078":{"code":3624078,"name":"sovereign state","p":6256,"type":3624078},"Q33837":{"code":33837,"name":"archipelago","p":205895,"type":33837},"Q-3":{"code":-3,"name":"UNLINKED","p":3,"type":-3},"Q1008803":{"code":1008803,"name":"federal territory of Malaysia (Q1008803)","p":-3,"type":1008803},"Q15063586":{"code":15063586,"name":"states of Malaysia (Q15063586)","p":-3,"type":15063586},"Q16334295":{"code":16334295,"name":"group of humans (Q16334295)","p":-3,"type":16334295},"Q2472587":{"code":2472587,"name":"people (Q2472587)","p":-3,"type":2472587},"Q56692327":{"code":56692327,"name":"federal constituency of Malaysia (Q56692327)","p":-3,"type":56692327},"Q1951661":{"code":1951661,"name":"member states of the Association of Southeast Asian Nations (Q1951661)","p":-3,"type":1951661},"Q1994931":{"code":1994931,"name":"district of Malaysia (Q1994931)","p":-3,"type":1994931},"Q4329280":{"code":4329280,"name":"division of Malaysia (Q4329280)","p":-3,"type":4329280}}