{"Q3":{"code":3,"name":"ROOT","type":634},"Q15893266":{"code":15893266,"name":"FORMER","p":3,"type":15893266},"Q24017414":{"code":24017414,"name":"MISC","p":3,"type":24017414},"Q183039":{"code":183039,"name":"COUNTRY","p":3,"type":183039},"Q56061":{"code":56061,"name":"admin","p":3,"type":56061},"Q486972":{"code":486972,"name":"settled","p":3,"type":486972},"Q2625603":{"code":2625603,"name":"population","p":3,"type":2625603},"Q51041800":{"code":51041800,"name":"religious","p":3,"type":51041800},"Q659390":{"code":659390,"name":"construct","p":3,"type":659390},"Q104098715":{"code":104098715,"name":"territorial entity type","p":3,"type":104098715},"Q2221906":{"code":2221906,"name":"geo","p":3,"type":2221906},"Q19953632":{"code":19953632,"name":"former admin","p":15893266,"type":19953632},"Q5962346":{"code":5962346,"name":"classification system","p":24017414,"type":5962346},"Q11834037":{"code":11834037,"name":"physico-geographical regionalization","p":5962346,"type":11834037},"Q25894868":{"code":25894868,"name":"place type","p":24017414,"type":25894868},"Q41710":{"code":41710,"name":"ethnic group","p":24017414,"type":41710},"Q23442":{"code":23442,"name":"island","p":25894868,"type":23442},"Q15617994":{"code":15617994,"name":"designation for an administrative territorial entity","p":24017414,"type":15617994},"Q111972893":{"code":111972893,"name":"type of structure","p":24017414,"type":111972893},"Q811979":{"code":811979,"name":"architectural structure","p":111972893,"type":811979},"Q41176":{"code":41176,"name":"building","p":811979,"type":41176},"Q96084375":{"code":96084375,"name":"former building or structure","p":41176,"type":96084375},"Q12292478":{"code":12292478,"name":"estate","p":811979,"type":12292478},"Q875157":{"code":875157,"name":"resort","p":12292478,"type":875157},"Q699405":{"code":699405,"name":"residence","p":811979,"type":699405},"Q5890494":{"code":5890494,"name":"homestead","p":699405,"type":5890494},"Q11755880":{"code":11755880,"name":"residential building","p":699405,"type":11755880},"Q113489728":{"code":113489728,"name":"OECD country","p":183039,"type":113489728},"Q1307214":{"code":1307214,"name":"form of government","p":183039,"type":1307214},"Q6256":{"code":6256,"name":"country","p":183039,"type":6256},"Q171308":{"code":171308,"name":"oblast","p":56061,"type":171308},"Q15621274":{"code":15621274,"name":"enclave or exclave","p":56061,"type":15621274},"Q3024240":{"code":3024240,"name":"historical country","p":19953632,"type":3024240},"Q12076836":{"code":12076836,"name":"of a single country","p":56061,"type":12076836},"Q2520520":{"code":2520520,"name":"administrative territorial entity of Hungary","p":12076836,"type":2520520},"Q697379":{"code":697379,"name":"administrative territorial entity of Romania","p":12076836,"type":697379},"Q15620181":{"code":15620181,"name":"administrative territorial entity of Estonia","p":12076836,"type":15620181},"Q1799794":{"code":1799794,"name":"By level","p":56061,"type":1799794},"Q788176":{"code":788176,"name":"autonomous administrative territorial entity","p":56061,"type":788176},"Q10864048":{"code":10864048,"name":"A1","p":1799794,"type":10864048},"Q13220204":{"code":13220204,"name":"A2","p":1799794,"type":13220204},"Q13221722":{"code":13221722,"name":"A3","p":1799794,"type":13221722},"Q14757767":{"code":14757767,"name":"A4","p":1799794,"type":14757767},"Q4976993":{"code":4976993,"name":"civil parish","p":14757767,"type":4976993},"Q7275":{"code":7275,"name":"state","p":56061,"type":7275},"Q702492":{"code":702492,"name":"urban area","p":486972,"type":702492},"Q515":{"code":515,"name":"city","p":486972,"type":515},"Q532":{"code":532,"name":"village","p":486972,"type":532},"Q618299":{"code":618299,"name":"settlement","p":486972,"type":618299},"Q15284":{"code":15284,"name":"municipality","p":486972,"type":15284},"Q15253706":{"code":15253706,"name":"like a city","p":486972,"type":15253706},"Q244793":{"code":244793,"name":"twin cities","p":486972,"type":244793},"Q676050":{"code":676050,"name":"old town","p":486972,"type":676050},"Q1782540":{"code":1782540,"name":"railway town","p":486972,"type":1782540},"Q98966309":{"code":98966309,"name":"classification of human settlements","p":486972,"type":98966309},"Q7930989":{"code":7930989,"name":"city or town","p":486972,"type":7930989},"Q33829":{"code":33829,"name":"human population","p":2625603,"type":33829},"Q1492823":{"code":1492823,"name":"ecclesiastical district","p":51041800,"type":1492823},"Q20926517":{"code":20926517,"name":"religious administrative territorial entity","p":51041800,"type":20926517},"Q665487":{"code":665487,"name":"diocese","p":20926517,"type":665487},"Q471855":{"code":471855,"name":"jurisdiction","p":659390,"type":471855},"Q2665272":{"code":2665272,"name":"Ecclesiastical circumscription immediately subject to the Holy See","p":471855,"type":2665272},"Q618123":{"code":618123,"name":"geographical feature","p":2221906,"type":618123},"Q1291195":{"code":1291195,"name":"place of discovery","p":618123,"type":1291195},"Q82794":{"code":82794,"name":"geographic region","p":618123,"type":82794},"Q106589819":{"code":106589819,"name":"elevation","p":618123,"type":106589819},"Q74817647":{"code":74817647,"name":"aspect in a geographic region","p":82794,"type":74817647},"Q205895":{"code":205895,"name":"landmass","p":82794,"type":205895},"Q183366":{"code":183366,"name":"territory","p":82794,"type":183366},"Q4835091":{"code":4835091,"name":"territory","p":82794,"type":4835091},"Q15642541":{"code":15642541,"name":"human-geographic territorial entity","p":183366,"type":15642541},"Q93352":{"code":93352,"name":"coast","p":25894868,"type":93352},"Q102496":{"code":102496,"name":"parish","p":15617994,"type":102496},"Q123705":{"code":123705,"name":"neighborhood","p":486972,"type":123705},"Q131596":{"code":131596,"name":"farm","p":5890494,"type":131596},"Q133156":{"code":133156,"name":"colony","p":82794,"type":133156},"Q149621":{"code":149621,"name":"district","p":15617994,"type":149621},"Q162602":{"code":162602,"name":"river island","p":23442,"type":162602},"Q171441":{"code":171441,"name":"enclave","p":15621274,"type":171441},"Q175185":{"code":175185,"name":"rural area","p":82794,"type":175185},"Q3957":{"code":3957,"name":"town","p":98966309,"type":3957},"Q39816":{"code":39816,"name":"valley","p":82794,"type":39816},"Q207524":{"code":207524,"name":"islet","p":23442,"type":207524},"Q350895":{"code":350895,"name":"abandoned village","p":98966309,"type":350895},"Q373074":{"code":373074,"name":"suffragan diocese","p":15617994,"type":373074},"Q473972":{"code":473972,"name":"protected area","p":56061,"type":473972},"Q902814":{"code":902814,"name":"border town","p":7930989,"type":902814},"Q5084":{"code":5084,"name":"hamlet","p":15617994,"type":5084},"Q5119":{"code":5119,"name":"capital city","p":515,"type":5119},"Q627236":{"code":627236,"name":"company town","p":486972,"type":627236},"Q1021711":{"code":1021711,"name":"seaside resort","p":486972,"type":1021711},"Q933394":{"code":933394,"name":"exclave","p":15621274,"type":933394},"Q6266":{"code":6266,"name":"nation","p":659390,"type":6266},"Q192611":{"code":192611,"name":"electoral district","p":56061,"type":192611},"Q15324":{"code":15324,"name":"body of water","p":82794,"type":15324},"Q1065592":{"code":1065592,"name":"desert island","p":23442,"type":1065592},"Q1081138":{"code":1081138,"name":"historic site","p":811979,"type":1081138},"Q1484611":{"code":1484611,"name":"buurtschap","p":5084,"type":1484611},"Q1549591":{"code":1549591,"name":"big city","p":98966309,"type":1549591},"Q15239622":{"code":15239622,"name":"disputed territory","p":183366,"type":15239622},"Q33837":{"code":33837,"name":"archipelago","p":205895,"type":33837},"Q12829":{"code":12829,"name":"comarca","p":15617994,"type":12829},"Q2074737":{"code":2074737,"name":"municipality of Spain","p":15284,"type":2074737},"Q5055981":{"code":5055981,"name":"council of Asturies","p":2074737,"type":5055981},"Q1620908":{"code":1620908,"name":"historical region","p":56061,"type":1620908},"Q2983893":{"code":2983893,"name":"quarter","p":56061,"type":2983893},"Q2989421":{"code":2989421,"name":"council of Navarre","p":14757767,"type":2989421},"Q34763":{"code":34763,"name":"peninsula","p":205895,"type":34763},"Q734818":{"code":734818,"name":"condominium","p":1307214,"type":734818},"Q3146899":{"code":3146899,"name":"diocese of the Catholic Church","p":665487,"type":3146899},"Q8502":{"code":8502,"name":"mountain","p":106589819,"type":8502},"Q1637706":{"code":1637706,"name":"million city","p":1549591,"type":1637706},"Q1161185":{"code":1161185,"name":"high island","p":23442,"type":1161185},"Q15303838":{"code":15303838,"name":"municipality seat","p":5119,"type":15303838},"Q1151616":{"code":1151616,"name":"stateless nation","p":6256,"type":1151616},"Q15243209":{"code":15243209,"name":"historic district","p":149621,"type":15243209},"Q5811416":{"code":5811416,"name":"district in Spain","p":2983893,"type":5811416},"Q15725677":{"code":15725677,"name":"pedanía","p":56061,"type":15725677},"Q6350957":{"code":6350957,"name":"district of Cartagena, Spain","p":15725677,"type":6350957},"Q6554043":{"code":6554043,"name":"decentralized municipal entity","p":14757767,"type":6554043},"Q8776398":{"code":8776398,"name":"collective population entity of Spain","p":486972,"type":8776398},"Q8776404":{"code":8776404,"name":"autonomous local entity of Andalusia","p":14757767,"type":8776404},"Q9093938":{"code":9093938,"name":"Walled villa","p":486972,"type":9093938},"Q10267336":{"code":10267336,"name":"neighborhood of Madrid","p":123705,"type":10267336},"Q3183364":{"code":3183364,"name":"administrative territorial entity of Spain","p":15617994,"type":3183364},"Q3055118":{"code":3055118,"name":"single entity of population","p":3183364,"type":3055118},"Q1250464":{"code":1250464,"name":"realm","p":7275,"type":1250464},"Q12397176":{"code":12397176,"name":"parish of Galicia","p":3183364,"type":12397176},"Q12104567":{"code":12104567,"name":"housing estate","p":123705,"type":12104567},"Q13526752":{"code":13526752,"name":"lugar","p":486972,"type":13526752},"Q1973416":{"code":1973416,"name":"type locality","p":618123,"type":1973416},"Q2070206":{"code":2070206,"name":"rural parish of Asturias","p":14757767,"type":2070206},"Q22674925":{"code":22674925,"name":"former settlement","p":98966309,"type":22674925},"Q1345234":{"code":1345234,"name":"comarca of Spain","p":12829,"type":1345234},"Q1357964":{"code":1357964,"name":"county town","p":3957,"type":1357964},"Q2276925":{"code":2276925,"name":"municipality of Galicia","p":56061,"type":2276925},"Q3744088":{"code":3744088,"name":"tourism region","p":82794,"type":3744088},"Q16532593":{"code":16532593,"name":"autonomous city of Spain","p":10864048,"type":16532593},"Q16543169":{"code":16543169,"name":"Concejo of Álava","p":14757767,"type":16543169},"Q16557344":{"code":16557344,"name":"diseminado","p":2221906,"type":16557344},"Q17152565":{"code":17152565,"name":"international zone","p":56061,"type":17152565},"Q33146843":{"code":33146843,"name":"municipality of Catalonia","p":2074737,"type":33146843},"Q1662118":{"code":1662118,"name":"industrial city","p":515,"type":1662118},"Q1761572":{"code":1761572,"name":"barrio","p":123705,"type":1761572},"Q1907114":{"code":1907114,"name":"metropolitan area","p":56061,"type":1907114},"Q3257686":{"code":3257686,"name":"locality","p":486972,"type":3257686},"Q4946461":{"code":4946461,"name":"spa town","p":486972,"type":4946461},"Q4989906":{"code":4989906,"name":"monument","p":811979,"type":4989906},"Q15661340":{"code":15661340,"name":"ancient city","p":515,"type":15661340},"Q20541692":{"code":20541692,"name":"settlement in Galicia, Spain","p":3183364,"type":20541692},"Q55102916":{"code":55102916,"name":"parish of Asturias","p":56061,"type":55102916},"Q3284867":{"code":3284867,"name":"cendea","p":2074737,"type":3284867},"Q3333989":{"code":3333989,"name":"minor local entity of Spain","p":15617994,"type":3333989},"Q2198484":{"code":2198484,"name":"municipal district","p":56061,"type":2198484},"Q2264924":{"code":2264924,"name":"port settlement","p":515,"type":2264924},"Q3502482":{"code":3502482,"name":"cultural region","p":82794,"type":3502482},"Q25421146":{"code":25421146,"name":"llogaret","p":5084,"type":25421146},"Q27780831":{"code":27780831,"name":"lost Roman Catholic diocese","p":3146899,"type":27780831},"Q17600144":{"code":17600144,"name":"dena","p":56061,"type":17600144},"Q18674678":{"code":18674678,"name":"subcomarca of Spain","p":12829,"type":18674678},"Q19730508":{"code":19730508,"name":"former municipality","p":15284,"type":19730508},"Q41792036":{"code":41792036,"name":"oversea province of Spain","p":3183364,"type":41792036},"Q50330360":{"code":50330360,"name":"second largest city","p":7930989,"type":50330360},"Q51929311":{"code":51929311,"name":"largest city","p":7930989,"type":51929311},"Q3624078":{"code":3624078,"name":"sovereign state","p":6256,"type":3624078},"Q10854310":{"code":10854310,"name":"administrative territorial entity below municipality in Spain","p":3183364,"type":10854310},"Q11939023":{"code":11939023,"name":"núcleo de población","p":98966309,"type":11939023},"Q55863584":{"code":55863584,"name":"former municipality of Spain","p":2074737,"type":55863584},"Q60828568":{"code":60828568,"name":"almiradío","p":56061,"type":60828568},"Q61763947":{"code":61763947,"name":"municipality of Aragon","p":618123,"type":61763947},"Q20616831":{"code":20616831,"name":"flooded village","p":22674925,"type":20616831},"Q21751582":{"code":21751582,"name":"deserted medieval village","p":486972,"type":21751582},"Q99541706":{"code":99541706,"name":"historical unrecognized state","p":3024240,"type":99541706},"Q105388829":{"code":105388829,"name":"Latin Catholic diocese","p":20926517,"type":105388829},"Q110654987":{"code":110654987,"name":"unibertsitate","p":82794,"type":110654987},"Q110655230":{"code":110655230,"name":"komunitate","p":82794,"type":110655230},"Q110978806":{"code":110978806,"name":"mankomunitate","p":82794,"type":110978806},"Q113871999":{"code":113871999,"name":"Valencian municipality","p":15284,"type":113871999},"Q-1":{"code":-1,"name":"INVALID","p":3,"type":-1},"Q-2":{"code":-2,"name":"EXCLUDED","p":3,"type":-2},"Q3947":{"code":3947,"name":"house (Q3947)","p":-1,"type":3947},"Q7188":{"code":7188,"name":"government (Q7188)","p":-1,"type":7188},"Q11019":{"code":11019,"name":"machine (Q11019)","p":-1,"type":11019},"Q31728":{"code":31728,"name":"public administration (Q31728)","p":-1,"type":31728},"Q34876":{"code":34876,"name":"province (Q34876)","p":-1,"type":34876},"Q35120":{"code":35120,"name":"entity (Q35120)","p":-1,"type":35120},"Q38829":{"code":38829,"name":"breed (Q38829)","p":-1,"type":38829},"Q43229":{"code":43229,"name":"organization (Q43229)","p":-1,"type":43229},"Q49389":{"code":49389,"name":"tourism (Q49389)","p":-1,"type":49389},"Q63100":{"code":63100,"name":"urban design (Q63100)","p":-1,"type":63100},"Q101072":{"code":101072,"name":"definition (Q101072)","p":-1,"type":101072},"Q107425":{"code":107425,"name":"landscape (Q107425)","p":-1,"type":107425},"Q161243":{"code":161243,"name":"dependent territory (Q161243)","p":-1,"type":161243},"Q186081":{"code":186081,"name":"time interval (Q186081)","p":-1,"type":186081},"Q214339":{"code":214339,"name":"role (Q214339)","p":-1,"type":214339},"Q253836":{"code":253836,"name":"judicial district (Q253836)","p":-1,"type":253836},"Q386426":{"code":386426,"name":"natural heritage (Q386426)","p":-1,"type":386426},"Q391414":{"code":391414,"name":"architectural element (Q391414)","p":-1,"type":391414},"Q468756":{"code":468756,"name":"shore (Q468756)","p":-1,"type":468756},"Q697295":{"code":697295,"name":"shrine (Q697295)","p":-1,"type":697295},"Q937228":{"code":937228,"name":"property (Q937228)","p":-1,"type":937228},"Q1048835":{"code":1048835,"name":"political territorial entity (Q1048835)","p":-1,"type":1048835},"Q1165944":{"code":1165944,"name":"land use (Q1165944)","p":-1,"type":1165944},"Q1190554":{"code":1190554,"name":"occurrence (Q1190554)","p":-1,"type":1190554},"Q1263068":{"code":1263068,"name":"duplicate entry (Q1263068)","p":-1,"type":1263068},"Q1370598":{"code":1370598,"name":"structure of worship (Q1370598)","p":-1,"type":1370598},"Q2177636":{"code":2177636,"name":"municipality of Denmark (Q2177636)","p":-1,"type":2177636},"Q2507626":{"code":2507626,"name":"water area (Q2507626)","p":-1,"type":2507626},"Q2516121":{"code":2516121,"name":"transport structure (Q2516121)","p":-1,"type":2516121},"Q3110694":{"code":3110694,"name":"alternative tourism (Q3110694)","p":-1,"type":3110694},"Q3327874":{"code":3327874,"name":"rural municipality of Canada (Q3327874)","p":-1,"type":3327874},"Q3702971":{"code":3702971,"name":"personal data (Q3702971)","p":-2,"type":3702971},"Q4257161":{"code":4257161,"name":"range (Q4257161)","p":-1,"type":4257161},"Q4286337":{"code":4286337,"name":"city district (Q4286337)","p":-1,"type":4286337},"Q4373292":{"code":4373292,"name":"physical property (Q4373292)","p":-1,"type":4373292},"Q5162954":{"code":5162954,"name":"conservation designation (Q5162954)","p":-1,"type":5162954},"Q6044472":{"code":6044472,"name":"intentional living (Q6044472)","p":-1,"type":6044472},"Q10521078":{"code":10521078,"name":"megalithic tomb (Q10521078)","p":-1,"type":10521078},"Q10541491":{"code":10541491,"name":"legal form (Q10541491)","p":-1,"type":10541491},"Q11917457":{"code":11917457,"name":"administrative territorial entity of Catalonia (Q11917457)","p":-1,"type":11917457},"Q12769393":{"code":12769393,"name":"end (Q12769393)","p":-1,"type":12769393},"Q12819564":{"code":12819564,"name":"station (Q12819564)","p":-1,"type":12819564},"Q15646667":{"code":15646667,"name":"administrative territorial entity of more than one country (Q15646667)","p":-1,"type":15646667},"Q15709883":{"code":15709883,"name":"statistical definition (Q15709883)","p":-1,"type":15709883},"Q17143723":{"code":17143723,"name":"Catholic parish (Q17143723)","p":-1,"type":17143723},"Q19817101":{"code":19817101,"name":"coastal landform (Q19817101)","p":-1,"type":19817101},"Q19832712":{"code":19832712,"name":"historical administrative division (Q19832712)","p":-1,"type":19832712},"Q20667921":{"code":20667921,"name":"type of French administrative division (Q20667921)","p":-1,"type":20667921},"Q24398318":{"code":24398318,"name":"religious building (Q24398318)","p":-1,"type":24398318},"Q28872924":{"code":28872924,"name":"designation for an administrative territorial entity of a single country (Q28872924)","p":-1,"type":28872924},"Q29028649":{"code":29028649,"name":"undefined (Q29028649)","p":-1,"type":29028649},"Q33104069":{"code":33104069,"name":"undefined (Q33104069)","p":-1,"type":33104069},"Q61763780":{"code":61763780,"name":"undefined (Q61763780)","p":-1,"type":61763780},"Q107359024":{"code":107359024,"name":"undefined (Q107359024)","p":-1,"type":107359024},"Q108028209":{"code":108028209,"name":"undefined (Q108028209)","p":-1,"type":108028209},"Q111737478":{"code":111737478,"name":"undefined (Q111737478)","p":-1,"type":111737478},"Q-3":{"code":-3,"name":"UNLINKED","p":3,"type":-3},"Q101659":{"code":101659,"name":"dolmen (Q101659)","p":-3,"type":101659},"Q152450":{"code":152450,"name":"municipal election (Q152450)","p":-3,"type":152450},"Q153026":{"code":153026,"name":"Euroregion (Q153026)","p":-3,"type":153026},"Q164142":{"code":164142,"name":"protectorate (Q164142)","p":-3,"type":164142},"Q40080":{"code":40080,"name":"beach (Q40080)","p":-3,"type":40080},"Q39594":{"code":39594,"name":"bay (Q39594)","p":-3,"type":39594},"Q175208":{"code":175208,"name":"biotope (Q175208)","p":-3,"type":175208},"Q162620":{"code":162620,"name":"province of Spain (Q162620)","p":-3,"type":162620},"Q44782":{"code":44782,"name":"port (Q44782)","p":-3,"type":44782},"Q177626":{"code":177626,"name":"human migration (Q177626)","p":-3,"type":177626},"Q187449":{"code":187449,"name":"ecotourism (Q187449)","p":-3,"type":187449},"Q790344":{"code":790344,"name":"district of Barcelona (Q790344)","p":-3,"type":790344},"Q816829":{"code":816829,"name":"periodization (Q816829)","p":-3,"type":816829},"Q44494":{"code":44494,"name":"mill (Q44494)","p":-3,"type":44494},"Q10742":{"code":10742,"name":"autonomous community of Spain (Q10742)","p":-3,"type":10742},"Q506109":{"code":506109,"name":"Holstebro Municipality (Q506109)","p":-3,"type":506109},"Q531230":{"code":531230,"name":"intermunicipal commonwealth (Q531230)","p":-3,"type":531230},"Q585956":{"code":585956,"name":"masia (Q585956)","p":-3,"type":585956},"Q937876":{"code":937876,"name":"comarca of Catalonia (Q937876)","p":-3,"type":937876},"Q1061151":{"code":1061151,"name":"massif (Q1061151)","p":-3,"type":1061151},"Q3950":{"code":3950,"name":"villa (Q3950)","p":-3,"type":3950},"Q721207":{"code":721207,"name":"marina (Q721207)","p":-3,"type":721207},"Q44613":{"code":44613,"name":"monastery (Q44613)","p":-3,"type":44613},"Q55488":{"code":55488,"name":"railway station (Q55488)","p":-3,"type":55488},"Q674950":{"code":674950,"name":"residential area (Q674950)","p":-3,"type":674950},"Q484170":{"code":484170,"name":"commune of France (Q484170)","p":-3,"type":484170},"Q15052846":{"code":15052846,"name":"judicial district of Spain (Q15052846)","p":-3,"type":15052846},"Q15135589":{"code":15135589,"name":"pilgrimage site (Q15135589)","p":-3,"type":15135589},"Q747957":{"code":747957,"name":"stack (Q747957)","p":-3,"type":747957},"Q766277":{"code":766277,"name":"comarque of the Valencian Community (Q766277)","p":-3,"type":766277},"Q5150550":{"code":5150550,"name":"comarca of Galicia (Q5150550)","p":-3,"type":5150550},"Q2881199":{"code":2881199,"name":"public body (Q2881199)","p":-3,"type":2881199},"Q728904":{"code":728904,"name":"nature park (Q728904)","p":-3,"type":728904},"Q3141478":{"code":3141478,"name":"comarca of Andalusia (Q3141478)","p":-3,"type":3141478},"Q3175539":{"code":3175539,"name":"Larger Urban Zones (Q3175539)","p":-3,"type":3175539},"Q3179682":{"code":3179682,"name":"Basque historical territory (Q3179682)","p":-3,"type":3179682},"Q1191622":{"code":1191622,"name":"Special Area of Conservation (Q1191622)","p":-3,"type":1191622},"Q1200957":{"code":1200957,"name":"tourist destination (Q1200957)","p":-3,"type":1200957},"Q1160573":{"code":1160573,"name":"horse breed (Q1160573)","p":-3,"type":1160573},"Q5150553":{"code":5150553,"name":"comarca of the Basque Country (Q5150553)","p":-3,"type":5150553},"Q5756064":{"code":5756064,"name":"casería (Q5756064)","p":-3,"type":5756064},"Q8254378":{"code":8254378,"name":"cabecera municipal (Q8254378)","p":-3,"type":8254378},"Q8561193":{"code":8561193,"name":"district of Valencia (Q8561193)","p":-3,"type":8561193},"Q10631691":{"code":10631691,"name":"Catholic pilgrimage church (Q10631691)","p":-3,"type":10631691},"Q3032114":{"code":3032114,"name":"district of Madrid (Q3032114)","p":-3,"type":3032114},"Q15042037":{"code":15042037,"name":"statistical territorial entity (Q15042037)","p":-3,"type":15042037},"Q17317594":{"code":17317594,"name":"Spanish general election (Q17317594)","p":-3,"type":17317594},"Q17334923":{"code":17334923,"name":"physical location (Q17334923)","p":-3,"type":17334923},"Q4164871":{"code":4164871,"name":"position (Q4164871)","p":-3,"type":4164871},"Q2373919":{"code":2373919,"name":"intentional community (Q2373919)","p":-3,"type":2373919},"Q2469744":{"code":2469744,"name":"no label (Q2469744)","p":-3,"type":2469744},"Q2731185":{"code":2731185,"name":"no label (Q2731185)","p":-3,"type":2731185},"Q2735929":{"code":2735929,"name":"no label (Q2735929)","p":-3,"type":2735929},"Q2736168":{"code":2736168,"name":"no label (Q2736168)","p":-3,"type":2736168},"Q16149276":{"code":16149276,"name":"no label (Q16149276)","p":-3,"type":16149276},"Q17259945":{"code":17259945,"name":"no label (Q17259945)","p":-3,"type":17259945},"Q23790":{"code":23790,"name":"no label (Q23790)","p":-3,"type":23790},"Q3297051":{"code":3297051,"name":"no label (Q3297051)","p":-3,"type":3297051},"Q3317612":{"code":3317612,"name":"no label (Q3317612)","p":-3,"type":3317612},"Q3321400":{"code":3321400,"name":"no label (Q3321400)","p":-3,"type":3321400},"Q3321844":{"code":3321844,"name":"no label (Q3321844)","p":-3,"type":3321844},"Q3333265":{"code":3333265,"name":"no label (Q3333265)","p":-3,"type":3333265},"Q26939879":{"code":26939879,"name":"no label (Q26939879)","p":-3,"type":26939879},"Q4389116":{"code":4389116,"name":"no label (Q4389116)","p":-3,"type":4389116},"Q17362920":{"code":17362920,"name":"no label (Q17362920)","p":-3,"type":17362920},"Q17377474":{"code":17377474,"name":"no label (Q17377474)","p":-3,"type":17377474},"Q18378258":{"code":18378258,"name":"no label (Q18378258)","p":-3,"type":18378258},"Q18696097":{"code":18696097,"name":"no label (Q18696097)","p":-3,"type":18696097},"Q11914873":{"code":11914873,"name":"no label (Q11914873)","p":-3,"type":11914873},"Q3573839":{"code":3573839,"name":"no label (Q3573839)","p":-3,"type":3573839},"Q11514315":{"code":11514315,"name":"no label (Q11514315)","p":-3,"type":11514315},"Q11912920":{"code":11912920,"name":"no label (Q11912920)","p":-3,"type":11912920},"Q19920968":{"code":19920968,"name":"no label (Q19920968)","p":-3,"type":19920968},"Q20105287":{"code":20105287,"name":"no label (Q20105287)","p":-3,"type":20105287},"Q20203507":{"code":20203507,"name":"no label (Q20203507)","p":-3,"type":20203507},"Q55379806":{"code":55379806,"name":"no label (Q55379806)","p":-3,"type":55379806},"Q56750657":{"code":56750657,"name":"no label (Q56750657)","p":-3,"type":56750657},"Q61763799":{"code":61763799,"name":"no label (Q61763799)","p":-3,"type":61763799},"Q1344240":{"code":1344240,"name":"no label (Q1344240)","p":-3,"type":1344240},"Q64913082":{"code":64913082,"name":"no label (Q64913082)","p":-3,"type":64913082},"Q68979886":{"code":68979886,"name":"no label (Q68979886)","p":-3,"type":68979886},"Q68982447":{"code":68982447,"name":"no label (Q68982447)","p":-3,"type":68982447},"Q75135432":{"code":75135432,"name":"no label (Q75135432)","p":-3,"type":75135432},"Q104117291":{"code":104117291,"name":"no label (Q104117291)","p":-3,"type":104117291},"Q105390172":{"code":105390172,"name":"no label (Q105390172)","p":-3,"type":105390172}}