{"Q3":{"code":3,"name":"ROOT","type":634},"Q15893266":{"code":15893266,"name":"FORMER","p":3,"type":15893266},"Q24017414":{"code":24017414,"name":"MISC","p":3,"type":24017414},"Q183039":{"code":183039,"name":"COUNTRY","p":3,"type":183039},"Q56061":{"code":56061,"name":"admin","p":3,"type":56061},"Q486972":{"code":486972,"name":"settled","p":3,"type":486972},"Q2625603":{"code":2625603,"name":"population","p":3,"type":2625603},"Q51041800":{"code":51041800,"name":"religious","p":3,"type":51041800},"Q659390":{"code":659390,"name":"construct","p":3,"type":659390},"Q104098715":{"code":104098715,"name":"territorial entity type","p":3,"type":104098715},"Q2221906":{"code":2221906,"name":"geo","p":3,"type":2221906},"Q19953632":{"code":19953632,"name":"former admin","p":15893266,"type":19953632},"Q5962346":{"code":5962346,"name":"classification system","p":24017414,"type":5962346},"Q11834037":{"code":11834037,"name":"physico-geographical regionalization","p":5962346,"type":11834037},"Q25894868":{"code":25894868,"name":"place type","p":24017414,"type":25894868},"Q41710":{"code":41710,"name":"ethnic group","p":24017414,"type":41710},"Q23442":{"code":23442,"name":"island","p":25894868,"type":23442},"Q15617994":{"code":15617994,"name":"designation for an administrative territorial entity","p":24017414,"type":15617994},"Q111972893":{"code":111972893,"name":"type of structure","p":24017414,"type":111972893},"Q811979":{"code":811979,"name":"architectural structure","p":111972893,"type":811979},"Q41176":{"code":41176,"name":"building","p":811979,"type":41176},"Q96084375":{"code":96084375,"name":"former building or structure","p":41176,"type":96084375},"Q12292478":{"code":12292478,"name":"estate","p":811979,"type":12292478},"Q875157":{"code":875157,"name":"resort","p":12292478,"type":875157},"Q699405":{"code":699405,"name":"residence","p":811979,"type":699405},"Q5890494":{"code":5890494,"name":"homestead","p":699405,"type":5890494},"Q11755880":{"code":11755880,"name":"residential building","p":699405,"type":11755880},"Q113489728":{"code":113489728,"name":"OECD country","p":183039,"type":113489728},"Q1307214":{"code":1307214,"name":"form of government","p":183039,"type":1307214},"Q6256":{"code":6256,"name":"country","p":183039,"type":6256},"Q171308":{"code":171308,"name":"oblast","p":56061,"type":171308},"Q15621274":{"code":15621274,"name":"enclave or exclave","p":56061,"type":15621274},"Q3024240":{"code":3024240,"name":"historical country","p":19953632,"type":3024240},"Q12076836":{"code":12076836,"name":"of a single country","p":56061,"type":12076836},"Q2520520":{"code":2520520,"name":"administrative territorial entity of Hungary","p":12076836,"type":2520520},"Q697379":{"code":697379,"name":"administrative territorial entity of Romania","p":12076836,"type":697379},"Q15620181":{"code":15620181,"name":"administrative territorial entity of Estonia","p":12076836,"type":15620181},"Q1799794":{"code":1799794,"name":"By level","p":56061,"type":1799794},"Q788176":{"code":788176,"name":"autonomous administrative territorial entity","p":56061,"type":788176},"Q10864048":{"code":10864048,"name":"A1","p":1799794,"type":10864048},"Q13220204":{"code":13220204,"name":"A2","p":1799794,"type":13220204},"Q13221722":{"code":13221722,"name":"A3","p":1799794,"type":13221722},"Q14757767":{"code":14757767,"name":"A4","p":1799794,"type":14757767},"Q4976993":{"code":4976993,"name":"civil parish","p":14757767,"type":4976993},"Q7275":{"code":7275,"name":"state","p":56061,"type":7275},"Q702492":{"code":702492,"name":"urban area","p":486972,"type":702492},"Q515":{"code":515,"name":"city","p":486972,"type":515},"Q532":{"code":532,"name":"village","p":486972,"type":532},"Q618299":{"code":618299,"name":"settlement","p":486972,"type":618299},"Q15284":{"code":15284,"name":"municipality","p":486972,"type":15284},"Q15253706":{"code":15253706,"name":"like a city","p":486972,"type":15253706},"Q244793":{"code":244793,"name":"twin cities","p":486972,"type":244793},"Q676050":{"code":676050,"name":"old town","p":486972,"type":676050},"Q1782540":{"code":1782540,"name":"railway town","p":486972,"type":1782540},"Q98966309":{"code":98966309,"name":"classification of human settlements","p":486972,"type":98966309},"Q7930989":{"code":7930989,"name":"city or town","p":486972,"type":7930989},"Q33829":{"code":33829,"name":"human population","p":2625603,"type":33829},"Q1492823":{"code":1492823,"name":"ecclesiastical district","p":51041800,"type":1492823},"Q20926517":{"code":20926517,"name":"religious administrative territorial entity","p":51041800,"type":20926517},"Q665487":{"code":665487,"name":"diocese","p":20926517,"type":665487},"Q471855":{"code":471855,"name":"jurisdiction","p":659390,"type":471855},"Q2665272":{"code":2665272,"name":"Ecclesiastical circumscription immediately subject to the Holy See","p":471855,"type":2665272},"Q618123":{"code":618123,"name":"geographical feature","p":2221906,"type":618123},"Q1291195":{"code":1291195,"name":"place of discovery","p":618123,"type":1291195},"Q82794":{"code":82794,"name":"geographic region","p":618123,"type":82794},"Q106589819":{"code":106589819,"name":"elevation","p":618123,"type":106589819},"Q74817647":{"code":74817647,"name":"aspect in a geographic region","p":82794,"type":74817647},"Q205895":{"code":205895,"name":"landmass","p":82794,"type":205895},"Q183366":{"code":183366,"name":"territory","p":82794,"type":183366},"Q4835091":{"code":4835091,"name":"territory","p":82794,"type":4835091},"Q15642541":{"code":15642541,"name":"human-geographic territorial entity","p":183366,"type":15642541},"Q3957":{"code":3957,"name":"town","p":98966309,"type":3957},"Q5084":{"code":5084,"name":"hamlet","p":15617994,"type":5084},"Q5119":{"code":5119,"name":"capital city","p":515,"type":5119},"Q34763":{"code":34763,"name":"peninsula","p":205895,"type":34763},"Q1323642":{"code":1323642,"name":"transcontinental country","p":6256,"type":1323642},"Q1549591":{"code":1549591,"name":"big city","p":98966309,"type":1549591},"Q1637706":{"code":1637706,"name":"million city","p":1549591,"type":1637706},"Q74047":{"code":74047,"name":"ghost town","p":98966309,"type":74047},"Q123480":{"code":123480,"name":"landlocked country","p":6256,"type":123480},"Q123705":{"code":123705,"name":"neighborhood","p":486972,"type":123705},"Q159313":{"code":159313,"name":"urban agglomeration","p":702492,"type":159313},"Q1306755":{"code":1306755,"name":"administrative centre","p":2221906,"type":1306755},"Q1662118":{"code":1662118,"name":"industrial city","p":515,"type":1662118},"Q179164":{"code":179164,"name":"unitary state","p":1307214,"type":179164},"Q350895":{"code":350895,"name":"abandoned village","p":98966309,"type":350895},"Q2643128":{"code":2643128,"name":"district of Kazakhstan","p":13220204,"type":2643128},"Q3624078":{"code":3624078,"name":"sovereign state","p":6256,"type":3624078},"Q836672":{"code":836672,"name":"region of Kazakhstan","p":171308,"type":836672},"Q902814":{"code":902814,"name":"border town","p":7930989,"type":902814},"Q2514025":{"code":2514025,"name":"posyolok","p":15617994,"type":2514025},"Q691960":{"code":691960,"name":"satellite city","p":515,"type":691960},"Q771444":{"code":771444,"name":"aul","p":532,"type":771444},"Q4286337":{"code":4286337,"name":"city district","p":56061,"type":4286337},"Q4414032":{"code":4414032,"name":"rural district of Kazakhstan","p":13221722,"type":4414032},"Q14616455":{"code":14616455,"name":"destroyed city","p":98966309,"type":14616455},"Q4533081":{"code":4533081,"name":"ethnolinguistic group","p":41710,"type":4533081},"Q12134916":{"code":12134916,"name":"centre of oblast","p":56061,"type":12134916},"Q12266391":{"code":12266391,"name":"city of republican significance","p":7930989,"type":12266391},"Q21507948":{"code":21507948,"name":"former village","p":532,"type":21507948},"Q22674925":{"code":22674925,"name":"former settlement","p":98966309,"type":22674925},"Q3146899":{"code":3146899,"name":"diocese of the Catholic Church","p":665487,"type":3146899},"Q15072596":{"code":15072596,"name":"administrative territorial entity of Kazakhstan","p":12076836,"type":15072596},"Q18285142":{"code":18285142,"name":"oblast of a union republic of the Soviet Union","p":171308,"type":18285142},"Q18729324":{"code":18729324,"name":"razyezd","p":15617994,"type":18729324},"Q27062006":{"code":27062006,"name":"station","p":56061,"type":27062006},"Q28790362":{"code":28790362,"name":"ethnic community","p":41710,"type":28790362},"Q50330360":{"code":50330360,"name":"second largest city","p":7930989,"type":50330360},"Q51929311":{"code":51929311,"name":"largest city","p":7930989,"type":51929311},"Q52103661":{"code":52103661,"name":"former island","p":23442,"type":52103661},"Q4476438":{"code":4476438,"name":"","p":2643128,"type":4476438},"Q-1":{"code":-1,"name":"INVALID","p":3,"type":-1},"Q43263":{"code":43263,"name":"federal subject of Russia (Q43263)","p":-1,"type":43263},"Q151885":{"code":151885,"name":"concept (Q151885)","p":-1,"type":151885},"Q285181":{"code":285181,"name":"eparchy (Q285181)","p":-1,"type":285181},"Q351389":{"code":351389,"name":"ethnic minority (Q351389)","p":-1,"type":351389},"Q874405":{"code":874405,"name":"social group (Q874405)","p":-1,"type":874405},"Q1785071":{"code":1785071,"name":"fort (Q1785071)","p":-1,"type":1785071},"Q4204491":{"code":4204491,"name":"administrative territorial entity of the Soviet Union (Q4204491)","p":-1,"type":4204491},"Q10354598":{"code":10354598,"name":"rural settlement (Q10354598)","p":-1,"type":10354598},"Q12819564":{"code":12819564,"name":"station (Q12819564)","p":-1,"type":12819564},"Q28872924":{"code":28872924,"name":"designation for an administrative territorial entity of a single country (Q28872924)","p":-1,"type":28872924},"Q33104069":{"code":33104069,"name":"political concept (Q33104069)","p":-1,"type":33104069},"Q111737478":{"code":111737478,"name":"catholic ecclesiastical district (Q111737478)","p":-1,"type":111737478},"Q-3":{"code":-3,"name":"UNLINKED","p":3,"type":-3},"Q6266":{"code":6266,"name":"nation (Q6266)","p":-3,"type":6266},"Q55488":{"code":55488,"name":"railway station (Q55488)","p":-3,"type":55488},"Q1431554":{"code":1431554,"name":"apostolic administration (Q1431554)","p":-3,"type":1431554},"Q57831":{"code":57831,"name":"fortress (Q57831)","p":-3,"type":57831},"Q2472587":{"code":2472587,"name":"people (Q2472587)","p":-3,"type":2472587},"Q183342":{"code":183342,"name":"federal city of Russia (Q183342)","p":-3,"type":183342},"Q231002":{"code":231002,"name":"nationality (Q231002)","p":-3,"type":231002},"Q769696":{"code":769696,"name":"ethnic minority (Q769696)","p":-3,"type":769696},"Q6017815":{"code":6017815,"name":"kishlak (Q6017815)","p":-3,"type":6017815},"Q3558970":{"code":3558970,"name":"village of Poland (Q3558970)","p":-3,"type":3558970},"Q20719675":{"code":20719675,"name":"raion of the Soviet Union (Q20719675)","p":-3,"type":20719675},"Q60176300":{"code":60176300,"name":"Eastern Orthodox eparchy (Q60176300)","p":-3,"type":60176300},"Q105390172":{"code":105390172,"name":"Roman Catholic metropolitan archdiocese (Q105390172)","p":-3,"type":105390172}}