{"Q3":{"code":3,"name":"ROOT","type":634},"Q15893266":{"code":15893266,"name":"FORMER","p":3,"type":15893266},"Q24017414":{"code":24017414,"name":"MISC","p":3,"type":24017414},"Q183039":{"code":183039,"name":"COUNTRY","p":3,"type":183039},"Q56061":{"code":56061,"name":"admin","p":3,"type":56061},"Q486972":{"code":486972,"name":"settled","p":3,"type":486972},"Q2625603":{"code":2625603,"name":"population","p":3,"type":2625603},"Q51041800":{"code":51041800,"name":"religious","p":3,"type":51041800},"Q659390":{"code":659390,"name":"construct","p":3,"type":659390},"Q2221906":{"code":2221906,"name":"geo","p":3,"type":2221906},"Q19953632":{"code":19953632,"name":"former admin","p":15893266,"type":19953632},"Q25894868":{"code":25894868,"name":"place type","p":24017414,"type":25894868},"Q41710":{"code":41710,"name":"ethnic group","p":24017414,"type":41710},"Q23442":{"code":23442,"name":"island","p":25894868,"type":23442},"Q15617994":{"code":15617994,"name":"designation for an administrative territorial entity","p":24017414,"type":15617994},"Q1307214":{"code":1307214,"name":"form of government","p":183039,"type":1307214},"Q6256":{"code":6256,"name":"country","p":183039,"type":6256},"Q171308":{"code":171308,"name":"oblast","p":56061,"type":171308},"Q3024240":{"code":3024240,"name":"historical country","p":19953632,"type":3024240},"Q12076836":{"code":12076836,"name":"of a single country","p":56061,"type":12076836},"Q1799794":{"code":1799794,"name":"By level","p":56061,"type":1799794},"Q13220204":{"code":13220204,"name":"A2","p":1799794,"type":13220204},"Q13221722":{"code":13221722,"name":"A3","p":1799794,"type":13221722},"Q14757767":{"code":14757767,"name":"A4","p":1799794,"type":14757767},"Q702492":{"code":702492,"name":"urban area","p":486972,"type":702492},"Q515":{"code":515,"name":"city","p":486972,"type":515},"Q532":{"code":532,"name":"village","p":486972,"type":532},"Q98966309":{"code":98966309,"name":"classification of human settlements","p":486972,"type":98966309},"Q7930989":{"code":7930989,"name":"city or town","p":486972,"type":7930989},"Q33829":{"code":33829,"name":"human population","p":2625603,"type":33829},"Q20926517":{"code":20926517,"name":"religious administrative territorial entity","p":51041800,"type":20926517},"Q665487":{"code":665487,"name":"diocese","p":20926517,"type":665487},"Q618123":{"code":618123,"name":"geographical feature","p":2221906,"type":618123},"Q82794":{"code":82794,"name":"geographic region","p":618123,"type":82794},"Q205895":{"code":205895,"name":"landmass","p":82794,"type":205895},"Q3957":{"code":3957,"name":"town","p":98966309,"type":3957},"Q5084":{"code":5084,"name":"hamlet","p":15617994,"type":5084},"Q5119":{"code":5119,"name":"capital city","p":515,"type":5119},"Q34763":{"code":34763,"name":"peninsula","p":205895,"type":34763},"Q1306755":{"code":1306755,"name":"administrative centre","p":2221906,"type":1306755},"Q6266":{"code":6266,"name":"nation","p":659390,"type":6266},"Q123480":{"code":123480,"name":"landlocked country","p":6256,"type":123480},"Q74047":{"code":74047,"name":"ghost town","p":98966309,"type":74047},"Q123705":{"code":123705,"name":"neighborhood","p":486972,"type":123705},"Q159313":{"code":159313,"name":"urban agglomeration","p":702492,"type":159313},"Q179164":{"code":179164,"name":"unitary state","p":1307214,"type":179164},"Q836672":{"code":836672,"name":"region of Kazakhstan","p":171308,"type":836672},"Q902814":{"code":902814,"name":"border town","p":7930989,"type":902814},"Q1323642":{"code":1323642,"name":"transcontinental country","p":6256,"type":1323642},"Q1549591":{"code":1549591,"name":"big city","p":98966309,"type":1549591},"Q3146899":{"code":3146899,"name":"diocese of the Catholic Church","p":665487,"type":3146899},"Q3624078":{"code":3624078,"name":"sovereign state","p":6256,"type":3624078},"Q691960":{"code":691960,"name":"satellite city","p":515,"type":691960},"Q1637706":{"code":1637706,"name":"million city","p":1549591,"type":1637706},"Q1662118":{"code":1662118,"name":"industrial city","p":515,"type":1662118},"Q4286337":{"code":4286337,"name":"city district","p":56061,"type":4286337},"Q350895":{"code":350895,"name":"abandoned village","p":98966309,"type":350895},"Q14616455":{"code":14616455,"name":"destroyed city","p":98966309,"type":14616455},"Q771444":{"code":771444,"name":"aul","p":532,"type":771444},"Q4414032":{"code":4414032,"name":"rural district of Kazakhstan","p":13221722,"type":4414032},"Q4533081":{"code":4533081,"name":"ethnolinguistic group","p":41710,"type":4533081},"Q15072596":{"code":15072596,"name":"administrative territorial entity of Kazakhstan","p":12076836,"type":15072596},"Q2514025":{"code":2514025,"name":"posyolok","p":15617994,"type":2514025},"Q2643128":{"code":2643128,"name":"district of Kazakhstan","p":13220204,"type":2643128},"Q52103661":{"code":52103661,"name":"former island","p":23442,"type":52103661},"Q21507948":{"code":21507948,"name":"former village","p":532,"type":21507948},"Q22674925":{"code":22674925,"name":"former settlement","p":98966309,"type":22674925},"Q18285142":{"code":18285142,"name":"oblast of a union republic of the Soviet Union","p":171308,"type":18285142},"Q27062006":{"code":27062006,"name":"station","p":56061,"type":27062006},"Q28790362":{"code":28790362,"name":"ethnic community","p":41710,"type":28790362},"Q50330360":{"code":50330360,"name":"second largest city","p":7930989,"type":50330360},"Q51929311":{"code":51929311,"name":"largest city","p":7930989,"type":51929311},"Q12134916":{"code":12134916,"name":"centre of oblast","p":56061,"type":12134916},"Q12266391":{"code":12266391,"name":"city of republican significance","p":7930989,"type":12266391},"Q18729324":{"code":18729324,"name":"razyezd","p":15617994,"type":18729324},"Q4476438":{"code":4476438,"name":"","p":2643128,"type":4476438},"Q-3":{"code":-3,"name":"UNLINKED","p":3,"type":-3},"Q183342":{"code":183342,"name":"federal city of Russia (Q183342)","p":-3,"type":183342},"Q55488":{"code":55488,"name":"railway station (Q55488)","p":-3,"type":55488},"Q57831":{"code":57831,"name":"fortress (Q57831)","p":-3,"type":57831},"Q1431554":{"code":1431554,"name":"apostolic administration (Q1431554)","p":-3,"type":1431554},"Q3558970":{"code":3558970,"name":"village of Poland (Q3558970)","p":-3,"type":3558970},"Q231002":{"code":231002,"name":"nationality (Q231002)","p":-3,"type":231002},"Q769696":{"code":769696,"name":"ethnic minority (Q769696)","p":-3,"type":769696},"Q2472587":{"code":2472587,"name":"people (Q2472587)","p":-3,"type":2472587},"Q6017815":{"code":6017815,"name":"kishlak (Q6017815)","p":-3,"type":6017815},"Q60176300":{"code":60176300,"name":"Eastern Orthodox eparchy (Q60176300)","p":-3,"type":60176300},"Q105390172":{"code":105390172,"name":"Roman Catholic metropolitan archdiocese (Q105390172)","p":-3,"type":105390172},"Q20719675":{"code":20719675,"name":"raion of the Soviet Union (Q20719675)","p":-3,"type":20719675}}