{"Q3":{"code":3,"name":"ROOT","type":634},"Q24017414":{"code":24017414,"name":"MISC","p":3,"type":24017414},"Q183039":{"code":183039,"name":"COUNTRY","p":3,"type":183039},"Q56061":{"code":56061,"name":"admin","p":3,"type":56061},"Q486972":{"code":486972,"name":"settled","p":3,"type":486972},"Q51041800":{"code":51041800,"name":"religious","p":3,"type":51041800},"Q25894868":{"code":25894868,"name":"place type","p":24017414,"type":25894868},"Q41710":{"code":41710,"name":"ethnic group","p":24017414,"type":41710},"Q23442":{"code":23442,"name":"island","p":25894868,"type":23442},"Q6256":{"code":6256,"name":"country","p":183039,"type":6256},"Q15621274":{"code":15621274,"name":"enclave or exclave","p":56061,"type":15621274},"Q515":{"code":515,"name":"city","p":486972,"type":515},"Q532":{"code":532,"name":"village","p":486972,"type":532},"Q98966309":{"code":98966309,"name":"classification of human settlements","p":486972,"type":98966309},"Q7930989":{"code":7930989,"name":"city or town","p":486972,"type":7930989},"Q20926517":{"code":20926517,"name":"religious administrative territorial entity","p":51041800,"type":20926517},"Q665487":{"code":665487,"name":"diocese","p":20926517,"type":665487},"Q3957":{"code":3957,"name":"town","p":98966309,"type":3957},"Q5119":{"code":5119,"name":"capital city","p":515,"type":5119},"Q171441":{"code":171441,"name":"enclave","p":15621274,"type":171441},"Q200250":{"code":200250,"name":"metropolis","p":486972,"type":200250},"Q622499":{"code":622499,"name":"refugee camp","p":486972,"type":622499},"Q1549591":{"code":1549591,"name":"big city","p":98966309,"type":1549591},"Q1637706":{"code":1637706,"name":"million city","p":1549591,"type":1637706},"Q2264924":{"code":2264924,"name":"port settlement","p":515,"type":2264924},"Q3146899":{"code":3146899,"name":"diocese of the Catholic Church","p":665487,"type":3146899},"Q3624078":{"code":3624078,"name":"sovereign state","p":6256,"type":3624078},"Q50330360":{"code":50330360,"name":"second largest city","p":7930989,"type":50330360},"Q51929311":{"code":51929311,"name":"largest city","p":7930989,"type":51929311},"Q-3":{"code":-3,"name":"UNLINKED","p":3,"type":-3},"Q152732":{"code":152732,"name":"District of Bangladesh (Q152732)","p":-3,"type":152732},"Q174844":{"code":174844,"name":"megacity (Q174844)","p":-3,"type":174844},"Q465613":{"code":465613,"name":"people's republic (Q465613)","p":-3,"type":465613},"Q878040":{"code":878040,"name":"division of Bangladesh (Q878040)","p":-3,"type":878040},"Q1066984":{"code":1066984,"name":"financial centre (Q1066984)","p":-3,"type":1066984},"Q620471":{"code":620471,"name":"upazila of Bangladesh (Q620471)","p":-3,"type":620471},"Q2472587":{"code":2472587,"name":"people (Q2472587)","p":-3,"type":2472587},"Q3812392":{"code":3812392,"name":"union council of Bangladesh (Q3812392)","p":-3,"type":3812392},"Q6501447":{"code":6501447,"name":"local government (Q6501447)","p":-3,"type":6501447},"Q16334295":{"code":16334295,"name":"group of humans (Q16334295)","p":-3,"type":16334295},"Q17507349":{"code":17507349,"name":"district of British India (Q17507349)","p":-3,"type":17507349},"Q19832617":{"code":19832617,"name":"thana of Bangladesh (Q19832617)","p":-3,"type":19832617},"Q23759397":{"code":23759397,"name":"municipality of Bangladesh (Q23759397)","p":-3,"type":23759397},"Q105390172":{"code":105390172,"name":"Roman Catholic metropolitan archdiocese (Q105390172)","p":-3,"type":105390172}}