{"Q3":{"code":3,"name":"ROOT","type":634},"Q15893266":{"code":15893266,"name":"FORMER","p":3,"type":15893266},"Q24017414":{"code":24017414,"name":"MISC","p":3,"type":24017414},"Q183039":{"code":183039,"name":"COUNTRY","p":3,"type":183039},"Q56061":{"code":56061,"name":"admin","p":3,"type":56061},"Q486972":{"code":486972,"name":"settled","p":3,"type":486972},"Q2625603":{"code":2625603,"name":"population","p":3,"type":2625603},"Q51041800":{"code":51041800,"name":"religious","p":3,"type":51041800},"Q659390":{"code":659390,"name":"construct","p":3,"type":659390},"Q104098715":{"code":104098715,"name":"territorial entity type","p":3,"type":104098715},"Q2221906":{"code":2221906,"name":"geo","p":3,"type":2221906},"Q19953632":{"code":19953632,"name":"former admin","p":15893266,"type":19953632},"Q5962346":{"code":5962346,"name":"classification system","p":24017414,"type":5962346},"Q11834037":{"code":11834037,"name":"physico-geographical regionalization","p":5962346,"type":11834037},"Q25894868":{"code":25894868,"name":"place type","p":24017414,"type":25894868},"Q41710":{"code":41710,"name":"ethnic group","p":24017414,"type":41710},"Q23442":{"code":23442,"name":"island","p":25894868,"type":23442},"Q15617994":{"code":15617994,"name":"designation for an administrative territorial entity","p":24017414,"type":15617994},"Q111972893":{"code":111972893,"name":"type of structure","p":24017414,"type":111972893},"Q811979":{"code":811979,"name":"architectural structure","p":111972893,"type":811979},"Q41176":{"code":41176,"name":"building","p":811979,"type":41176},"Q96084375":{"code":96084375,"name":"former building or structure","p":41176,"type":96084375},"Q12292478":{"code":12292478,"name":"estate","p":811979,"type":12292478},"Q875157":{"code":875157,"name":"resort","p":12292478,"type":875157},"Q699405":{"code":699405,"name":"residence","p":811979,"type":699405},"Q5890494":{"code":5890494,"name":"homestead","p":699405,"type":5890494},"Q11755880":{"code":11755880,"name":"residential building","p":699405,"type":11755880},"Q113489728":{"code":113489728,"name":"OECD country","p":183039,"type":113489728},"Q1307214":{"code":1307214,"name":"form of government","p":183039,"type":1307214},"Q6256":{"code":6256,"name":"country","p":183039,"type":6256},"Q171308":{"code":171308,"name":"oblast","p":56061,"type":171308},"Q15621274":{"code":15621274,"name":"enclave or exclave","p":56061,"type":15621274},"Q3024240":{"code":3024240,"name":"historical country","p":19953632,"type":3024240},"Q12076836":{"code":12076836,"name":"of a single country","p":56061,"type":12076836},"Q2520520":{"code":2520520,"name":"administrative territorial entity of Hungary","p":12076836,"type":2520520},"Q697379":{"code":697379,"name":"administrative territorial entity of Romania","p":12076836,"type":697379},"Q15620181":{"code":15620181,"name":"administrative territorial entity of Estonia","p":12076836,"type":15620181},"Q1799794":{"code":1799794,"name":"By level","p":56061,"type":1799794},"Q788176":{"code":788176,"name":"autonomous administrative territorial entity","p":56061,"type":788176},"Q10864048":{"code":10864048,"name":"A1","p":1799794,"type":10864048},"Q13220204":{"code":13220204,"name":"A2","p":1799794,"type":13220204},"Q13221722":{"code":13221722,"name":"A3","p":1799794,"type":13221722},"Q14757767":{"code":14757767,"name":"A4","p":1799794,"type":14757767},"Q4976993":{"code":4976993,"name":"civil parish","p":14757767,"type":4976993},"Q7275":{"code":7275,"name":"state","p":56061,"type":7275},"Q702492":{"code":702492,"name":"urban area","p":486972,"type":702492},"Q515":{"code":515,"name":"city","p":486972,"type":515},"Q532":{"code":532,"name":"village","p":486972,"type":532},"Q618299":{"code":618299,"name":"settlement","p":486972,"type":618299},"Q15284":{"code":15284,"name":"municipality","p":486972,"type":15284},"Q15253706":{"code":15253706,"name":"like a city","p":486972,"type":15253706},"Q244793":{"code":244793,"name":"twin cities","p":486972,"type":244793},"Q676050":{"code":676050,"name":"old town","p":486972,"type":676050},"Q1782540":{"code":1782540,"name":"railway town","p":486972,"type":1782540},"Q98966309":{"code":98966309,"name":"classification of human settlements","p":486972,"type":98966309},"Q7930989":{"code":7930989,"name":"city or town","p":486972,"type":7930989},"Q33829":{"code":33829,"name":"human population","p":2625603,"type":33829},"Q1492823":{"code":1492823,"name":"ecclesiastical district","p":51041800,"type":1492823},"Q20926517":{"code":20926517,"name":"religious administrative territorial entity","p":51041800,"type":20926517},"Q665487":{"code":665487,"name":"diocese","p":20926517,"type":665487},"Q471855":{"code":471855,"name":"jurisdiction","p":659390,"type":471855},"Q2665272":{"code":2665272,"name":"Ecclesiastical circumscription immediately subject to the Holy See","p":471855,"type":2665272},"Q618123":{"code":618123,"name":"geographical feature","p":2221906,"type":618123},"Q1291195":{"code":1291195,"name":"place of discovery","p":618123,"type":1291195},"Q82794":{"code":82794,"name":"geographic region","p":618123,"type":82794},"Q106589819":{"code":106589819,"name":"elevation","p":618123,"type":106589819},"Q74817647":{"code":74817647,"name":"aspect in a geographic region","p":82794,"type":74817647},"Q205895":{"code":205895,"name":"landmass","p":82794,"type":205895},"Q183366":{"code":183366,"name":"territory","p":82794,"type":183366},"Q4835091":{"code":4835091,"name":"territory","p":82794,"type":4835091},"Q15642541":{"code":15642541,"name":"human-geographic territorial entity","p":183366,"type":15642541},"Q3957":{"code":3957,"name":"town","p":98966309,"type":3957},"Q5084":{"code":5084,"name":"hamlet","p":15617994,"type":5084},"Q5119":{"code":5119,"name":"capital city","p":515,"type":5119},"Q7270":{"code":7270,"name":"republic","p":183039,"type":7270},"Q39816":{"code":39816,"name":"valley","p":82794,"type":39816},"Q123480":{"code":123480,"name":"landlocked country","p":6256,"type":123480},"Q123705":{"code":123705,"name":"neighborhood","p":486972,"type":123705},"Q133442":{"code":133442,"name":"city-state","p":515,"type":133442},"Q130003":{"code":130003,"name":"ski resort","p":486972,"type":130003},"Q200250":{"code":200250,"name":"metropolis","p":486972,"type":200250},"Q253019":{"code":253019,"name":"Ortsteil","p":123705,"type":253019},"Q257391":{"code":257391,"name":"federal capital","p":5119,"type":257391},"Q171441":{"code":171441,"name":"enclave","p":15621274,"type":171441},"Q866623":{"code":866623,"name":"Olympic Village","p":486972,"type":866623},"Q1074523":{"code":1074523,"name":"planned community","p":486972,"type":1074523},"Q1138414":{"code":1138414,"name":"hermitage","p":486972,"type":1138414},"Q933394":{"code":933394,"name":"exclave","p":15621274,"type":933394},"Q1372205":{"code":1372205,"name":"dispersed settlement","p":486972,"type":1372205},"Q1549591":{"code":1549591,"name":"big city","p":98966309,"type":1549591},"Q262882":{"code":262882,"name":"statutory city of Austria","p":515,"type":262882},"Q338313":{"code":338313,"name":"business park","p":123705,"type":338313},"Q350895":{"code":350895,"name":"abandoned village","p":98966309,"type":350895},"Q902814":{"code":902814,"name":"border town","p":7930989,"type":902814},"Q1620908":{"code":1620908,"name":"historical region","p":56061,"type":1620908},"Q2082774":{"code":2082774,"name":"Mountain pastures","p":618123,"type":2082774},"Q2168991":{"code":2168991,"name":"Rotte","p":486972,"type":2168991},"Q2282602":{"code":2282602,"name":"group of houses","p":123705,"type":2282602},"Q1637706":{"code":1637706,"name":"million city","p":1549591,"type":1637706},"Q3624078":{"code":3624078,"name":"sovereign state","p":6256,"type":3624078},"Q3927262":{"code":3927262,"name":"district of Salzburg","p":56061,"type":3927262},"Q562061":{"code":562061,"name":"market municipality","p":15617994,"type":562061},"Q2983893":{"code":2983893,"name":"quarter","p":56061,"type":2983893},"Q3146899":{"code":3146899,"name":"diocese of the Catholic Church","p":665487,"type":3146899},"Q3257686":{"code":3257686,"name":"locality","p":486972,"type":3257686},"Q1778235":{"code":1778235,"name":"territorial abbey","p":1492823,"type":1778235},"Q667509":{"code":667509,"name":"municipality of Austria","p":15284,"type":667509},"Q1802801":{"code":1802801,"name":"rural municipality of Austria","p":667509,"type":1802801},"Q4286337":{"code":4286337,"name":"city district","p":56061,"type":4286337},"Q4946461":{"code":4946461,"name":"spa town","p":486972,"type":4946461},"Q15303838":{"code":15303838,"name":"municipality seat","p":5119,"type":15303838},"Q11183787":{"code":11183787,"name":"Ortschaft","p":15617994,"type":11183787},"Q13539802":{"code":13539802,"name":"place with town rights and privileges","p":15284,"type":13539802},"Q6882870":{"code":6882870,"name":"designated spa town","p":4946461,"type":6882870},"Q19347965":{"code":19347965,"name":"former municipality of Austria","p":667509,"type":19347965},"Q19730508":{"code":19730508,"name":"former municipality","p":15284,"type":19730508},"Q19832712":{"code":19832712,"name":"historical administrative division","p":56061,"type":19832712},"Q28790362":{"code":28790362,"name":"ethnic community","p":41710,"type":28790362},"Q50330360":{"code":50330360,"name":"second largest city","p":7930989,"type":50330360},"Q51929311":{"code":51929311,"name":"largest city","p":7930989,"type":51929311},"Q67123843":{"code":67123843,"name":"town divided by border","p":244793,"type":67123843},"Q79413632":{"code":79413632,"name":"city part of Innsbruck","p":123705,"type":79413632},"Q-1":{"code":-1,"name":"INVALID","p":3,"type":-1},"Q-2":{"code":-2,"name":"EXCLUDED","p":3,"type":-2},"Q43229":{"code":43229,"name":"organization (Q43229)","p":-1,"type":43229},"Q44613":{"code":44613,"name":"monastery (Q44613)","p":-1,"type":44613},"Q151885":{"code":151885,"name":"concept (Q151885)","p":-1,"type":151885},"Q210272":{"code":210272,"name":"cultural heritage (Q210272)","p":-1,"type":210272},"Q253326":{"code":253326,"name":"cadastral municipality (Q253326)","p":-1,"type":253326},"Q361733":{"code":361733,"name":"administrative territorial entity of Austria (Q361733)","p":-1,"type":361733},"Q470540":{"code":470540,"name":"seat (Q470540)","p":-1,"type":470540},"Q618779":{"code":618779,"name":"award (Q618779)","p":-1,"type":618779},"Q643815":{"code":643815,"name":"metropolitan or non-metropolitan county of England (Q643815)","p":-1,"type":643815},"Q874405":{"code":874405,"name":"social group (Q874405)","p":-1,"type":874405},"Q1048835":{"code":1048835,"name":"political territorial entity (Q1048835)","p":-1,"type":1048835},"Q1192543":{"code":1192543,"name":"legal doctrine (Q1192543)","p":-1,"type":1192543},"Q2135465":{"code":2135465,"name":"legal concept (Q2135465)","p":-1,"type":2135465},"Q2231510":{"code":2231510,"name":"col (Q2231510)","p":-1,"type":2231510},"Q3702971":{"code":3702971,"name":"personal data (Q3702971)","p":-2,"type":3702971},"Q10541491":{"code":10541491,"name":"legal form (Q10541491)","p":-1,"type":10541491},"Q12769393":{"code":12769393,"name":"end (Q12769393)","p":-1,"type":12769393},"Q15709883":{"code":15709883,"name":"statistical definition (Q15709883)","p":-1,"type":15709883},"Q17334923":{"code":17334923,"name":"physical location (Q17334923)","p":-1,"type":17334923},"Q24398318":{"code":24398318,"name":"religious building (Q24398318)","p":-1,"type":24398318},"Q28872924":{"code":28872924,"name":"designation for an administrative territorial entity of a single country (Q28872924)","p":-1,"type":28872924},"Q33104069":{"code":33104069,"name":"political concept (Q33104069)","p":-1,"type":33104069},"Q85785387":{"code":85785387,"name":"migrant crisis (Q85785387)","p":-1,"type":85785387},"Q106589826":{"code":106589826,"name":"Finnish National Land Survey place type (Q106589826)","p":-1,"type":106589826},"Q111737478":{"code":111737478,"name":"catholic ecclesiastical district (Q111737478)","p":-1,"type":111737478},"Q-3":{"code":-3,"name":"UNLINKED","p":3,"type":-3},"Q6266":{"code":6266,"name":"nation (Q6266)","p":-3,"type":6266},"Q16970":{"code":16970,"name":"church building (Q16970)","p":-3,"type":16970},"Q129372":{"code":129372,"name":"European Capital of Culture (Q129372)","p":-3,"type":129372},"Q160742":{"code":160742,"name":"abbey (Q160742)","p":-3,"type":160742},"Q133056":{"code":133056,"name":"mountain pass (Q133056)","p":-3,"type":133056},"Q231002":{"code":231002,"name":"nationality (Q231002)","p":-3,"type":231002},"Q261023":{"code":261023,"name":"district of Vienna (Q261023)","p":-3,"type":261023},"Q261543":{"code":261543,"name":"state of Austria (Q261543)","p":-3,"type":261543},"Q871419":{"code":871419,"name":"district of Austria (Q871419)","p":-3,"type":871419},"Q956214":{"code":956214,"name":"chef-lieu (Q956214)","p":-3,"type":956214},"Q1397926":{"code":1397926,"name":"refugee crisis (Q1397926)","p":-3,"type":1397926},"Q2472587":{"code":2472587,"name":"people (Q2472587)","p":-3,"type":2472587},"Q3389680":{"code":3389680,"name":"census place (Q3389680)","p":-3,"type":3389680},"Q4209223":{"code":4209223,"name":"Rechtsstaat (Q4209223)","p":-3,"type":4209223},"Q2742167":{"code":2742167,"name":"religious community (Q2742167)","p":-3,"type":2742167},"Q1852119":{"code":1852119,"name":"district of Graz (Q1852119)","p":-3,"type":1852119},"Q2065736":{"code":2065736,"name":"cultural property (Q2065736)","p":-3,"type":2065736},"Q15135589":{"code":15135589,"name":"pilgrimage site (Q15135589)","p":-3,"type":15135589},"Q17376095":{"code":17376095,"name":"cadastral municipality of Austria (Q17376095)","p":-3,"type":17376095},"Q7100806":{"code":7100806,"name":"Ordinariate for Eastern Catholic faithful (Q7100806)","p":-3,"type":7100806},"Q15042037":{"code":15042037,"name":"statistical territorial entity (Q15042037)","p":-3,"type":15042037},"Q769628":{"code":769628,"name":"metropolitan county (Q769628)","p":-3,"type":769628},"Q853252":{"code":853252,"name":"mining town (Q853252)","p":-3,"type":853252},"Q41773366":{"code":41773366,"name":"NUTS 3 statistical territorial entity (Q41773366)","p":-3,"type":41773366},"Q64953083":{"code":64953083,"name":"car-free place (Q64953083)","p":-3,"type":64953083},"Q105390172":{"code":105390172,"name":"Roman Catholic metropolitan archdiocese (Q105390172)","p":-3,"type":105390172},"Q15851298":{"code":15851298,"name":"No label (Q15851298)","p":-3,"type":15851298}}