{"Q3":{"code":3,"name":"ROOT","type":634},"Q15893266":{"code":15893266,"name":"FORMER","p":3,"type":15893266},"Q24017414":{"code":24017414,"name":"MISC","p":3,"type":24017414},"Q183039":{"code":183039,"name":"COUNTRY","p":3,"type":183039},"Q56061":{"code":56061,"name":"admin","p":3,"type":56061},"Q486972":{"code":486972,"name":"settled","p":3,"type":486972},"Q2625603":{"code":2625603,"name":"population","p":3,"type":2625603},"Q51041800":{"code":51041800,"name":"religious","p":3,"type":51041800},"Q659390":{"code":659390,"name":"construct","p":3,"type":659390},"Q2221906":{"code":2221906,"name":"geo","p":3,"type":2221906},"Q19953632":{"code":19953632,"name":"former admin","p":15893266,"type":19953632},"Q25894868":{"code":25894868,"name":"place type","p":24017414,"type":25894868},"Q41710":{"code":41710,"name":"ethnic group","p":24017414,"type":41710},"Q23442":{"code":23442,"name":"island","p":25894868,"type":23442},"Q15617994":{"code":15617994,"name":"designation for an administrative territorial entity","p":24017414,"type":15617994},"Q113489728":{"code":113489728,"name":"OECD country","p":183039,"type":113489728},"Q6256":{"code":6256,"name":"country","p":183039,"type":6256},"Q15621274":{"code":15621274,"name":"enclave or exclave","p":56061,"type":15621274},"Q7275":{"code":7275,"name":"state","p":56061,"type":7275},"Q515":{"code":515,"name":"city","p":486972,"type":515},"Q532":{"code":532,"name":"village","p":486972,"type":532},"Q15284":{"code":15284,"name":"municipality","p":486972,"type":15284},"Q244793":{"code":244793,"name":"twin cities","p":486972,"type":244793},"Q98966309":{"code":98966309,"name":"classification of human settlements","p":486972,"type":98966309},"Q7930989":{"code":7930989,"name":"city or town","p":486972,"type":7930989},"Q33829":{"code":33829,"name":"human population","p":2625603,"type":33829},"Q1492823":{"code":1492823,"name":"ecclesiastical district","p":51041800,"type":1492823},"Q20926517":{"code":20926517,"name":"religious administrative territorial entity","p":51041800,"type":20926517},"Q665487":{"code":665487,"name":"diocese","p":20926517,"type":665487},"Q471855":{"code":471855,"name":"jurisdiction","p":659390,"type":471855},"Q2665272":{"code":2665272,"name":"Ecclesiastical circumscription immediately subject to the Holy See","p":471855,"type":2665272},"Q618123":{"code":618123,"name":"geographical feature","p":2221906,"type":618123},"Q82794":{"code":82794,"name":"geographic region","p":618123,"type":82794},"Q3957":{"code":3957,"name":"town","p":98966309,"type":3957},"Q5084":{"code":5084,"name":"hamlet","p":15617994,"type":5084},"Q5119":{"code":5119,"name":"capital city","p":515,"type":5119},"Q7270":{"code":7270,"name":"republic","p":183039,"type":7270},"Q123480":{"code":123480,"name":"landlocked country","p":6256,"type":123480},"Q39816":{"code":39816,"name":"valley","p":82794,"type":39816},"Q123705":{"code":123705,"name":"neighborhood","p":486972,"type":123705},"Q133442":{"code":133442,"name":"city-state","p":515,"type":133442},"Q171441":{"code":171441,"name":"enclave","p":15621274,"type":171441},"Q200250":{"code":200250,"name":"metropolis","p":486972,"type":200250},"Q130003":{"code":130003,"name":"ski resort","p":486972,"type":130003},"Q262882":{"code":262882,"name":"statutory city of Austria","p":515,"type":262882},"Q338313":{"code":338313,"name":"business park","p":123705,"type":338313},"Q350895":{"code":350895,"name":"abandoned village","p":98966309,"type":350895},"Q562061":{"code":562061,"name":"market municipality","p":15617994,"type":562061},"Q253019":{"code":253019,"name":"Ortsteil","p":123705,"type":253019},"Q667509":{"code":667509,"name":"municipality of Austria","p":15284,"type":667509},"Q3257686":{"code":3257686,"name":"locality","p":486972,"type":3257686},"Q257391":{"code":257391,"name":"federal capital","p":5119,"type":257391},"Q866623":{"code":866623,"name":"Olympic Village","p":486972,"type":866623},"Q1074523":{"code":1074523,"name":"planned community","p":486972,"type":1074523},"Q1138414":{"code":1138414,"name":"hermitage","p":486972,"type":1138414},"Q1372205":{"code":1372205,"name":"dispersed settlement","p":486972,"type":1372205},"Q1549591":{"code":1549591,"name":"big city","p":98966309,"type":1549591},"Q1620908":{"code":1620908,"name":"historical region","p":56061,"type":1620908},"Q1637706":{"code":1637706,"name":"million city","p":1549591,"type":1637706},"Q3146899":{"code":3146899,"name":"diocese of the Catholic Church","p":665487,"type":3146899},"Q3624078":{"code":3624078,"name":"sovereign state","p":6256,"type":3624078},"Q902814":{"code":902814,"name":"border town","p":7930989,"type":902814},"Q2983893":{"code":2983893,"name":"quarter","p":56061,"type":2983893},"Q933394":{"code":933394,"name":"exclave","p":15621274,"type":933394},"Q1778235":{"code":1778235,"name":"territorial abbey","p":1492823,"type":1778235},"Q1802801":{"code":1802801,"name":"rural municipality of Austria","p":667509,"type":1802801},"Q19730508":{"code":19730508,"name":"former municipality","p":15284,"type":19730508},"Q19832712":{"code":19832712,"name":"historical administrative division","p":56061,"type":19832712},"Q2168991":{"code":2168991,"name":"Rotte","p":486972,"type":2168991},"Q2082774":{"code":2082774,"name":"shieling","p":618123,"type":2082774},"Q3927262":{"code":3927262,"name":"district of Salzburg","p":56061,"type":3927262},"Q4286337":{"code":4286337,"name":"city district","p":56061,"type":4286337},"Q50330360":{"code":50330360,"name":"second largest city","p":7930989,"type":50330360},"Q51929311":{"code":51929311,"name":"largest city","p":7930989,"type":51929311},"Q67123843":{"code":67123843,"name":"town divided by border","p":244793,"type":67123843},"Q79413632":{"code":79413632,"name":"city part of Innsbruck","p":123705,"type":79413632},"Q4946461":{"code":4946461,"name":"spa town","p":486972,"type":4946461},"Q6882870":{"code":6882870,"name":"designated spa town","p":4946461,"type":6882870},"Q11183787":{"code":11183787,"name":"Ortschaft","p":15617994,"type":11183787},"Q28790362":{"code":28790362,"name":"ethnic community","p":41710,"type":28790362},"Q13539802":{"code":13539802,"name":"place with town rights and privileges","p":15284,"type":13539802},"Q2282602":{"code":2282602,"name":"group of houses","p":123705,"type":2282602},"Q15303838":{"code":15303838,"name":"municipality seat","p":5119,"type":15303838},"Q19347965":{"code":19347965,"name":"former municipality of Austria","p":667509,"type":19347965},"Q-3":{"code":-3,"name":"UNLINKED","p":3,"type":-3},"Q6266":{"code":6266,"name":"nation (Q6266)","p":-3,"type":6266},"Q16970":{"code":16970,"name":"church building (Q16970)","p":-3,"type":16970},"Q133056":{"code":133056,"name":"mountain pass (Q133056)","p":-3,"type":133056},"Q160742":{"code":160742,"name":"abbey (Q160742)","p":-3,"type":160742},"Q129372":{"code":129372,"name":"European Capital of Culture (Q129372)","p":-3,"type":129372},"Q261543":{"code":261543,"name":"state of Austria (Q261543)","p":-3,"type":261543},"Q231002":{"code":231002,"name":"nationality (Q231002)","p":-3,"type":231002},"Q261023":{"code":261023,"name":"district of Vienna (Q261023)","p":-3,"type":261023},"Q769628":{"code":769628,"name":"metropolitan county (Q769628)","p":-3,"type":769628},"Q853252":{"code":853252,"name":"mining town (Q853252)","p":-3,"type":853252},"Q1397926":{"code":1397926,"name":"refugee crisis (Q1397926)","p":-3,"type":1397926},"Q3389680":{"code":3389680,"name":"census place (Q3389680)","p":-3,"type":3389680},"Q871419":{"code":871419,"name":"district of Austria (Q871419)","p":-3,"type":871419},"Q2742167":{"code":2742167,"name":"religious community (Q2742167)","p":-3,"type":2742167},"Q956214":{"code":956214,"name":"chef-lieu (Q956214)","p":-3,"type":956214},"Q1852119":{"code":1852119,"name":"district of Graz (Q1852119)","p":-3,"type":1852119},"Q2065736":{"code":2065736,"name":"cultural property (Q2065736)","p":-3,"type":2065736},"Q4209223":{"code":4209223,"name":"Rechtsstaat (Q4209223)","p":-3,"type":4209223},"Q64953083":{"code":64953083,"name":"car-free place (Q64953083)","p":-3,"type":64953083},"Q105390172":{"code":105390172,"name":"Roman Catholic metropolitan archdiocese (Q105390172)","p":-3,"type":105390172},"Q7100806":{"code":7100806,"name":"Ordinariate for Eastern Catholic faithful (Q7100806)","p":-3,"type":7100806},"Q41773366":{"code":41773366,"name":"NUTS 3 statistical territorial entity (Q41773366)","p":-3,"type":41773366},"Q2472587":{"code":2472587,"name":"people (Q2472587)","p":-3,"type":2472587},"Q15042037":{"code":15042037,"name":"statistical territorial entity (Q15042037)","p":-3,"type":15042037},"Q15135589":{"code":15135589,"name":"pilgrimage site (Q15135589)","p":-3,"type":15135589},"Q17376095":{"code":17376095,"name":"cadastral municipality of Austria (Q17376095)","p":-3,"type":17376095},"Q15851298":{"code":15851298,"name":"No label (Q15851298)","p":-3,"type":15851298}}