{"Q3":{"code":3,"name":"ROOT","type":634},"Q24017414":{"code":24017414,"name":"MISC","p":3,"type":24017414},"Q183039":{"code":183039,"name":"COUNTRY","p":3,"type":183039},"Q56061":{"code":56061,"name":"admin","p":3,"type":56061},"Q486972":{"code":486972,"name":"settled","p":3,"type":486972},"Q51041800":{"code":51041800,"name":"religious","p":3,"type":51041800},"Q41710":{"code":41710,"name":"ethnic group","p":24017414,"type":41710},"Q6256":{"code":6256,"name":"country","p":183039,"type":6256},"Q515":{"code":515,"name":"city","p":486972,"type":515},"Q532":{"code":532,"name":"village","p":486972,"type":532},"Q98966309":{"code":98966309,"name":"classification of human settlements","p":486972,"type":98966309},"Q7930989":{"code":7930989,"name":"city or town","p":486972,"type":7930989},"Q20926517":{"code":20926517,"name":"religious administrative territorial entity","p":51041800,"type":20926517},"Q665487":{"code":665487,"name":"diocese","p":20926517,"type":665487},"Q5119":{"code":5119,"name":"capital city","p":515,"type":5119},"Q7270":{"code":7270,"name":"republic","p":183039,"type":7270},"Q123705":{"code":123705,"name":"neighborhood","p":56061,"type":123705},"Q902814":{"code":902814,"name":"border town","p":7930989,"type":902814},"Q2264924":{"code":2264924,"name":"port settlement","p":515,"type":2264924},"Q1549591":{"code":1549591,"name":"big city","p":98966309,"type":1549591},"Q1637706":{"code":1637706,"name":"million city","p":1549591,"type":1637706},"Q3146899":{"code":3146899,"name":"diocese of the Catholic Church","p":665487,"type":3146899},"Q3257686":{"code":3257686,"name":"locality","p":486972,"type":3257686},"Q3624078":{"code":3624078,"name":"sovereign state","p":6256,"type":3624078},"Q-3":{"code":-3,"name":"UNLINKED","p":3,"type":-3},"Q869042":{"code":869042,"name":"region of Cameroon (Q869042)","p":-3,"type":869042},"Q105390172":{"code":105390172,"name":"Roman Catholic metropolitan archdiocese (Q105390172)","p":-3,"type":105390172},"Q2306813":{"code":2306813,"name":"department of Cameroon (Q2306813)","p":-3,"type":2306813},"Q3076994":{"code":3076994,"name":"commune of Cameroon (Q3076994)","p":-3,"type":3076994}}