{"Q3":{"code":3,"name":"ROOT","type":634},"Q15893266":{"code":15893266,"name":"FORMER","p":3,"type":15893266},"Q24017414":{"code":24017414,"name":"MISC","p":3,"type":24017414},"Q183039":{"code":183039,"name":"COUNTRY","p":3,"type":183039},"Q56061":{"code":56061,"name":"admin","p":3,"type":56061},"Q486972":{"code":486972,"name":"settled","p":3,"type":486972},"Q2625603":{"code":2625603,"name":"population","p":3,"type":2625603},"Q51041800":{"code":51041800,"name":"religious","p":3,"type":51041800},"Q659390":{"code":659390,"name":"construct","p":3,"type":659390},"Q104098715":{"code":104098715,"name":"territorial entity type","p":3,"type":104098715},"Q2221906":{"code":2221906,"name":"geo","p":3,"type":2221906},"Q19953632":{"code":19953632,"name":"former admin","p":15893266,"type":19953632},"Q5962346":{"code":5962346,"name":"classification system","p":24017414,"type":5962346},"Q11834037":{"code":11834037,"name":"physico-geographical regionalization","p":5962346,"type":11834037},"Q25894868":{"code":25894868,"name":"place type","p":24017414,"type":25894868},"Q41710":{"code":41710,"name":"ethnic group","p":24017414,"type":41710},"Q23442":{"code":23442,"name":"island","p":25894868,"type":23442},"Q15617994":{"code":15617994,"name":"designation for an administrative territorial entity","p":24017414,"type":15617994},"Q111972893":{"code":111972893,"name":"type of structure","p":24017414,"type":111972893},"Q811979":{"code":811979,"name":"architectural structure","p":111972893,"type":811979},"Q41176":{"code":41176,"name":"building","p":811979,"type":41176},"Q96084375":{"code":96084375,"name":"former building or structure","p":41176,"type":96084375},"Q12292478":{"code":12292478,"name":"estate","p":811979,"type":12292478},"Q875157":{"code":875157,"name":"resort","p":12292478,"type":875157},"Q699405":{"code":699405,"name":"residence","p":811979,"type":699405},"Q5890494":{"code":5890494,"name":"homestead","p":699405,"type":5890494},"Q11755880":{"code":11755880,"name":"residential building","p":699405,"type":11755880},"Q113489728":{"code":113489728,"name":"OECD country","p":183039,"type":113489728},"Q1307214":{"code":1307214,"name":"form of government","p":183039,"type":1307214},"Q6256":{"code":6256,"name":"country","p":183039,"type":6256},"Q171308":{"code":171308,"name":"oblast","p":56061,"type":171308},"Q15621274":{"code":15621274,"name":"enclave or exclave","p":56061,"type":15621274},"Q3024240":{"code":3024240,"name":"historical country","p":19953632,"type":3024240},"Q12076836":{"code":12076836,"name":"of a single country","p":56061,"type":12076836},"Q2520520":{"code":2520520,"name":"administrative territorial entity of Hungary","p":12076836,"type":2520520},"Q697379":{"code":697379,"name":"administrative territorial entity of Romania","p":12076836,"type":697379},"Q15620181":{"code":15620181,"name":"administrative territorial entity of Estonia","p":12076836,"type":15620181},"Q1799794":{"code":1799794,"name":"By level","p":56061,"type":1799794},"Q788176":{"code":788176,"name":"autonomous administrative territorial entity","p":56061,"type":788176},"Q10864048":{"code":10864048,"name":"A1","p":1799794,"type":10864048},"Q13220204":{"code":13220204,"name":"A2","p":1799794,"type":13220204},"Q13221722":{"code":13221722,"name":"A3","p":1799794,"type":13221722},"Q14757767":{"code":14757767,"name":"A4","p":1799794,"type":14757767},"Q4976993":{"code":4976993,"name":"civil parish","p":14757767,"type":4976993},"Q7275":{"code":7275,"name":"state","p":56061,"type":7275},"Q702492":{"code":702492,"name":"urban area","p":486972,"type":702492},"Q515":{"code":515,"name":"city","p":486972,"type":515},"Q532":{"code":532,"name":"village","p":486972,"type":532},"Q618299":{"code":618299,"name":"settlement","p":486972,"type":618299},"Q15284":{"code":15284,"name":"municipality","p":486972,"type":15284},"Q15253706":{"code":15253706,"name":"like a city","p":486972,"type":15253706},"Q244793":{"code":244793,"name":"twin cities","p":486972,"type":244793},"Q676050":{"code":676050,"name":"old town","p":486972,"type":676050},"Q1782540":{"code":1782540,"name":"railway town","p":486972,"type":1782540},"Q98966309":{"code":98966309,"name":"classification of human settlements","p":486972,"type":98966309},"Q7930989":{"code":7930989,"name":"city or town","p":486972,"type":7930989},"Q33829":{"code":33829,"name":"human population","p":2625603,"type":33829},"Q1492823":{"code":1492823,"name":"ecclesiastical district","p":51041800,"type":1492823},"Q20926517":{"code":20926517,"name":"religious administrative territorial entity","p":51041800,"type":20926517},"Q665487":{"code":665487,"name":"diocese","p":20926517,"type":665487},"Q471855":{"code":471855,"name":"jurisdiction","p":659390,"type":471855},"Q2665272":{"code":2665272,"name":"Ecclesiastical circumscription immediately subject to the Holy See","p":471855,"type":2665272},"Q618123":{"code":618123,"name":"geographical feature","p":2221906,"type":618123},"Q1291195":{"code":1291195,"name":"place of discovery","p":618123,"type":1291195},"Q82794":{"code":82794,"name":"geographic region","p":618123,"type":82794},"Q106589819":{"code":106589819,"name":"elevation","p":618123,"type":106589819},"Q74817647":{"code":74817647,"name":"aspect in a geographic region","p":82794,"type":74817647},"Q205895":{"code":205895,"name":"landmass","p":82794,"type":205895},"Q183366":{"code":183366,"name":"territory","p":82794,"type":183366},"Q4835091":{"code":4835091,"name":"territory","p":82794,"type":4835091},"Q15642541":{"code":15642541,"name":"human-geographic territorial entity","p":183366,"type":15642541},"Q8502":{"code":8502,"name":"mountain","p":106589819,"type":8502},"Q3957":{"code":3957,"name":"town","p":98966309,"type":3957},"Q33837":{"code":33837,"name":"archipelago","p":205895,"type":33837},"Q5084":{"code":5084,"name":"hamlet","p":15617994,"type":5084},"Q34763":{"code":34763,"name":"peninsula","p":205895,"type":34763},"Q356090":{"code":356090,"name":"Reihendorf","p":532,"type":356090},"Q378636":{"code":378636,"name":"village with a church","p":532,"type":378636},"Q5119":{"code":5119,"name":"capital city","p":515,"type":5119},"Q74047":{"code":74047,"name":"ghost town","p":98966309,"type":74047},"Q130003":{"code":130003,"name":"ski resort","p":486972,"type":130003},"Q707813":{"code":707813,"name":"Hanseatic city","p":515,"type":707813},"Q734818":{"code":734818,"name":"condominium","p":1307214,"type":734818},"Q10499251":{"code":10499251,"name":"vacation area","p":702492,"type":10499251},"Q123705":{"code":123705,"name":"neighborhood","p":486972,"type":123705},"Q839954":{"code":839954,"name":"archaeological site","p":1291195,"type":839954},"Q2983893":{"code":2983893,"name":"quarter","p":56061,"type":2983893},"Q10638782":{"code":10638782,"name":"primary area","p":2983893,"type":10638782},"Q11197007":{"code":11197007,"name":"ethnoreligious group","p":41710,"type":11197007},"Q2264924":{"code":2264924,"name":"port settlement","p":515,"type":2264924},"Q879050":{"code":879050,"name":"manor house","p":11755880,"type":879050},"Q902814":{"code":902814,"name":"border town","p":7930989,"type":902814},"Q1021711":{"code":1021711,"name":"seaside resort","p":486972,"type":1021711},"Q3502482":{"code":3502482,"name":"cultural region","p":82794,"type":3502482},"Q3624078":{"code":3624078,"name":"sovereign state","p":6256,"type":3624078},"Q14839548":{"code":14839548,"name":"minor locality in Sweden","p":702492,"type":14839548},"Q207524":{"code":207524,"name":"islet","p":23442,"type":207524},"Q1306755":{"code":1306755,"name":"administrative centre","p":2221906,"type":1306755},"Q1317251":{"code":1317251,"name":"fishing village","p":532,"type":1317251},"Q3257686":{"code":3257686,"name":"locality","p":486972,"type":3257686},"Q17152565":{"code":17152565,"name":"international zone","p":56061,"type":17152565},"Q1549591":{"code":1549591,"name":"big city","p":98966309,"type":1549591},"Q1620908":{"code":1620908,"name":"historical region","p":56061,"type":1620908},"Q3920906":{"code":3920906,"name":"ethnic territory","p":183366,"type":3920906},"Q4012861":{"code":4012861,"name":"mill town","p":486972,"type":4012861},"Q4286337":{"code":4286337,"name":"city district","p":56061,"type":4286337},"Q4353479":{"code":4353479,"name":"municipal district of Sweden","p":2983893,"type":4353479},"Q4946461":{"code":4946461,"name":"spa town","p":486972,"type":4946461},"Q48907157":{"code":48907157,"name":"section of populated place","p":2221906,"type":48907157},"Q50330360":{"code":50330360,"name":"second largest city","p":7930989,"type":50330360},"Q51929311":{"code":51929311,"name":"largest city","p":7930989,"type":51929311},"Q1907114":{"code":1907114,"name":"metropolitan area","p":56061,"type":1907114},"Q67123843":{"code":67123843,"name":"town divided by border","p":244793,"type":67123843},"Q105388829":{"code":105388829,"name":"Latin Catholic diocese","p":20926517,"type":105388829},"Q-1":{"code":-1,"name":"INVALID","p":3,"type":-1},"Q-2":{"code":-2,"name":"EXCLUDED","p":3,"type":-2},"Q34876":{"code":34876,"name":"province (Q34876)","p":-1,"type":34876},"Q35120":{"code":35120,"name":"entity (Q35120)","p":-1,"type":35120},"Q102496":{"code":102496,"name":"parish (Q102496)","p":-1,"type":102496},"Q131596":{"code":131596,"name":"farm (Q131596)","p":-1,"type":131596},"Q151885":{"code":151885,"name":"concept (Q151885)","p":-1,"type":151885},"Q161243":{"code":161243,"name":"dependent territory (Q161243)","p":-1,"type":161243},"Q253836":{"code":253836,"name":"judicial district (Q253836)","p":-1,"type":253836},"Q470540":{"code":470540,"name":"seat (Q470540)","p":-1,"type":470540},"Q473972":{"code":473972,"name":"protected area (Q473972)","p":-1,"type":473972},"Q618779":{"code":618779,"name":"award (Q618779)","p":-1,"type":618779},"Q874405":{"code":874405,"name":"social group (Q874405)","p":-1,"type":874405},"Q914262":{"code":914262,"name":"administrative territorial entity of Sweden (Q914262)","p":-1,"type":914262},"Q937228":{"code":937228,"name":"property (Q937228)","p":-1,"type":937228},"Q1165944":{"code":1165944,"name":"land use (Q1165944)","p":-1,"type":1165944},"Q2516121":{"code":2516121,"name":"transport structure (Q2516121)","p":-1,"type":2516121},"Q3702971":{"code":3702971,"name":"personal data (Q3702971)","p":-2,"type":3702971},"Q5162954":{"code":5162954,"name":"conservation designation (Q5162954)","p":-1,"type":5162954},"Q10541491":{"code":10541491,"name":"legal form (Q10541491)","p":-1,"type":10541491},"Q10713454":{"code":10713454,"name":"water source (Q10713454)","p":-1,"type":10713454},"Q12819564":{"code":12819564,"name":"station (Q12819564)","p":-1,"type":12819564},"Q13226383":{"code":13226383,"name":"facility (Q13226383)","p":-1,"type":13226383},"Q15700808":{"code":15700808,"name":"urban unit definition (Q15700808)","p":-1,"type":15700808},"Q18247357":{"code":18247357,"name":"group of structures or buildings (Q18247357)","p":-1,"type":18247357},"Q19832712":{"code":19832712,"name":"historical administrative division (Q19832712)","p":-1,"type":19832712},"Q27096235":{"code":27096235,"name":"artificial geographic entity (Q27096235)","p":-1,"type":27096235},"Q28872924":{"code":28872924,"name":"designation for an administrative territorial entity of a single country (Q28872924)","p":-1,"type":28872924},"Q33104069":{"code":33104069,"name":"political concept (Q33104069)","p":-1,"type":33104069},"Q85785387":{"code":85785387,"name":"migrant crisis (Q85785387)","p":-1,"type":85785387},"Q96211395":{"code":96211395,"name":"heritage site in Sweden (Q96211395)","p":-1,"type":96211395},"Q99018632":{"code":99018632,"name":"group of geographic locations (Q99018632)","p":-1,"type":99018632},"Q100509052":{"code":100509052,"name":"metallurgical plant (Q100509052)","p":-1,"type":100509052},"Q-3":{"code":-3,"name":"UNLINKED","p":3,"type":-3},"Q55488":{"code":55488,"name":"railway station (Q55488)","p":-3,"type":55488},"Q6266":{"code":6266,"name":"nation (Q6266)","p":-3,"type":6266},"Q43229":{"code":43229,"name":"organization (Q43229)","p":-3,"type":43229},"Q44782":{"code":44782,"name":"port (Q44782)","p":-3,"type":44782},"Q615980":{"code":615980,"name":"parish of the Church of Sweden (Q615980)","p":-3,"type":615980},"Q127448":{"code":127448,"name":"municipality of Sweden (Q127448)","p":-3,"type":127448},"Q129372":{"code":129372,"name":"European Capital of Culture (Q129372)","p":-3,"type":129372},"Q674950":{"code":674950,"name":"residential area (Q674950)","p":-3,"type":674950},"Q742615":{"code":742615,"name":"lands of Sweden (Q742615)","p":-3,"type":742615},"Q820477":{"code":820477,"name":"mine (Q820477)","p":-3,"type":820477},"Q4994447":{"code":4994447,"name":"ducal (Q4994447)","p":-3,"type":4994447},"Q5394548":{"code":5394548,"name":"tithing (Q5394548)","p":-3,"type":5394548},"Q6621272":{"code":6621272,"name":"former municipality of Sweden (Q6621272)","p":-3,"type":6621272},"Q7900115":{"code":7900115,"name":"urban district of Sweden (Q7900115)","p":-3,"type":7900115},"Q10475839":{"code":10475839,"name":"judicial district (Q10475839)","p":-3,"type":10475839},"Q164142":{"code":164142,"name":"protectorate (Q164142)","p":-3,"type":164142},"Q2116450":{"code":2116450,"name":"manor estate (Q2116450)","p":-3,"type":2116450},"Q10571400":{"code":10571400,"name":"köping (Q10571400)","p":-3,"type":10571400},"Q10832530":{"code":10832530,"name":"ironworks (Q10832530)","p":-3,"type":10832530},"Q11722303":{"code":11722303,"name":"rural municipality of Sweden and Finland (Q11722303)","p":-3,"type":11722303},"Q124714":{"code":124714,"name":"spring (Q124714)","p":-3,"type":124714},"Q2472587":{"code":2472587,"name":"people (Q2472587)","p":-3,"type":2472587},"Q179049":{"code":179049,"name":"nature reserve (Q179049)","p":-3,"type":179049},"Q188509":{"code":188509,"name":"suburb (Q188509)","p":-3,"type":188509},"Q12813115":{"code":12813115,"name":"urban area in Sweden (Q12813115)","p":-3,"type":12813115},"Q856976":{"code":856976,"name":"city district of Stockholm (Q856976)","p":-3,"type":856976},"Q956214":{"code":956214,"name":"chef-lieu (Q956214)","p":-3,"type":956214},"Q193556":{"code":193556,"name":"province of Sweden (Q193556)","p":-3,"type":193556},"Q200547":{"code":200547,"name":"county of Sweden (Q200547)","p":-3,"type":200547},"Q18333556":{"code":18333556,"name":"registration district in Sweden (Q18333556)","p":-3,"type":18333556},"Q15069452":{"code":15069452,"name":"Natura 2000 protected area (Q15069452)","p":-3,"type":15069452},"Q15310171":{"code":15310171,"name":"seaport (Q15310171)","p":-3,"type":15310171},"Q231002":{"code":231002,"name":"nationality (Q231002)","p":-3,"type":231002},"Q328070":{"code":328070,"name":"listed building in Sweden (Q328070)","p":-3,"type":328070},"Q1397926":{"code":1397926,"name":"refugee crisis (Q1397926)","p":-3,"type":1397926},"Q1497375":{"code":1497375,"name":"architectural ensemble (Q1497375)","p":-3,"type":1497375},"Q1523821":{"code":1523821,"name":"socken (Q1523821)","p":-3,"type":1523821},"Q20738855":{"code":20738855,"name":"urban area with a population of 150-199 (Q20738855)","p":-3,"type":20738855},"Q25964111":{"code":25964111,"name":"group of settlements (Q25964111)","p":-3,"type":25964111},"Q26205853":{"code":26205853,"name":"group of settlements and landforms (Q26205853)","p":-3,"type":26205853},"Q1754161":{"code":1754161,"name":"regional council in Sweden (Q1754161)","p":-3,"type":1754161},"Q52152600":{"code":52152600,"name":"centralort (Q52152600)","p":-3,"type":52152600}}