{"Q3":{"code":3,"name":"ROOT","type":634},"Q24017414":{"code":24017414,"name":"MISC","p":3,"type":24017414},"Q183039":{"code":183039,"name":"COUNTRY","p":3,"type":183039},"Q56061":{"code":56061,"name":"admin","p":3,"type":56061},"Q486972":{"code":486972,"name":"settled","p":3,"type":486972},"Q51041800":{"code":51041800,"name":"religious","p":3,"type":51041800},"Q2221906":{"code":2221906,"name":"geo","p":3,"type":2221906},"Q25894868":{"code":25894868,"name":"place type","p":24017414,"type":25894868},"Q41710":{"code":41710,"name":"ethnic group","p":24017414,"type":41710},"Q23442":{"code":23442,"name":"island","p":25894868,"type":23442},"Q15617994":{"code":15617994,"name":"designation for an administrative territorial entity","p":24017414,"type":15617994},"Q6256":{"code":6256,"name":"country","p":183039,"type":6256},"Q12076836":{"code":12076836,"name":"of a single country","p":56061,"type":12076836},"Q1799794":{"code":1799794,"name":"By level","p":56061,"type":1799794},"Q10864048":{"code":10864048,"name":"A1","p":1799794,"type":10864048},"Q515":{"code":515,"name":"city","p":486972,"type":515},"Q532":{"code":532,"name":"village","p":486972,"type":532},"Q15284":{"code":15284,"name":"municipality","p":486972,"type":15284},"Q98966309":{"code":98966309,"name":"classification of human settlements","p":486972,"type":98966309},"Q7930989":{"code":7930989,"name":"city or town","p":486972,"type":7930989},"Q20926517":{"code":20926517,"name":"religious administrative territorial entity","p":51041800,"type":20926517},"Q665487":{"code":665487,"name":"diocese","p":20926517,"type":665487},"Q618123":{"code":618123,"name":"geographical feature","p":2221906,"type":618123},"Q1291195":{"code":1291195,"name":"place of discovery","p":618123,"type":1291195},"Q3957":{"code":3957,"name":"town","p":98966309,"type":3957},"Q5084":{"code":5084,"name":"hamlet","p":98966309,"type":5084},"Q7270":{"code":7270,"name":"republic","p":183039,"type":7270},"Q30059":{"code":30059,"name":"arrondissement","p":15617994,"type":30059},"Q123480":{"code":123480,"name":"landlocked country","p":6256,"type":123480},"Q123705":{"code":123705,"name":"neighborhood","p":56061,"type":123705},"Q162602":{"code":162602,"name":"river island","p":23442,"type":162602},"Q902814":{"code":902814,"name":"border town","p":7930989,"type":902814},"Q1549591":{"code":1549591,"name":"big city","p":98966309,"type":1549591},"Q1637706":{"code":1637706,"name":"million city","p":1549591,"type":1637706},"Q3146899":{"code":3146899,"name":"diocese of the Catholic Church","p":665487,"type":3146899},"Q3624078":{"code":3624078,"name":"sovereign state","p":6256,"type":3624078},"Q4683538":{"code":4683538,"name":"administrative territorial entity of Niger","p":12076836,"type":4683538},"Q605291":{"code":605291,"name":"municipality of Niger","p":4683538,"type":605291},"Q820254":{"code":820254,"name":"mining community","p":486972,"type":820254},"Q839954":{"code":839954,"name":"archaeological site","p":1291195,"type":839954},"Q64689195":{"code":64689195,"name":"quarter of Niger","p":4683538,"type":64689195},"Q859869":{"code":859869,"name":"region of Niger","p":4683538,"type":859869},"Q12551453":{"code":12551453,"name":"nomadic camp","p":486972,"type":12551453},"Q13539802":{"code":13539802,"name":"place with town rights and privileges","p":15284,"type":13539802},"Q-3":{"code":-3,"name":"UNLINKED","p":3,"type":-3},"Q3918":{"code":3918,"name":"university (Q3918)","p":-3,"type":3918},"Q43483":{"code":43483,"name":"well (Q43483)","p":-3,"type":43483},"Q43742":{"code":43742,"name":"oasis (Q43742)","p":-3,"type":43742},"Q1935049":{"code":1935049,"name":"military school (Q1935049)","p":-3,"type":1935049},"Q2914501":{"code":2914501,"name":"department of Niger (Q2914501)","p":-3,"type":2914501},"Q105390172":{"code":105390172,"name":"Roman Catholic metropolitan archdiocese (Q105390172)","p":-3,"type":105390172},"Q15303838":{"code":15303838,"name":"municipality seat (Q15303838)","p":-3,"type":15303838}}