{"Q3":{"code":3,"name":"ROOT","type":634},"Q24017414":{"code":24017414,"name":"MISC","p":3,"type":24017414},"Q183039":{"code":183039,"name":"COUNTRY","p":3,"type":183039},"Q486972":{"code":486972,"name":"settled","p":3,"type":486972},"Q41710":{"code":41710,"name":"ethnic group","p":24017414,"type":41710},"Q6256":{"code":6256,"name":"country","p":183039,"type":6256},"Q515":{"code":515,"name":"city","p":486972,"type":515},"Q98966309":{"code":98966309,"name":"classification of human settlements","p":486972,"type":98966309},"Q7930989":{"code":7930989,"name":"city or town","p":486972,"type":7930989},"Q3957":{"code":3957,"name":"town","p":98966309,"type":3957},"Q5119":{"code":5119,"name":"capital city","p":515,"type":5119},"Q1549591":{"code":1549591,"name":"big city","p":98966309,"type":1549591},"Q902814":{"code":902814,"name":"border town","p":7930989,"type":902814},"Q3257686":{"code":3257686,"name":"locality","p":486972,"type":3257686},"Q3624078":{"code":3624078,"name":"sovereign state","p":6256,"type":3624078},"Q51929311":{"code":51929311,"name":"largest city","p":7930989,"type":51929311},"Q123480":{"code":123480,"name":"landlocked country","p":6256,"type":123480},"Q-3":{"code":-3,"name":"UNLINKED","p":3,"type":-3},"Q620225":{"code":620225,"name":"apostolic vicariate (Q620225)","p":-3,"type":620225},"Q849866":{"code":849866,"name":"communist state (Q849866)","p":-3,"type":849866},"Q465613":{"code":465613,"name":"people's republic (Q465613)","p":-3,"type":465613},"Q5283521":{"code":5283521,"name":"district of Laos (Q5283521)","p":-3,"type":5283521},"Q15673297":{"code":15673297,"name":"province of Laos (Q15673297)","p":-3,"type":15673297}}