{"Q3":{"code":3,"name":"ROOT","type":634},"Q15893266":{"code":15893266,"name":"FORMER","p":3,"type":15893266},"Q24017414":{"code":24017414,"name":"MISC","p":3,"type":24017414},"Q183039":{"code":183039,"name":"COUNTRY","p":3,"type":183039},"Q56061":{"code":56061,"name":"admin","p":3,"type":56061},"Q486972":{"code":486972,"name":"settled","p":3,"type":486972},"Q2625603":{"code":2625603,"name":"population","p":3,"type":2625603},"Q51041800":{"code":51041800,"name":"religious","p":3,"type":51041800},"Q2221906":{"code":2221906,"name":"geo","p":3,"type":2221906},"Q19953632":{"code":19953632,"name":"former admin","p":15893266,"type":19953632},"Q25894868":{"code":25894868,"name":"place type","p":24017414,"type":25894868},"Q41710":{"code":41710,"name":"ethnic group","p":24017414,"type":41710},"Q23442":{"code":23442,"name":"island","p":25894868,"type":23442},"Q15617994":{"code":15617994,"name":"designation for an administrative territorial entity","p":24017414,"type":15617994},"Q113489728":{"code":113489728,"name":"OECD country","p":183039,"type":113489728},"Q1307214":{"code":1307214,"name":"form of government","p":183039,"type":1307214},"Q6256":{"code":6256,"name":"country","p":183039,"type":6256},"Q3024240":{"code":3024240,"name":"historical country","p":19953632,"type":3024240},"Q7275":{"code":7275,"name":"state","p":56061,"type":7275},"Q515":{"code":515,"name":"city","p":486972,"type":515},"Q532":{"code":532,"name":"village","p":486972,"type":532},"Q15284":{"code":15284,"name":"municipality","p":486972,"type":15284},"Q98966309":{"code":98966309,"name":"classification of human settlements","p":486972,"type":98966309},"Q7930989":{"code":7930989,"name":"city or town","p":486972,"type":7930989},"Q33829":{"code":33829,"name":"human population","p":2625603,"type":33829},"Q1492823":{"code":1492823,"name":"ecclesiastical district","p":51041800,"type":1492823},"Q20926517":{"code":20926517,"name":"religious administrative territorial entity","p":51041800,"type":20926517},"Q665487":{"code":665487,"name":"diocese","p":20926517,"type":665487},"Q618123":{"code":618123,"name":"geographical feature","p":2221906,"type":618123},"Q1291195":{"code":1291195,"name":"place of discovery","p":618123,"type":1291195},"Q82794":{"code":82794,"name":"geographic region","p":618123,"type":82794},"Q183366":{"code":183366,"name":"territory","p":82794,"type":183366},"Q15642541":{"code":15642541,"name":"human-geographic territorial entity","p":183366,"type":15642541},"Q3957":{"code":3957,"name":"town","p":98966309,"type":3957},"Q5084":{"code":5084,"name":"hamlet","p":15617994,"type":5084},"Q5119":{"code":5119,"name":"capital city","p":515,"type":5119},"Q39614":{"code":39614,"name":"cemetery","p":618123,"type":39614},"Q148837":{"code":148837,"name":"polis","p":15617994,"type":148837},"Q123705":{"code":123705,"name":"neighborhood","p":486972,"type":123705},"Q149621":{"code":149621,"name":"district","p":15617994,"type":149621},"Q192611":{"code":192611,"name":"electoral district","p":56061,"type":192611},"Q317548":{"code":317548,"name":"resort town","p":3957,"type":317548},"Q619610":{"code":619610,"name":"social state","p":7275,"type":619610},"Q859563":{"code":859563,"name":"secular state","p":1307214,"type":859563},"Q815324":{"code":815324,"name":"town municipality of Turkey","p":486972,"type":815324},"Q839954":{"code":839954,"name":"archaeological site","p":1291195,"type":839954},"Q902814":{"code":902814,"name":"border town","p":7930989,"type":902814},"Q1065592":{"code":1065592,"name":"desert island","p":23442,"type":1065592},"Q1147395":{"code":1147395,"name":"district of Turkey","p":149621,"type":1147395},"Q1187811":{"code":1187811,"name":"college town","p":515,"type":1187811},"Q1402592":{"code":1402592,"name":"island group","p":82794,"type":1402592},"Q1529096":{"code":1529096,"name":"village in Turkey","p":532,"type":1529096},"Q1549591":{"code":1549591,"name":"big city","p":98966309,"type":1549591},"Q1637706":{"code":1637706,"name":"million city","p":1549591,"type":1637706},"Q1323642":{"code":1323642,"name":"transcontinental country","p":6256,"type":1323642},"Q1328578":{"code":1328578,"name":"region of Turkey","p":15642541,"type":1328578},"Q2264924":{"code":2264924,"name":"port settlement","p":515,"type":2264924},"Q2460358":{"code":2460358,"name":"Belediye","p":15617994,"type":2460358},"Q3502482":{"code":3502482,"name":"cultural region","p":82794,"type":3502482},"Q3624078":{"code":3624078,"name":"sovereign state","p":6256,"type":3624078},"Q2514025":{"code":2514025,"name":"posyolok","p":15617994,"type":2514025},"Q3732788":{"code":3732788,"name":"apostolic exarchate","p":1492823,"type":3732788},"Q3732793":{"code":3732793,"name":"patriarchal exarchate","p":665487,"type":3732793},"Q4533081":{"code":4533081,"name":"ethnolinguistic group","p":41710,"type":4533081},"Q4946461":{"code":4946461,"name":"spa town","p":486972,"type":4946461},"Q6024226":{"code":6024226,"name":"metropolitan municipality","p":15617994,"type":6024226},"Q11197007":{"code":11197007,"name":"ethnoreligious group","p":41710,"type":11197007},"Q15661340":{"code":15661340,"name":"ancient city","p":515,"type":15661340},"Q17051044":{"code":17051044,"name":"mahalle","p":15617994,"type":17051044},"Q50330360":{"code":50330360,"name":"second largest city","p":7930989,"type":50330360},"Q51576574":{"code":51576574,"name":"Mediterranean country","p":6256,"type":51576574},"Q108822950":{"code":108822950,"name":"Catholic Archieparchy","p":51041800,"type":108822950},"Q15630906":{"code":15630906,"name":"rural district","p":15617994,"type":15630906},"Q21698029":{"code":21698029,"name":"","p":486972,"type":21698029},"Q-3":{"code":-3,"name":"UNLINKED","p":3,"type":-3},"Q6266":{"code":6266,"name":"nation (Q6266)","p":-3,"type":6266},"Q44782":{"code":44782,"name":"port (Q44782)","p":-3,"type":44782},"Q45762":{"code":45762,"name":"dead language (Q45762)","p":-3,"type":45762},"Q48336":{"code":48336,"name":"province of Turkey (Q48336)","p":-3,"type":48336},"Q570116":{"code":570116,"name":"tourist attraction (Q570116)","p":-3,"type":570116},"Q339834":{"code":339834,"name":"regional power (Q339834)","p":-3,"type":339834},"Q231002":{"code":231002,"name":"nationality (Q231002)","p":-3,"type":231002},"Q620225":{"code":620225,"name":"apostolic vicariate (Q620225)","p":-3,"type":620225},"Q863974":{"code":863974,"name":"lake island (Q863974)","p":-3,"type":863974},"Q1462047":{"code":1462047,"name":"vilayet (Q1462047)","p":-3,"type":1462047},"Q2472587":{"code":2472587,"name":"people (Q2472587)","p":-3,"type":2472587},"Q2716259":{"code":2716259,"name":"metropolitan municipality in Turkey (Q2716259)","p":-3,"type":2716259},"Q38058796":{"code":38058796,"name":"extinct language (Q38058796)","p":-3,"type":38058796},"Q105390172":{"code":105390172,"name":"Roman Catholic metropolitan archdiocese (Q105390172)","p":-3,"type":105390172},"Q15042037":{"code":15042037,"name":"statistical territorial entity (Q15042037)","p":-3,"type":15042037}}