{"Q3":{"code":3,"name":"ROOT","type":634},"Q24017414":{"code":24017414,"name":"MISC","p":3,"type":24017414},"Q183039":{"code":183039,"name":"COUNTRY","p":3,"type":183039},"Q56061":{"code":56061,"name":"admin","p":3,"type":56061},"Q486972":{"code":486972,"name":"settled","p":3,"type":486972},"Q2221906":{"code":2221906,"name":"geo","p":3,"type":2221906},"Q41710":{"code":41710,"name":"ethnic group","p":24017414,"type":41710},"Q6256":{"code":6256,"name":"country","p":183039,"type":6256},"Q15621274":{"code":15621274,"name":"enclave or exclave","p":56061,"type":15621274},"Q1799794":{"code":1799794,"name":"By level","p":56061,"type":1799794},"Q10864048":{"code":10864048,"name":"A1","p":1799794,"type":10864048},"Q515":{"code":515,"name":"city","p":486972,"type":515},"Q532":{"code":532,"name":"village","p":486972,"type":532},"Q98966309":{"code":98966309,"name":"classification of human settlements","p":486972,"type":98966309},"Q7930989":{"code":7930989,"name":"city or town","p":486972,"type":7930989},"Q618123":{"code":618123,"name":"geographical feature","p":2221906,"type":618123},"Q1291195":{"code":1291195,"name":"place of discovery","p":618123,"type":1291195},"Q82794":{"code":82794,"name":"geographic region","p":618123,"type":82794},"Q183366":{"code":183366,"name":"territory","p":82794,"type":183366},"Q15642541":{"code":15642541,"name":"human-geographic territorial entity","p":183366,"type":15642541},"Q3957":{"code":3957,"name":"town","p":98966309,"type":3957},"Q5119":{"code":5119,"name":"capital city","p":515,"type":5119},"Q514860":{"code":514860,"name":"region of Armenia","p":56061,"type":514860},"Q171441":{"code":171441,"name":"enclave","p":15621274,"type":171441},"Q74047":{"code":74047,"name":"ghost town","p":98966309,"type":74047},"Q1549591":{"code":1549591,"name":"big city","p":98966309,"type":1549591},"Q839954":{"code":839954,"name":"archaeological site","p":1291195,"type":839954},"Q3624078":{"code":3624078,"name":"sovereign state","p":6256,"type":3624078},"Q2989457":{"code":2989457,"name":"urban-type settlement","p":486972,"type":2989457},"Q902814":{"code":902814,"name":"border town","p":7930989,"type":902814},"Q1637706":{"code":1637706,"name":"million city","p":1549591,"type":1637706},"Q11197007":{"code":11197007,"name":"ethnoreligious group","p":41710,"type":11197007},"Q933394":{"code":933394,"name":"exclave","p":15621274,"type":933394},"Q19832712":{"code":19832712,"name":"historical administrative division","p":56061,"type":19832712},"Q22674925":{"code":22674925,"name":"former settlement","p":98966309,"type":22674925},"Q20724701":{"code":20724701,"name":"city or town in Armenia","p":486972,"type":20724701},"Q21507948":{"code":21507948,"name":"former village","p":532,"type":21507948},"Q28328984":{"code":28328984,"name":"village in Armenia","p":532,"type":28328984},"Q28790362":{"code":28790362,"name":"ethnic community","p":41710,"type":28790362},"Q50330360":{"code":50330360,"name":"second largest city","p":7930989,"type":50330360},"Q21698029":{"code":21698029,"name":"","p":486972,"type":21698029},"Q-3":{"code":-3,"name":"UNLINKED","p":3,"type":-3},"Q44613":{"code":44613,"name":"monastery (Q44613)","p":-3,"type":44613},"Q109607":{"code":109607,"name":"ruins (Q109607)","p":-3,"type":109607},"Q769696":{"code":769696,"name":"ethnic minority (Q769696)","p":-3,"type":769696},"Q3685430":{"code":3685430,"name":"municipality of Armenia (Q3685430)","p":-3,"type":3685430},"Q4057728":{"code":4057728,"name":"District of Yerevan (Q4057728)","p":-3,"type":4057728},"Q2065736":{"code":2065736,"name":"cultural property (Q2065736)","p":-3,"type":2065736},"Q20719675":{"code":20719675,"name":"raion of the Soviet Union (Q20719675)","p":-3,"type":20719675}}