{"Q3":{"code":3,"name":"ROOT","type":634},"Q15893266":{"code":15893266,"name":"FORMER","p":3,"type":15893266},"Q24017414":{"code":24017414,"name":"MISC","p":3,"type":24017414},"Q183039":{"code":183039,"name":"COUNTRY","p":3,"type":183039},"Q56061":{"code":56061,"name":"admin","p":3,"type":56061},"Q486972":{"code":486972,"name":"settled","p":3,"type":486972},"Q2625603":{"code":2625603,"name":"population","p":3,"type":2625603},"Q51041800":{"code":51041800,"name":"religious","p":3,"type":51041800},"Q659390":{"code":659390,"name":"construct","p":3,"type":659390},"Q104098715":{"code":104098715,"name":"territorial entity type","p":3,"type":104098715},"Q2221906":{"code":2221906,"name":"geo","p":3,"type":2221906},"Q19953632":{"code":19953632,"name":"former admin","p":15893266,"type":19953632},"Q5962346":{"code":5962346,"name":"classification system","p":24017414,"type":5962346},"Q11834037":{"code":11834037,"name":"physico-geographical regionalization","p":5962346,"type":11834037},"Q25894868":{"code":25894868,"name":"place type","p":24017414,"type":25894868},"Q41710":{"code":41710,"name":"ethnic group","p":24017414,"type":41710},"Q23442":{"code":23442,"name":"island","p":25894868,"type":23442},"Q15617994":{"code":15617994,"name":"designation for an administrative territorial entity","p":24017414,"type":15617994},"Q111972893":{"code":111972893,"name":"type of structure","p":24017414,"type":111972893},"Q811979":{"code":811979,"name":"architectural structure","p":111972893,"type":811979},"Q41176":{"code":41176,"name":"building","p":811979,"type":41176},"Q96084375":{"code":96084375,"name":"former building or structure","p":41176,"type":96084375},"Q12292478":{"code":12292478,"name":"estate","p":811979,"type":12292478},"Q875157":{"code":875157,"name":"resort","p":12292478,"type":875157},"Q699405":{"code":699405,"name":"residence","p":811979,"type":699405},"Q5890494":{"code":5890494,"name":"homestead","p":699405,"type":5890494},"Q11755880":{"code":11755880,"name":"residential building","p":699405,"type":11755880},"Q113489728":{"code":113489728,"name":"OECD country","p":183039,"type":113489728},"Q1307214":{"code":1307214,"name":"form of government","p":183039,"type":1307214},"Q6256":{"code":6256,"name":"country","p":183039,"type":6256},"Q171308":{"code":171308,"name":"oblast","p":56061,"type":171308},"Q15621274":{"code":15621274,"name":"enclave or exclave","p":56061,"type":15621274},"Q3024240":{"code":3024240,"name":"historical country","p":19953632,"type":3024240},"Q12076836":{"code":12076836,"name":"of a single country","p":56061,"type":12076836},"Q2520520":{"code":2520520,"name":"administrative territorial entity of Hungary","p":12076836,"type":2520520},"Q697379":{"code":697379,"name":"administrative territorial entity of Romania","p":12076836,"type":697379},"Q15620181":{"code":15620181,"name":"administrative territorial entity of Estonia","p":12076836,"type":15620181},"Q1799794":{"code":1799794,"name":"By level","p":56061,"type":1799794},"Q788176":{"code":788176,"name":"autonomous administrative territorial entity","p":56061,"type":788176},"Q10864048":{"code":10864048,"name":"A1","p":1799794,"type":10864048},"Q13220204":{"code":13220204,"name":"A2","p":1799794,"type":13220204},"Q13221722":{"code":13221722,"name":"A3","p":1799794,"type":13221722},"Q14757767":{"code":14757767,"name":"A4","p":1799794,"type":14757767},"Q4976993":{"code":4976993,"name":"civil parish","p":14757767,"type":4976993},"Q7275":{"code":7275,"name":"state","p":56061,"type":7275},"Q702492":{"code":702492,"name":"urban area","p":486972,"type":702492},"Q515":{"code":515,"name":"city","p":486972,"type":515},"Q532":{"code":532,"name":"village","p":486972,"type":532},"Q618299":{"code":618299,"name":"settlement","p":486972,"type":618299},"Q15284":{"code":15284,"name":"municipality","p":486972,"type":15284},"Q15253706":{"code":15253706,"name":"like a city","p":486972,"type":15253706},"Q244793":{"code":244793,"name":"twin cities","p":486972,"type":244793},"Q676050":{"code":676050,"name":"old town","p":486972,"type":676050},"Q1782540":{"code":1782540,"name":"railway town","p":486972,"type":1782540},"Q98966309":{"code":98966309,"name":"classification of human settlements","p":486972,"type":98966309},"Q7930989":{"code":7930989,"name":"city or town","p":486972,"type":7930989},"Q33829":{"code":33829,"name":"human population","p":2625603,"type":33829},"Q1492823":{"code":1492823,"name":"ecclesiastical district","p":51041800,"type":1492823},"Q20926517":{"code":20926517,"name":"religious administrative territorial entity","p":51041800,"type":20926517},"Q665487":{"code":665487,"name":"diocese","p":20926517,"type":665487},"Q471855":{"code":471855,"name":"jurisdiction","p":659390,"type":471855},"Q2665272":{"code":2665272,"name":"Ecclesiastical circumscription immediately subject to the Holy See","p":471855,"type":2665272},"Q618123":{"code":618123,"name":"geographical feature","p":2221906,"type":618123},"Q1291195":{"code":1291195,"name":"place of discovery","p":618123,"type":1291195},"Q82794":{"code":82794,"name":"geographic region","p":618123,"type":82794},"Q106589819":{"code":106589819,"name":"elevation","p":618123,"type":106589819},"Q74817647":{"code":74817647,"name":"aspect in a geographic region","p":82794,"type":74817647},"Q205895":{"code":205895,"name":"landmass","p":82794,"type":205895},"Q183366":{"code":183366,"name":"territory","p":82794,"type":183366},"Q4835091":{"code":4835091,"name":"territory","p":82794,"type":4835091},"Q15642541":{"code":15642541,"name":"human-geographic territorial entity","p":183366,"type":15642541},"Q3957":{"code":3957,"name":"town","p":98966309,"type":3957},"Q5084":{"code":5084,"name":"hamlet","p":15617994,"type":5084},"Q5119":{"code":5119,"name":"capital city","p":515,"type":5119},"Q34763":{"code":34763,"name":"peninsula","p":205895,"type":34763},"Q54050":{"code":54050,"name":"hill","p":106589819,"type":54050},"Q148837":{"code":148837,"name":"polis","p":15617994,"type":148837},"Q83828":{"code":83828,"name":"ethnic group in Indonesia","p":41710,"type":83828},"Q123705":{"code":123705,"name":"neighborhood","p":486972,"type":123705},"Q162602":{"code":162602,"name":"river island","p":23442,"type":162602},"Q1764608":{"code":1764608,"name":"muhafazah","p":15617994,"type":1764608},"Q204910":{"code":204910,"name":"governorate of Egypt","p":1764608,"type":204910},"Q317548":{"code":317548,"name":"resort town","p":3957,"type":317548},"Q691960":{"code":691960,"name":"satellite city","p":515,"type":691960},"Q200250":{"code":200250,"name":"metropolis","p":486972,"type":200250},"Q14752696":{"code":14752696,"name":"ancient Roman structure","p":41176,"type":14752696},"Q867143":{"code":867143,"name":"Roman temple","p":14752696,"type":867143},"Q902814":{"code":902814,"name":"border town","p":7930989,"type":902814},"Q1074523":{"code":1074523,"name":"planned community","p":486972,"type":1074523},"Q839954":{"code":839954,"name":"archaeological site","p":1291195,"type":839954},"Q1323642":{"code":1323642,"name":"transcontinental country","p":6256,"type":1323642},"Q1549591":{"code":1549591,"name":"big city","p":98966309,"type":1549591},"Q1637706":{"code":1637706,"name":"million city","p":1549591,"type":1637706},"Q1907114":{"code":1907114,"name":"metropolitan area","p":56061,"type":1907114},"Q2264924":{"code":2264924,"name":"port settlement","p":515,"type":2264924},"Q2983893":{"code":2983893,"name":"quarter","p":56061,"type":2983893},"Q15661340":{"code":15661340,"name":"ancient city","p":515,"type":15661340},"Q2202509":{"code":2202509,"name":"Roman city","p":15661340,"type":2202509},"Q3502482":{"code":3502482,"name":"cultural region","p":82794,"type":3502482},"Q3624078":{"code":3624078,"name":"sovereign state","p":6256,"type":3624078},"Q15044339":{"code":15044339,"name":"administrative territorial entity of Egypt","p":12076836,"type":15044339},"Q19413015":{"code":19413015,"name":"kitesurf spot","p":2221906,"type":19413015},"Q51929311":{"code":51929311,"name":"largest city","p":7930989,"type":51929311},"Q110256333":{"code":110256333,"name":"New city of Egypt","p":15617994,"type":110256333},"Q7495728":{"code":7495728,"name":"Sheyakha","p":15617994,"type":7495728},"Q10545864":{"code":10545864,"name":"kism","p":15617994,"type":10545864},"Q10577534":{"code":10577534,"name":"Markas of Egypt","p":15617994,"type":10577534},"Q20725872":{"code":20725872,"name":"Eastern Catholic eparchy","p":20926517,"type":20725872},"Q50330360":{"code":50330360,"name":"second largest city","p":7930989,"type":50330360},"Q51576574":{"code":51576574,"name":"Mediterranean country","p":6256,"type":51576574},"Q-1":{"code":-1,"name":"INVALID","p":3,"type":-1},"Q-2":{"code":-2,"name":"EXCLUDED","p":3,"type":-2},"Q39614":{"code":39614,"name":"cemetery (Q39614)","p":-1,"type":39614},"Q43229":{"code":43229,"name":"organization (Q43229)","p":-1,"type":43229},"Q44539":{"code":44539,"name":"temple (Q44539)","p":-1,"type":44539},"Q57821":{"code":57821,"name":"fortification (Q57821)","p":-1,"type":57821},"Q93352":{"code":93352,"name":"coast (Q93352)","p":-1,"type":93352},"Q164142":{"code":164142,"name":"protectorate (Q164142)","p":-1,"type":164142},"Q874405":{"code":874405,"name":"social group (Q874405)","p":-1,"type":874405},"Q937228":{"code":937228,"name":"property (Q937228)","p":-1,"type":937228},"Q960648":{"code":960648,"name":"point of interest (Q960648)","p":-1,"type":960648},"Q1250464":{"code":1250464,"name":"realm (Q1250464)","p":-1,"type":1250464},"Q1370598":{"code":1370598,"name":"structure of worship (Q1370598)","p":-1,"type":1370598},"Q1785071":{"code":1785071,"name":"fort (Q1785071)","p":-1,"type":1785071},"Q2507626":{"code":2507626,"name":"water area (Q2507626)","p":-1,"type":2507626},"Q2516121":{"code":2516121,"name":"transport structure (Q2516121)","p":-1,"type":2516121},"Q3702971":{"code":3702971,"name":"personal data (Q3702971)","p":-2,"type":3702971},"Q10713454":{"code":10713454,"name":"water source (Q10713454)","p":-1,"type":10713454},"Q15700808":{"code":15700808,"name":"urban unit definition (Q15700808)","p":-1,"type":15700808},"Q20719696":{"code":20719696,"name":"physico-geographical object (Q20719696)","p":-1,"type":20719696},"Q29028649":{"code":29028649,"name":"economic concept (Q29028649)","p":-1,"type":29028649},"Q60029820":{"code":60029820,"name":"FFH-Habitat (Q60029820)","p":-1,"type":60029820},"Q69391739":{"code":69391739,"name":"Greek colony (Q69391739)","p":-1,"type":69391739},"Q77330535":{"code":77330535,"name":"geologic term (Q77330535)","p":-1,"type":77330535},"Q-3":{"code":-3,"name":"UNLINKED","p":3,"type":-3},"Q39594":{"code":39594,"name":"bay (Q39594)","p":-3,"type":39594},"Q43742":{"code":43742,"name":"oasis (Q43742)","p":-3,"type":43742},"Q44613":{"code":44613,"name":"monastery (Q44613)","p":-3,"type":44613},"Q44782":{"code":44782,"name":"port (Q44782)","p":-3,"type":44782},"Q57831":{"code":57831,"name":"fortress (Q57831)","p":-3,"type":57831},"Q124714":{"code":124714,"name":"spring (Q124714)","p":-3,"type":124714},"Q174844":{"code":174844,"name":"megacity (Q174844)","p":-3,"type":174844},"Q184358":{"code":184358,"name":"reef (Q184358)","p":-3,"type":184358},"Q185113":{"code":185113,"name":"cape (Q185113)","p":-3,"type":185113},"Q188509":{"code":188509,"name":"suburb (Q188509)","p":-3,"type":188509},"Q190429":{"code":190429,"name":"depression (Q190429)","p":-3,"type":190429},"Q200141":{"code":200141,"name":"necropolis (Q200141)","p":-3,"type":200141},"Q570116":{"code":570116,"name":"tourist attraction (Q570116)","p":-3,"type":570116},"Q620225":{"code":620225,"name":"apostolic vicariate (Q620225)","p":-3,"type":620225},"Q655593":{"code":655593,"name":"emporia (Q655593)","p":-3,"type":655593},"Q855747":{"code":855747,"name":"Egyptian temple (Q855747)","p":-3,"type":855747},"Q1200957":{"code":1200957,"name":"tourist destination (Q1200957)","p":-3,"type":1200957},"Q2472587":{"code":2472587,"name":"people (Q2472587)","p":-3,"type":2472587},"Q92275707":{"code":92275707,"name":"crusader castle (Q92275707)","p":-3,"type":92275707},"Q12759805":{"code":12759805,"name":"sultanate (Q12759805)","p":-3,"type":12759805},"Q21479969":{"code":21479969,"name":"British protectorate (Q21479969)","p":-3,"type":21479969}}