{"Q3":{"code":3,"name":"ROOT","type":634},"Q24017414":{"code":24017414,"name":"MISC","p":3,"type":24017414},"Q183039":{"code":183039,"name":"COUNTRY","p":3,"type":183039},"Q56061":{"code":56061,"name":"admin","p":3,"type":56061},"Q486972":{"code":486972,"name":"settled","p":3,"type":486972},"Q51041800":{"code":51041800,"name":"religious","p":3,"type":51041800},"Q25894868":{"code":25894868,"name":"place type","p":24017414,"type":25894868},"Q41710":{"code":41710,"name":"ethnic group","p":24017414,"type":41710},"Q23442":{"code":23442,"name":"island","p":25894868,"type":23442},"Q1307214":{"code":1307214,"name":"form of government","p":183039,"type":1307214},"Q6256":{"code":6256,"name":"country","p":183039,"type":6256},"Q1799794":{"code":1799794,"name":"By level","p":56061,"type":1799794},"Q10864048":{"code":10864048,"name":"A1","p":1799794,"type":10864048},"Q515":{"code":515,"name":"city","p":486972,"type":515},"Q98966309":{"code":98966309,"name":"classification of human settlements","p":486972,"type":98966309},"Q7930989":{"code":7930989,"name":"city or town","p":486972,"type":7930989},"Q20926517":{"code":20926517,"name":"religious administrative territorial entity","p":51041800,"type":20926517},"Q665487":{"code":665487,"name":"diocese","p":20926517,"type":665487},"Q3957":{"code":3957,"name":"town","p":98966309,"type":3957},"Q5119":{"code":5119,"name":"capital city","p":515,"type":5119},"Q41614":{"code":41614,"name":"constitutional monarchy","p":1307214,"type":41614},"Q622499":{"code":622499,"name":"refugee camp","p":486972,"type":622499},"Q902814":{"code":902814,"name":"border town","p":7930989,"type":902814},"Q1549591":{"code":1549591,"name":"big city","p":98966309,"type":1549591},"Q1637706":{"code":1637706,"name":"million city","p":1549591,"type":1637706},"Q1021711":{"code":1021711,"name":"seaside resort","p":486972,"type":1021711},"Q162602":{"code":162602,"name":"river island","p":23442,"type":162602},"Q3146899":{"code":3146899,"name":"diocese of the Catholic Church","p":665487,"type":3146899},"Q3624078":{"code":3624078,"name":"sovereign state","p":6256,"type":3624078},"Q13025342":{"code":13025342,"name":"Thesaban Mueang","p":3957,"type":13025342},"Q15141632":{"code":15141632,"name":"Thesaban Nakhon","p":515,"type":15141632},"Q51929311":{"code":51929311,"name":"largest city","p":7930989,"type":51929311},"Q-3":{"code":-3,"name":"UNLINKED","p":3,"type":-3},"Q40080":{"code":40080,"name":"beach (Q40080)","p":-3,"type":40080},"Q867459":{"code":867459,"name":"region of Thailand (Q867459)","p":-3,"type":867459},"Q50198":{"code":50198,"name":"province of Thailand (Q50198)","p":-3,"type":50198},"Q1077097":{"code":1077097,"name":"tambon (Q1077097)","p":-3,"type":1077097},"Q174844":{"code":174844,"name":"megacity (Q174844)","p":-3,"type":174844},"Q456876":{"code":456876,"name":"Khwaeng (Q456876)","p":-3,"type":456876},"Q475061":{"code":475061,"name":"amphoe (Q475061)","p":-3,"type":475061},"Q7635776":{"code":7635776,"name":"Sukhaphiban (Q7635776)","p":-3,"type":7635776},"Q6519277":{"code":6519277,"name":"King Amphoe (Q6519277)","p":-3,"type":6519277},"Q15140073":{"code":15140073,"name":"subdistrict administrative organization (Q15140073)","p":-3,"type":15140073},"Q15141625":{"code":15141625,"name":"subdistrict municipality (Q15141625)","p":-3,"type":15141625},"Q105390172":{"code":105390172,"name":"Roman Catholic metropolitan archdiocese (Q105390172)","p":-3,"type":105390172},"Q15634531":{"code":15634531,"name":"district of Bangkok (Q15634531)","p":-3,"type":15634531},"Q15634695":{"code":15634695,"name":"special administrative area of Thailand (Q15634695)","p":-3,"type":15634695},"Q15695218":{"code":15695218,"name":"Tambon Council (Q15695218)","p":-3,"type":15695218},"Q16334295":{"code":16334295,"name":"group of humans (Q16334295)","p":-3,"type":16334295}}