{"Q3":{"code":3,"name":"ROOT","type":634},"Q15893266":{"code":15893266,"name":"FORMER","p":3,"type":15893266},"Q24017414":{"code":24017414,"name":"MISC","p":3,"type":24017414},"Q183039":{"code":183039,"name":"COUNTRY","p":3,"type":183039},"Q56061":{"code":56061,"name":"admin","p":3,"type":56061},"Q486972":{"code":486972,"name":"settled","p":3,"type":486972},"Q2625603":{"code":2625603,"name":"population","p":3,"type":2625603},"Q659390":{"code":659390,"name":"construct","p":3,"type":659390},"Q2221906":{"code":2221906,"name":"geo","p":3,"type":2221906},"Q19953632":{"code":19953632,"name":"former admin","p":15893266,"type":19953632},"Q41710":{"code":41710,"name":"ethnic group","p":24017414,"type":41710},"Q15617994":{"code":15617994,"name":"designation for an administrative territorial entity","p":24017414,"type":15617994},"Q1307214":{"code":1307214,"name":"form of government","p":183039,"type":1307214},"Q6256":{"code":6256,"name":"country","p":183039,"type":6256},"Q171308":{"code":171308,"name":"oblast","p":56061,"type":171308},"Q3024240":{"code":3024240,"name":"historical country","p":19953632,"type":3024240},"Q1799794":{"code":1799794,"name":"By level","p":56061,"type":1799794},"Q10864048":{"code":10864048,"name":"A1","p":1799794,"type":10864048},"Q13220204":{"code":13220204,"name":"A2","p":1799794,"type":13220204},"Q702492":{"code":702492,"name":"urban area","p":486972,"type":702492},"Q515":{"code":515,"name":"city","p":486972,"type":515},"Q532":{"code":532,"name":"village","p":486972,"type":532},"Q98966309":{"code":98966309,"name":"classification of human settlements","p":486972,"type":98966309},"Q7930989":{"code":7930989,"name":"city or town","p":486972,"type":7930989},"Q33829":{"code":33829,"name":"human population","p":2625603,"type":33829},"Q618123":{"code":618123,"name":"geographical feature","p":2221906,"type":618123},"Q82794":{"code":82794,"name":"geographic region","p":618123,"type":82794},"Q5084":{"code":5084,"name":"hamlet","p":15617994,"type":5084},"Q5119":{"code":5119,"name":"capital city","p":515,"type":5119},"Q123480":{"code":123480,"name":"landlocked country","p":6256,"type":123480},"Q179164":{"code":179164,"name":"unitary state","p":1307214,"type":179164},"Q902814":{"code":902814,"name":"border town","p":7930989,"type":902814},"Q6266":{"code":6266,"name":"nation","p":659390,"type":6266},"Q159313":{"code":159313,"name":"urban agglomeration","p":702492,"type":159313},"Q1306755":{"code":1306755,"name":"administrative centre","p":2221906,"type":1306755},"Q1549591":{"code":1549591,"name":"big city","p":98966309,"type":1549591},"Q2514025":{"code":2514025,"name":"posyolok","p":15617994,"type":2514025},"Q2989457":{"code":2989457,"name":"urban-type settlement","p":486972,"type":2989457},"Q18285142":{"code":18285142,"name":"oblast of a union republic of the Soviet Union","p":171308,"type":18285142},"Q99541706":{"code":99541706,"name":"historical unrecognized state","p":3024240,"type":99541706},"Q3624078":{"code":3624078,"name":"sovereign state","p":6256,"type":3624078},"Q4533081":{"code":4533081,"name":"ethnolinguistic group","p":41710,"type":4533081},"Q-3":{"code":-3,"name":"UNLINKED","p":3,"type":-3},"Q633490":{"code":633490,"name":"Districts under Central Government Jurisdiction (Q633490)","p":-3,"type":633490},"Q769696":{"code":769696,"name":"ethnic minority (Q769696)","p":-3,"type":769696},"Q867545":{"code":867545,"name":"region of Tajikistan (Q867545)","p":-3,"type":867545},"Q28599311":{"code":28599311,"name":"uranium mine (Q28599311)","p":-3,"type":28599311},"Q4389115":{"code":4389115,"name":"district of Tajikistan (Q4389115)","p":-3,"type":4389115},"Q6148126":{"code":6148126,"name":"jamoat (Q6148126)","p":-3,"type":6148126}}