{"Q3":{"code":3,"name":"ROOT","type":634},"Q24017414":{"code":24017414,"name":"MISC","p":3,"type":24017414},"Q183039":{"code":183039,"name":"COUNTRY","p":3,"type":183039},"Q56061":{"code":56061,"name":"admin","p":3,"type":56061},"Q486972":{"code":486972,"name":"settled","p":3,"type":486972},"Q2625603":{"code":2625603,"name":"population","p":3,"type":2625603},"Q51041800":{"code":51041800,"name":"religious","p":3,"type":51041800},"Q659390":{"code":659390,"name":"construct","p":3,"type":659390},"Q2221906":{"code":2221906,"name":"geo","p":3,"type":2221906},"Q25894868":{"code":25894868,"name":"place type","p":24017414,"type":25894868},"Q41710":{"code":41710,"name":"ethnic group","p":24017414,"type":41710},"Q23442":{"code":23442,"name":"island","p":25894868,"type":23442},"Q15617994":{"code":15617994,"name":"designation for an administrative territorial entity","p":24017414,"type":15617994},"Q1307214":{"code":1307214,"name":"form of government","p":183039,"type":1307214},"Q6256":{"code":6256,"name":"country","p":183039,"type":6256},"Q15621274":{"code":15621274,"name":"enclave or exclave","p":56061,"type":15621274},"Q1799794":{"code":1799794,"name":"By level","p":56061,"type":1799794},"Q10864048":{"code":10864048,"name":"A1","p":1799794,"type":10864048},"Q702492":{"code":702492,"name":"urban area","p":486972,"type":702492},"Q515":{"code":515,"name":"city","p":486972,"type":515},"Q532":{"code":532,"name":"village","p":486972,"type":532},"Q15284":{"code":15284,"name":"municipality","p":486972,"type":15284},"Q98966309":{"code":98966309,"name":"classification of human settlements","p":486972,"type":98966309},"Q7930989":{"code":7930989,"name":"city or town","p":486972,"type":7930989},"Q33829":{"code":33829,"name":"human population","p":2625603,"type":33829},"Q1492823":{"code":1492823,"name":"ecclesiastical district","p":51041800,"type":1492823},"Q20926517":{"code":20926517,"name":"religious administrative territorial entity","p":51041800,"type":20926517},"Q665487":{"code":665487,"name":"diocese","p":20926517,"type":665487},"Q471855":{"code":471855,"name":"jurisdiction","p":659390,"type":471855},"Q2665272":{"code":2665272,"name":"Ecclesiastical circumscription immediately subject to the Holy See","p":471855,"type":2665272},"Q618123":{"code":618123,"name":"geographical feature","p":2221906,"type":618123},"Q82794":{"code":82794,"name":"geographic region","p":618123,"type":82794},"Q106589819":{"code":106589819,"name":"elevation","p":618123,"type":106589819},"Q5119":{"code":5119,"name":"capital city","p":515,"type":5119},"Q3957":{"code":3957,"name":"town","p":98966309,"type":3957},"Q6266":{"code":6266,"name":"nation","p":659390,"type":6266},"Q8502":{"code":8502,"name":"mountain","p":106589819,"type":8502},"Q192611":{"code":192611,"name":"electoral district","p":56061,"type":192611},"Q44753":{"code":44753,"name":"province of Argentina","p":192611,"type":44753},"Q123705":{"code":123705,"name":"neighborhood","p":56061,"type":123705},"Q75848":{"code":75848,"name":"gated community","p":123705,"type":75848},"Q159313":{"code":159313,"name":"urban agglomeration","p":702492,"type":159313},"Q171441":{"code":171441,"name":"enclave","p":15621274,"type":171441},"Q373074":{"code":373074,"name":"suffragan diocese","p":15617994,"type":373074},"Q475050":{"code":475050,"name":"federal district","p":15617994,"type":475050},"Q512187":{"code":512187,"name":"federal republic","p":1307214,"type":512187},"Q748198":{"code":748198,"name":"gay village","p":123705,"type":748198},"Q1549591":{"code":1549591,"name":"big city","p":98966309,"type":1549591},"Q1637706":{"code":1637706,"name":"million city","p":1549591,"type":1637706},"Q902814":{"code":902814,"name":"border town","p":7930989,"type":902814},"Q933394":{"code":933394,"name":"exclave","p":15621274,"type":933394},"Q1094397":{"code":1094397,"name":"autonomous city","p":515,"type":1094397},"Q1422929":{"code":1422929,"name":"primate city","p":515,"type":1422929},"Q1402592":{"code":1402592,"name":"island group","p":82794,"type":1402592},"Q1851368":{"code":1851368,"name":"waterfront","p":123705,"type":1851368},"Q3732788":{"code":3732788,"name":"apostolic exarchate","p":1492823,"type":3732788},"Q5770918":{"code":5770918,"name":"city of Argentina","p":515,"type":5770918},"Q6063891":{"code":6063891,"name":"partido","p":15617994,"type":6063891},"Q3146899":{"code":3146899,"name":"diocese of the Catholic Church","p":665487,"type":3146899},"Q10354598":{"code":10354598,"name":"rural settlement","p":56061,"type":10354598},"Q3257686":{"code":3257686,"name":"locality","p":486972,"type":3257686},"Q3266850":{"code":3266850,"name":"commune","p":2221906,"type":3266850},"Q3624078":{"code":3624078,"name":"sovereign state","p":6256,"type":3624078},"Q11197007":{"code":11197007,"name":"ethnoreligious group","p":41710,"type":11197007},"Q13997861":{"code":13997861,"name":"partido of Buenos Aires","p":15284,"type":13997861},"Q20725872":{"code":20725872,"name":"Eastern Catholic eparchy","p":20926517,"type":20725872},"Q50330360":{"code":50330360,"name":"second largest city","p":7930989,"type":50330360},"Q51929311":{"code":51929311,"name":"largest city","p":7930989,"type":51929311},"Q105388829":{"code":105388829,"name":"Latin Catholic diocese","p":20926517,"type":105388829},"Q105389481":{"code":105389481,"name":"Greek-Catholic eparchy","p":20926517,"type":105389481},"Q-3":{"code":-3,"name":"UNLINKED","p":3,"type":-3},"Q23397":{"code":23397,"name":"lake (Q23397)","p":-3,"type":23397},"Q851517":{"code":851517,"name":"neighborhood of Buenos Aires (Q851517)","p":-3,"type":851517},"Q952274":{"code":952274,"name":"department of Argentina (Q952274)","p":-3,"type":952274},"Q1219515":{"code":1219515,"name":"Município (Q1219515)","p":-3,"type":1219515},"Q1901835":{"code":1901835,"name":"seat of government (Q1901835)","p":-3,"type":1901835},"Q5780448":{"code":5780448,"name":"commune of Buenos Aires (Q5780448)","p":-3,"type":5780448},"Q7100806":{"code":7100806,"name":"Ordinariate for Eastern Catholic faithful (Q7100806)","p":-3,"type":7100806},"Q3243765":{"code":3243765,"name":"municipality of Argentina (Q3243765)","p":-3,"type":3243765},"Q2434238":{"code":2434238,"name":"heritage (Q2434238)","p":-3,"type":2434238},"Q2472587":{"code":2472587,"name":"people (Q2472587)","p":-3,"type":2472587},"Q2633744":{"code":2633744,"name":"territorial prelature (Q2633744)","p":-3,"type":2633744},"Q37215147":{"code":37215147,"name":"Matías Tissera (Q37215147)","p":-3,"type":37215147},"Q105390172":{"code":105390172,"name":"Roman Catholic metropolitan archdiocese (Q105390172)","p":-3,"type":105390172}}