{"Q3":{"code":3,"name":"ROOT","type":634},"Q24017414":{"code":24017414,"name":"MISC","p":3,"type":24017414},"Q183039":{"code":183039,"name":"COUNTRY","p":3,"type":183039},"Q56061":{"code":56061,"name":"admin","p":3,"type":56061},"Q486972":{"code":486972,"name":"settled","p":3,"type":486972},"Q51041800":{"code":51041800,"name":"religious","p":3,"type":51041800},"Q2221906":{"code":2221906,"name":"geo","p":3,"type":2221906},"Q41710":{"code":41710,"name":"ethnic group","p":24017414,"type":41710},"Q1307214":{"code":1307214,"name":"form of government","p":183039,"type":1307214},"Q6256":{"code":6256,"name":"country","p":183039,"type":6256},"Q1799794":{"code":1799794,"name":"By level","p":56061,"type":1799794},"Q14757767":{"code":14757767,"name":"A4","p":1799794,"type":14757767},"Q515":{"code":515,"name":"city","p":486972,"type":515},"Q532":{"code":532,"name":"village","p":486972,"type":532},"Q98966309":{"code":98966309,"name":"classification of human settlements","p":486972,"type":98966309},"Q7930989":{"code":7930989,"name":"city or town","p":486972,"type":7930989},"Q20926517":{"code":20926517,"name":"religious administrative territorial entity","p":51041800,"type":20926517},"Q665487":{"code":665487,"name":"diocese","p":20926517,"type":665487},"Q618123":{"code":618123,"name":"geographical feature","p":2221906,"type":618123},"Q1291195":{"code":1291195,"name":"place of discovery","p":618123,"type":1291195},"Q82794":{"code":82794,"name":"geographic region","p":618123,"type":82794},"Q205895":{"code":205895,"name":"landmass","p":82794,"type":205895},"Q5119":{"code":5119,"name":"capital city","p":515,"type":5119},"Q3957":{"code":3957,"name":"town","p":98966309,"type":3957},"Q41614":{"code":41614,"name":"constitutional monarchy","p":1307214,"type":41614},"Q839954":{"code":839954,"name":"archaeological site","p":1291195,"type":839954},"Q1549591":{"code":1549591,"name":"big city","p":98966309,"type":1549591},"Q1637706":{"code":1637706,"name":"million city","p":1549591,"type":1637706},"Q902814":{"code":902814,"name":"border town","p":7930989,"type":902814},"Q3732793":{"code":3732793,"name":"patriarchal exarchate","p":665487,"type":3732793},"Q23828031":{"code":23828031,"name":"village in Jordan","p":532,"type":23828031},"Q50330360":{"code":50330360,"name":"second largest city","p":7930989,"type":50330360},"Q73671237":{"code":73671237,"name":"Locality in Jordan","p":14757767,"type":73671237},"Q108822950":{"code":108822950,"name":"Catholic Archieparchy","p":51041800,"type":108822950},"Q34763":{"code":34763,"name":"peninsula","p":205895,"type":34763},"Q622499":{"code":622499,"name":"refugee camp","p":486972,"type":622499},"Q2264924":{"code":2264924,"name":"port settlement","p":515,"type":2264924},"Q3502482":{"code":3502482,"name":"cultural region","p":82794,"type":3502482},"Q3624078":{"code":3624078,"name":"sovereign state","p":6256,"type":3624078},"Q-3":{"code":-3,"name":"UNLINKED","p":3,"type":-3},"Q721441":{"code":721441,"name":"Irbid Governorate (Q721441)","p":-3,"type":721441},"Q867567":{"code":867567,"name":"governorate of Jordan (Q867567)","p":-3,"type":867567},"Q2472587":{"code":2472587,"name":"people (Q2472587)","p":-3,"type":2472587}}