{"Q3":{"code":3,"name":"ROOT","type":634},"Q15893266":{"code":15893266,"name":"FORMER","p":3,"type":15893266},"Q24017414":{"code":24017414,"name":"MISC","p":3,"type":24017414},"Q183039":{"code":183039,"name":"COUNTRY","p":3,"type":183039},"Q56061":{"code":56061,"name":"admin","p":3,"type":56061},"Q486972":{"code":486972,"name":"settled","p":3,"type":486972},"Q2625603":{"code":2625603,"name":"population","p":3,"type":2625603},"Q51041800":{"code":51041800,"name":"religious","p":3,"type":51041800},"Q2221906":{"code":2221906,"name":"geo","p":3,"type":2221906},"Q19953632":{"code":19953632,"name":"former admin","p":15893266,"type":19953632},"Q25894868":{"code":25894868,"name":"place type","p":24017414,"type":25894868},"Q41710":{"code":41710,"name":"ethnic group","p":24017414,"type":41710},"Q23442":{"code":23442,"name":"island","p":25894868,"type":23442},"Q15617994":{"code":15617994,"name":"designation for an administrative territorial entity","p":24017414,"type":15617994},"Q113489728":{"code":113489728,"name":"OECD country","p":183039,"type":113489728},"Q6256":{"code":6256,"name":"country","p":183039,"type":6256},"Q1799794":{"code":1799794,"name":"By level","p":56061,"type":1799794},"Q13220204":{"code":13220204,"name":"A2","p":1799794,"type":13220204},"Q515":{"code":515,"name":"city","p":486972,"type":515},"Q532":{"code":532,"name":"village","p":486972,"type":532},"Q98966309":{"code":98966309,"name":"classification of human settlements","p":486972,"type":98966309},"Q7930989":{"code":7930989,"name":"city or town","p":486972,"type":7930989},"Q33829":{"code":33829,"name":"human population","p":2625603,"type":33829},"Q20926517":{"code":20926517,"name":"religious administrative territorial entity","p":51041800,"type":20926517},"Q665487":{"code":665487,"name":"diocese","p":20926517,"type":665487},"Q618123":{"code":618123,"name":"geographical feature","p":2221906,"type":618123},"Q82794":{"code":82794,"name":"geographic region","p":618123,"type":82794},"Q106589819":{"code":106589819,"name":"elevation","p":618123,"type":106589819},"Q205895":{"code":205895,"name":"landmass","p":82794,"type":205895},"Q3957":{"code":3957,"name":"town","p":98966309,"type":3957},"Q5119":{"code":5119,"name":"capital city","p":515,"type":5119},"Q8502":{"code":8502,"name":"mountain","p":106589819,"type":8502},"Q33837":{"code":33837,"name":"archipelago","p":205895,"type":33837},"Q112099":{"code":112099,"name":"island nation","p":6256,"type":112099},"Q158490":{"code":158490,"name":"Gaeltacht","p":82794,"type":158490},"Q162602":{"code":162602,"name":"river island","p":23442,"type":162602},"Q555937":{"code":555937,"name":"tidal island","p":23442,"type":555937},"Q1549591":{"code":1549591,"name":"big city","p":98966309,"type":1549591},"Q902814":{"code":902814,"name":"border town","p":7930989,"type":902814},"Q1357964":{"code":1357964,"name":"county town","p":3957,"type":1357964},"Q373074":{"code":373074,"name":"suffragan diocese","p":15617994,"type":373074},"Q1637706":{"code":1637706,"name":"million city","p":1549591,"type":1637706},"Q2264924":{"code":2264924,"name":"port settlement","p":515,"type":2264924},"Q3146899":{"code":3146899,"name":"diocese of the Catholic Church","p":665487,"type":3146899},"Q3624078":{"code":3624078,"name":"sovereign state","p":6256,"type":3624078},"Q51929311":{"code":51929311,"name":"largest city","p":7930989,"type":51929311},"Q105388829":{"code":105388829,"name":"Latin Catholic diocese","p":20926517,"type":105388829},"Q105390172":{"code":105390172,"name":"Roman Catholic metropolitan archdiocese","p":51041800,"type":105390172},"Q13455645":{"code":13455645,"name":"administrative city in the Republic of Ireland","p":515,"type":13455645},"Q50330360":{"code":50330360,"name":"second largest city","p":7930989,"type":50330360},"Q-3":{"code":-3,"name":"UNLINKED","p":3,"type":-3},"Q202156":{"code":202156,"name":"province of Ireland (Q202156)","p":-3,"type":202156},"Q179872":{"code":179872,"name":"county of Ireland (Q179872)","p":-3,"type":179872},"Q188509":{"code":188509,"name":"suburb (Q188509)","p":-3,"type":188509},"Q2151232":{"code":2151232,"name":"townland (Q2151232)","p":-3,"type":2151232},"Q85637361":{"code":85637361,"name":"local government county in Ireland (Q85637361)","p":-3,"type":85637361},"Q13455770":{"code":13455770,"name":"town council in the Republic of Ireland (Q13455770)","p":-3,"type":13455770},"Q3910694":{"code":3910694,"name":"civil parish in Ireland (Q3910694)","p":-3,"type":3910694},"Q13455560":{"code":13455560,"name":"Ceremonial cities of the Republic of Ireland (Q13455560)","p":-3,"type":13455560}}