{"Q3":{"code":3,"name":"ROOT","type":634},"Q24017414":{"code":24017414,"name":"MISC","p":3,"type":24017414},"Q183039":{"code":183039,"name":"COUNTRY","p":3,"type":183039},"Q56061":{"code":56061,"name":"admin","p":3,"type":56061},"Q486972":{"code":486972,"name":"settled","p":3,"type":486972},"Q2625603":{"code":2625603,"name":"population","p":3,"type":2625603},"Q51041800":{"code":51041800,"name":"religious","p":3,"type":51041800},"Q2221906":{"code":2221906,"name":"geo","p":3,"type":2221906},"Q25894868":{"code":25894868,"name":"place type","p":24017414,"type":25894868},"Q41710":{"code":41710,"name":"ethnic group","p":24017414,"type":41710},"Q23442":{"code":23442,"name":"island","p":25894868,"type":23442},"Q15617994":{"code":15617994,"name":"designation for an administrative territorial entity","p":24017414,"type":15617994},"Q111972893":{"code":111972893,"name":"type of structure","p":24017414,"type":111972893},"Q811979":{"code":811979,"name":"architectural structure","p":111972893,"type":811979},"Q12292478":{"code":12292478,"name":"estate","p":811979,"type":12292478},"Q875157":{"code":875157,"name":"resort","p":12292478,"type":875157},"Q113489728":{"code":113489728,"name":"OECD country","p":183039,"type":113489728},"Q6256":{"code":6256,"name":"country","p":183039,"type":6256},"Q1799794":{"code":1799794,"name":"By level","p":56061,"type":1799794},"Q13220204":{"code":13220204,"name":"A2","p":1799794,"type":13220204},"Q702492":{"code":702492,"name":"urban area","p":486972,"type":702492},"Q515":{"code":515,"name":"city","p":486972,"type":515},"Q532":{"code":532,"name":"village","p":486972,"type":532},"Q15284":{"code":15284,"name":"municipality","p":486972,"type":15284},"Q15253706":{"code":15253706,"name":"like a city","p":486972,"type":15253706},"Q244793":{"code":244793,"name":"twin cities","p":486972,"type":244793},"Q98966309":{"code":98966309,"name":"classification of human settlements","p":486972,"type":98966309},"Q7930989":{"code":7930989,"name":"city or town","p":486972,"type":7930989},"Q33829":{"code":33829,"name":"human population","p":2625603,"type":33829},"Q20926517":{"code":20926517,"name":"religious administrative territorial entity","p":51041800,"type":20926517},"Q665487":{"code":665487,"name":"diocese","p":20926517,"type":665487},"Q618123":{"code":618123,"name":"geographical feature","p":2221906,"type":618123},"Q82794":{"code":82794,"name":"geographic region","p":618123,"type":82794},"Q183366":{"code":183366,"name":"territory","p":82794,"type":183366},"Q4835091":{"code":4835091,"name":"territory","p":82794,"type":4835091},"Q15642541":{"code":15642541,"name":"human-geographic territorial entity","p":183366,"type":15642541},"Q5084":{"code":5084,"name":"hamlet","p":98966309,"type":5084},"Q3957":{"code":3957,"name":"town","p":98966309,"type":3957},"Q123705":{"code":123705,"name":"neighborhood","p":486972,"type":123705},"Q5119":{"code":5119,"name":"capital city","p":515,"type":5119},"Q162602":{"code":162602,"name":"river island","p":23442,"type":162602},"Q245260":{"code":245260,"name":"conurbation","p":702492,"type":245260},"Q149621":{"code":149621,"name":"district","p":15617994,"type":149621},"Q159313":{"code":159313,"name":"urban agglomeration","p":702492,"type":159313},"Q350895":{"code":350895,"name":"abandoned village","p":98966309,"type":350895},"Q1021711":{"code":1021711,"name":"seaside resort","p":486972,"type":1021711},"Q373074":{"code":373074,"name":"suffragan diocese","p":15617994,"type":373074},"Q15334":{"code":15334,"name":"municipality of Poland","p":15284,"type":15334},"Q1406318":{"code":1406318,"name":"holiday village","p":811979,"type":1406318},"Q3752524":{"code":3752524,"name":"gmina's auxiliary unit","p":15284,"type":3752524},"Q4286337":{"code":4286337,"name":"city district","p":56061,"type":4286337},"Q1549591":{"code":1549591,"name":"big city","p":98966309,"type":1549591},"Q609042":{"code":609042,"name":"shtetl","p":15617994,"type":609042},"Q1620908":{"code":1620908,"name":"historical region","p":56061,"type":1620908},"Q707813":{"code":707813,"name":"Hanseatic city","p":515,"type":707813},"Q5639312":{"code":5639312,"name":"voivodeship","p":15617994,"type":5639312},"Q4946461":{"code":4946461,"name":"spa town","p":486972,"type":4946461},"Q2264924":{"code":2264924,"name":"port settlement","p":515,"type":2264924},"Q1637706":{"code":1637706,"name":"million city","p":1549591,"type":1637706},"Q738570":{"code":738570,"name":"central business district","p":123705,"type":738570},"Q12015918":{"code":12015918,"name":"colony","p":56061,"type":12015918},"Q925381":{"code":925381,"name":"city with powiat rights","p":15334,"type":925381},"Q902814":{"code":902814,"name":"border town","p":7930989,"type":902814},"Q2616791":{"code":2616791,"name":"urban municipality of Poland","p":515,"type":2616791},"Q1907114":{"code":1907114,"name":"metropolitan area","p":56061,"type":1907114},"Q2983893":{"code":2983893,"name":"quarter","p":56061,"type":2983893},"Q3146899":{"code":3146899,"name":"diocese of the Catholic Church","p":665487,"type":3146899},"Q3491915":{"code":3491915,"name":"urban-rural municipality of Poland","p":15334,"type":3491915},"Q2072238":{"code":2072238,"name":"archdiocese","p":665487,"type":2072238},"Q21672098":{"code":21672098,"name":"village of Ukraine","p":532,"type":21672098},"Q3504085":{"code":3504085,"name":"rural municipality of Poland","p":15334,"type":3504085},"Q3624078":{"code":3624078,"name":"sovereign state","p":6256,"type":3624078},"Q67123843":{"code":67123843,"name":"town divided by border","p":244793,"type":67123843},"Q105388829":{"code":105388829,"name":"Latin Catholic diocese","p":20926517,"type":105388829},"Q22674925":{"code":22674925,"name":"former settlement","p":98966309,"type":22674925},"Q28790362":{"code":28790362,"name":"ethnic community","p":41710,"type":28790362},"Q42744322":{"code":42744322,"name":"urban municipality of Germany","p":515,"type":42744322},"Q50330360":{"code":50330360,"name":"second largest city","p":7930989,"type":50330360},"Q51929311":{"code":51929311,"name":"largest city","p":7930989,"type":51929311},"Q61089180":{"code":61089180,"name":"municipal part in Czechia","p":15617994,"type":61089180},"Q63791824":{"code":63791824,"name":"country bordering the Baltic Sea","p":3624078,"type":63791824},"Q27554593":{"code":27554593,"name":"","p":123705,"type":27554593},"Q48845950":{"code":48845950,"name":"","p":1907114,"type":48845950},"Q-3":{"code":-3,"name":"UNLINKED","p":3,"type":-3},"Q22698":{"code":22698,"name":"park (Q22698)","p":-3,"type":22698},"Q22746":{"code":22746,"name":"urban park (Q22746)","p":-3,"type":22746},"Q103930":{"code":103930,"name":"list of cities and towns in Poland (Q103930)","p":-3,"type":103930},"Q152081":{"code":152081,"name":"concentration camp (Q152081)","p":-3,"type":152081},"Q247073":{"code":247073,"name":"powiat of Poland (Q247073)","p":-3,"type":247073},"Q1200957":{"code":1200957,"name":"tourist destination (Q1200957)","p":-3,"type":1200957},"Q44782":{"code":44782,"name":"port (Q44782)","p":-3,"type":44782},"Q150093":{"code":150093,"name":"voivodeship of Poland (Q150093)","p":-3,"type":150093},"Q567998":{"code":567998,"name":"bathing water (Q567998)","p":-3,"type":567998},"Q1397926":{"code":1397926,"name":"refugee crisis (Q1397926)","p":-3,"type":1397926},"Q1434401":{"code":1434401,"name":"dzielnica (Q1434401)","p":-3,"type":1434401},"Q1512068":{"code":1512068,"name":"sołectwo (Q1512068)","p":-3,"type":1512068},"Q2277441":{"code":2277441,"name":"osiedle (Q2277441)","p":-3,"type":2277441},"Q2472587":{"code":2472587,"name":"people (Q2472587)","p":-3,"type":2472587},"Q772547":{"code":772547,"name":"armed forces (Q772547)","p":-3,"type":772547},"Q9016264":{"code":9016264,"name":"Jewish quarter (Q9016264)","p":-3,"type":9016264},"Q11797473":{"code":11797473,"name":"electoral constituency of the Sejm of the Republic of Poland (Q11797473)","p":-3,"type":11797473},"Q2583015":{"code":2583015,"name":"ghetto in Nazi-occupied Europe (Q2583015)","p":-3,"type":2583015},"Q1901835":{"code":1901835,"name":"seat of government (Q1901835)","p":-3,"type":1901835},"Q17233249":{"code":17233249,"name":"city district of Szczecin (Q17233249)","p":-3,"type":17233249},"Q17362920":{"code":17362920,"name":"Wikimedia duplicated page (Q17362920)","p":-3,"type":17362920},"Q18330720":{"code":18330720,"name":"county of the Second Polish Republic (Q18330720)","p":-3,"type":18330720},"Q3558970":{"code":3558970,"name":"village of Poland (Q3558970)","p":-3,"type":3558970},"Q66459606":{"code":66459606,"name":"\"LGBT ideology\" free zone (Q66459606)","p":-3,"type":66459606},"Q101063310":{"code":101063310,"name":"Jewish community (Q101063310)","p":-3,"type":101063310},"Q105390172":{"code":105390172,"name":"Roman Catholic metropolitan archdiocese (Q105390172)","p":-3,"type":105390172},"Q4379239":{"code":4379239,"name":"No label (Q4379239)","p":-3,"type":4379239}}