{"Q3":{"code":3,"name":"ROOT","type":634},"Q15893266":{"code":15893266,"name":"FORMER","p":3,"type":15893266},"Q24017414":{"code":24017414,"name":"MISC","p":3,"type":24017414},"Q183039":{"code":183039,"name":"COUNTRY","p":3,"type":183039},"Q56061":{"code":56061,"name":"admin","p":3,"type":56061},"Q486972":{"code":486972,"name":"settled","p":3,"type":486972},"Q2625603":{"code":2625603,"name":"population","p":3,"type":2625603},"Q51041800":{"code":51041800,"name":"religious","p":3,"type":51041800},"Q659390":{"code":659390,"name":"construct","p":3,"type":659390},"Q104098715":{"code":104098715,"name":"territorial entity type","p":3,"type":104098715},"Q2221906":{"code":2221906,"name":"geo","p":3,"type":2221906},"Q19953632":{"code":19953632,"name":"former admin","p":15893266,"type":19953632},"Q5962346":{"code":5962346,"name":"classification system","p":24017414,"type":5962346},"Q11834037":{"code":11834037,"name":"physico-geographical regionalization","p":5962346,"type":11834037},"Q25894868":{"code":25894868,"name":"place type","p":24017414,"type":25894868},"Q41710":{"code":41710,"name":"ethnic group","p":24017414,"type":41710},"Q23442":{"code":23442,"name":"island","p":25894868,"type":23442},"Q15617994":{"code":15617994,"name":"designation for an administrative territorial entity","p":24017414,"type":15617994},"Q111972893":{"code":111972893,"name":"type of structure","p":24017414,"type":111972893},"Q811979":{"code":811979,"name":"architectural structure","p":111972893,"type":811979},"Q41176":{"code":41176,"name":"building","p":811979,"type":41176},"Q96084375":{"code":96084375,"name":"former building or structure","p":41176,"type":96084375},"Q12292478":{"code":12292478,"name":"estate","p":811979,"type":12292478},"Q875157":{"code":875157,"name":"resort","p":12292478,"type":875157},"Q699405":{"code":699405,"name":"residence","p":811979,"type":699405},"Q5890494":{"code":5890494,"name":"homestead","p":699405,"type":5890494},"Q11755880":{"code":11755880,"name":"residential building","p":699405,"type":11755880},"Q113489728":{"code":113489728,"name":"OECD country","p":183039,"type":113489728},"Q1307214":{"code":1307214,"name":"form of government","p":183039,"type":1307214},"Q6256":{"code":6256,"name":"country","p":183039,"type":6256},"Q171308":{"code":171308,"name":"oblast","p":56061,"type":171308},"Q15621274":{"code":15621274,"name":"enclave or exclave","p":56061,"type":15621274},"Q3024240":{"code":3024240,"name":"historical country","p":19953632,"type":3024240},"Q12076836":{"code":12076836,"name":"of a single country","p":56061,"type":12076836},"Q2520520":{"code":2520520,"name":"administrative territorial entity of Hungary","p":12076836,"type":2520520},"Q697379":{"code":697379,"name":"administrative territorial entity of Romania","p":12076836,"type":697379},"Q15620181":{"code":15620181,"name":"administrative territorial entity of Estonia","p":12076836,"type":15620181},"Q1799794":{"code":1799794,"name":"By level","p":56061,"type":1799794},"Q788176":{"code":788176,"name":"autonomous administrative territorial entity","p":56061,"type":788176},"Q10864048":{"code":10864048,"name":"A1","p":1799794,"type":10864048},"Q13220204":{"code":13220204,"name":"A2","p":1799794,"type":13220204},"Q13221722":{"code":13221722,"name":"A3","p":1799794,"type":13221722},"Q14757767":{"code":14757767,"name":"A4","p":1799794,"type":14757767},"Q4976993":{"code":4976993,"name":"civil parish","p":14757767,"type":4976993},"Q7275":{"code":7275,"name":"state","p":56061,"type":7275},"Q702492":{"code":702492,"name":"urban area","p":486972,"type":702492},"Q515":{"code":515,"name":"city","p":486972,"type":515},"Q532":{"code":532,"name":"village","p":486972,"type":532},"Q618299":{"code":618299,"name":"settlement","p":486972,"type":618299},"Q15284":{"code":15284,"name":"municipality","p":486972,"type":15284},"Q15253706":{"code":15253706,"name":"like a city","p":486972,"type":15253706},"Q244793":{"code":244793,"name":"twin cities","p":486972,"type":244793},"Q676050":{"code":676050,"name":"old town","p":486972,"type":676050},"Q1782540":{"code":1782540,"name":"railway town","p":486972,"type":1782540},"Q98966309":{"code":98966309,"name":"classification of human settlements","p":486972,"type":98966309},"Q7930989":{"code":7930989,"name":"city or town","p":486972,"type":7930989},"Q33829":{"code":33829,"name":"human population","p":2625603,"type":33829},"Q1492823":{"code":1492823,"name":"ecclesiastical district","p":51041800,"type":1492823},"Q20926517":{"code":20926517,"name":"religious administrative territorial entity","p":51041800,"type":20926517},"Q665487":{"code":665487,"name":"diocese","p":20926517,"type":665487},"Q471855":{"code":471855,"name":"jurisdiction","p":659390,"type":471855},"Q2665272":{"code":2665272,"name":"Ecclesiastical circumscription immediately subject to the Holy See","p":471855,"type":2665272},"Q618123":{"code":618123,"name":"geographical feature","p":2221906,"type":618123},"Q1291195":{"code":1291195,"name":"place of discovery","p":618123,"type":1291195},"Q82794":{"code":82794,"name":"geographic region","p":618123,"type":82794},"Q106589819":{"code":106589819,"name":"elevation","p":618123,"type":106589819},"Q74817647":{"code":74817647,"name":"aspect in a geographic region","p":82794,"type":74817647},"Q205895":{"code":205895,"name":"landmass","p":82794,"type":205895},"Q183366":{"code":183366,"name":"territory","p":82794,"type":183366},"Q4835091":{"code":4835091,"name":"territory","p":82794,"type":4835091},"Q15642541":{"code":15642541,"name":"human-geographic territorial entity","p":183366,"type":15642541},"Q3957":{"code":3957,"name":"town","p":98966309,"type":3957},"Q5084":{"code":5084,"name":"hamlet","p":15617994,"type":5084},"Q15334":{"code":15334,"name":"municipality of Poland","p":15284,"type":15334},"Q5119":{"code":5119,"name":"capital city","p":515,"type":5119},"Q123705":{"code":123705,"name":"neighborhood","p":486972,"type":123705},"Q609042":{"code":609042,"name":"shtetl","p":15617994,"type":609042},"Q350895":{"code":350895,"name":"abandoned village","p":98966309,"type":350895},"Q149621":{"code":149621,"name":"district","p":15617994,"type":149621},"Q373074":{"code":373074,"name":"suffragan diocese","p":15617994,"type":373074},"Q1406318":{"code":1406318,"name":"holiday village","p":811979,"type":1406318},"Q707813":{"code":707813,"name":"Hanseatic city","p":515,"type":707813},"Q1021711":{"code":1021711,"name":"seaside resort","p":486972,"type":1021711},"Q738570":{"code":738570,"name":"central business district","p":123705,"type":738570},"Q1549591":{"code":1549591,"name":"big city","p":98966309,"type":1549591},"Q1637706":{"code":1637706,"name":"million city","p":1549591,"type":1637706},"Q1620908":{"code":1620908,"name":"historical region","p":56061,"type":1620908},"Q159313":{"code":159313,"name":"urban agglomeration","p":702492,"type":159313},"Q2072238":{"code":2072238,"name":"archdiocese","p":665487,"type":2072238},"Q1907114":{"code":1907114,"name":"metropolitan area","p":56061,"type":1907114},"Q2616791":{"code":2616791,"name":"urban municipality of Poland","p":515,"type":2616791},"Q902814":{"code":902814,"name":"border town","p":7930989,"type":902814},"Q925381":{"code":925381,"name":"city with powiat rights","p":15334,"type":925381},"Q162602":{"code":162602,"name":"river island","p":23442,"type":162602},"Q245260":{"code":245260,"name":"conurbation","p":702492,"type":245260},"Q2264924":{"code":2264924,"name":"port settlement","p":515,"type":2264924},"Q2983893":{"code":2983893,"name":"quarter","p":56061,"type":2983893},"Q3146899":{"code":3146899,"name":"diocese of the Catholic Church","p":665487,"type":3146899},"Q3491915":{"code":3491915,"name":"urban-rural municipality of Poland","p":15334,"type":3491915},"Q5639312":{"code":5639312,"name":"voivodeship","p":15617994,"type":5639312},"Q12015918":{"code":12015918,"name":"colony","p":56061,"type":12015918},"Q4946461":{"code":4946461,"name":"spa town","p":486972,"type":4946461},"Q3504085":{"code":3504085,"name":"rural municipality of Poland","p":15334,"type":3504085},"Q3624078":{"code":3624078,"name":"sovereign state","p":6256,"type":3624078},"Q3752524":{"code":3752524,"name":"gmina's auxiliary unit","p":15284,"type":3752524},"Q4286337":{"code":4286337,"name":"city district","p":56061,"type":4286337},"Q67123843":{"code":67123843,"name":"town divided by border","p":244793,"type":67123843},"Q105388829":{"code":105388829,"name":"Latin Catholic diocese","p":20926517,"type":105388829},"Q21672098":{"code":21672098,"name":"village of Ukraine","p":532,"type":21672098},"Q22674925":{"code":22674925,"name":"former settlement","p":98966309,"type":22674925},"Q28790362":{"code":28790362,"name":"ethnic community","p":41710,"type":28790362},"Q42744322":{"code":42744322,"name":"urban municipality of Germany","p":515,"type":42744322},"Q50330360":{"code":50330360,"name":"second largest city","p":7930989,"type":50330360},"Q51929311":{"code":51929311,"name":"largest city","p":7930989,"type":51929311},"Q61089180":{"code":61089180,"name":"municipal part in Czechia","p":15617994,"type":61089180},"Q63791824":{"code":63791824,"name":"country bordering the Baltic Sea","p":3624078,"type":63791824},"Q27554593":{"code":27554593,"name":"","p":123705,"type":27554593},"Q48845950":{"code":48845950,"name":"","p":1907114,"type":48845950},"Q-1":{"code":-1,"name":"INVALID","p":3,"type":-1},"Q8473":{"code":8473,"name":"military (Q8473)","p":-1,"type":8473},"Q22652":{"code":22652,"name":"green space (Q22652)","p":-1,"type":22652},"Q27686":{"code":27686,"name":"hotel (Q27686)","p":-1,"type":27686},"Q40080":{"code":40080,"name":"beach (Q40080)","p":-1,"type":40080},"Q152018":{"code":152018,"name":"ghetto (Q152018)","p":-1,"type":152018},"Q177634":{"code":177634,"name":"community (Q177634)","p":-1,"type":177634},"Q192611":{"code":192611,"name":"electoral district (Q192611)","p":-1,"type":192611},"Q855451":{"code":855451,"name":"administrative territorial entity of Poland (Q855451)","p":-1,"type":855451},"Q874405":{"code":874405,"name":"social group (Q874405)","p":-1,"type":874405},"Q937228":{"code":937228,"name":"property (Q937228)","p":-1,"type":937228},"Q1263068":{"code":1263068,"name":"duplicate entry (Q1263068)","p":-1,"type":1263068},"Q1497364":{"code":1497364,"name":"building complex (Q1497364)","p":-1,"type":1497364},"Q2333944":{"code":2333944,"name":"statistical city district (Q2333944)","p":-1,"type":2333944},"Q2516121":{"code":2516121,"name":"transport structure (Q2516121)","p":-1,"type":2516121},"Q2636673":{"code":2636673,"name":"aljama (Q2636673)","p":-1,"type":2636673},"Q3354725":{"code":3354725,"name":"prison camp (Q3354725)","p":-1,"type":3354725},"Q10354598":{"code":10354598,"name":"rural settlement (Q10354598)","p":-1,"type":10354598},"Q13406463":{"code":13406463,"name":"Wikimedia list article (Q13406463)","p":-1,"type":13406463},"Q16520532":{"code":16520532,"name":"No label (Q16520532)","p":-1,"type":16520532},"Q18330719":{"code":18330719,"name":"administrative territorial entity of the Second Polish Republic (Q18330719)","p":-1,"type":18330719},"Q28872924":{"code":28872924,"name":"designation for an administrative territorial entity of a single country (Q28872924)","p":-1,"type":28872924},"Q29028649":{"code":29028649,"name":"economic concept (Q29028649)","p":-1,"type":29028649},"Q85785387":{"code":85785387,"name":"migrant crisis (Q85785387)","p":-1,"type":85785387},"Q111737478":{"code":111737478,"name":"catholic ecclesiastical district (Q111737478)","p":-1,"type":111737478},"Q-3":{"code":-3,"name":"UNLINKED","p":3,"type":-3},"Q22698":{"code":22698,"name":"park (Q22698)","p":-3,"type":22698},"Q103930":{"code":103930,"name":"list of cities and towns in Poland (Q103930)","p":-3,"type":103930},"Q44782":{"code":44782,"name":"port (Q44782)","p":-3,"type":44782},"Q22746":{"code":22746,"name":"urban park (Q22746)","p":-3,"type":22746},"Q247073":{"code":247073,"name":"powiat of Poland (Q247073)","p":-3,"type":247073},"Q567998":{"code":567998,"name":"bathing water (Q567998)","p":-3,"type":567998},"Q150093":{"code":150093,"name":"voivodeship of Poland (Q150093)","p":-3,"type":150093},"Q1397926":{"code":1397926,"name":"refugee crisis (Q1397926)","p":-3,"type":1397926},"Q1434401":{"code":1434401,"name":"dzielnica (Q1434401)","p":-3,"type":1434401},"Q1200957":{"code":1200957,"name":"tourist destination (Q1200957)","p":-3,"type":1200957},"Q772547":{"code":772547,"name":"armed forces (Q772547)","p":-3,"type":772547},"Q1512068":{"code":1512068,"name":"sołectwo (Q1512068)","p":-3,"type":1512068},"Q152081":{"code":152081,"name":"concentration camp (Q152081)","p":-3,"type":152081},"Q1901835":{"code":1901835,"name":"seat of government (Q1901835)","p":-3,"type":1901835},"Q2583015":{"code":2583015,"name":"ghetto in Nazi-occupied Europe (Q2583015)","p":-3,"type":2583015},"Q2277441":{"code":2277441,"name":"osiedle (Q2277441)","p":-3,"type":2277441},"Q9016264":{"code":9016264,"name":"Jewish quarter (Q9016264)","p":-3,"type":9016264},"Q11797473":{"code":11797473,"name":"electoral constituency of the Sejm of the Republic of Poland (Q11797473)","p":-3,"type":11797473},"Q3558970":{"code":3558970,"name":"village of Poland (Q3558970)","p":-3,"type":3558970},"Q66459606":{"code":66459606,"name":"\"LGBT ideology\" free zone (Q66459606)","p":-3,"type":66459606},"Q2472587":{"code":2472587,"name":"people (Q2472587)","p":-3,"type":2472587},"Q101063310":{"code":101063310,"name":"Jewish community (Q101063310)","p":-3,"type":101063310},"Q105390172":{"code":105390172,"name":"Roman Catholic metropolitan archdiocese (Q105390172)","p":-3,"type":105390172},"Q17233249":{"code":17233249,"name":"city district of Szczecin (Q17233249)","p":-3,"type":17233249},"Q17362920":{"code":17362920,"name":"Wikimedia duplicated page (Q17362920)","p":-3,"type":17362920},"Q18330720":{"code":18330720,"name":"county of the Second Polish Republic (Q18330720)","p":-3,"type":18330720},"Q4379239":{"code":4379239,"name":"No label (Q4379239)","p":-3,"type":4379239}}