{"Q3":{"code":3,"name":"ROOT","type":634},"Q15893266":{"code":15893266,"name":"FORMER","p":3,"type":15893266},"Q24017414":{"code":24017414,"name":"MISC","p":3,"type":24017414},"Q183039":{"code":183039,"name":"COUNTRY","p":3,"type":183039},"Q56061":{"code":56061,"name":"admin","p":3,"type":56061},"Q486972":{"code":486972,"name":"settled","p":3,"type":486972},"Q51041800":{"code":51041800,"name":"religious","p":3,"type":51041800},"Q2221906":{"code":2221906,"name":"geo","p":3,"type":2221906},"Q19953632":{"code":19953632,"name":"former admin","p":15893266,"type":19953632},"Q25894868":{"code":25894868,"name":"place type","p":24017414,"type":25894868},"Q41710":{"code":41710,"name":"ethnic group","p":24017414,"type":41710},"Q23442":{"code":23442,"name":"island","p":25894868,"type":23442},"Q1307214":{"code":1307214,"name":"form of government","p":183039,"type":1307214},"Q6256":{"code":6256,"name":"country","p":183039,"type":6256},"Q515":{"code":515,"name":"city","p":486972,"type":515},"Q532":{"code":532,"name":"village","p":486972,"type":532},"Q98966309":{"code":98966309,"name":"classification of human settlements","p":486972,"type":98966309},"Q7930989":{"code":7930989,"name":"city or town","p":486972,"type":7930989},"Q20926517":{"code":20926517,"name":"religious administrative territorial entity","p":51041800,"type":20926517},"Q665487":{"code":665487,"name":"diocese","p":20926517,"type":665487},"Q618123":{"code":618123,"name":"geographical feature","p":2221906,"type":618123},"Q82794":{"code":82794,"name":"geographic region","p":618123,"type":82794},"Q205895":{"code":205895,"name":"landmass","p":82794,"type":205895},"Q4835091":{"code":4835091,"name":"territory","p":82794,"type":4835091},"Q3957":{"code":3957,"name":"town","p":98966309,"type":3957},"Q5107":{"code":5107,"name":"continent","p":205895,"type":5107},"Q5119":{"code":5119,"name":"capital city","p":515,"type":5119},"Q33837":{"code":33837,"name":"archipelago","p":205895,"type":33837},"Q83828":{"code":83828,"name":"ethnic group in Indonesia","p":41710,"type":83828},"Q112099":{"code":112099,"name":"island nation","p":6256,"type":112099},"Q49892":{"code":49892,"name":"presidential system","p":1307214,"type":49892},"Q200250":{"code":200250,"name":"metropolis","p":486972,"type":200250},"Q208500":{"code":208500,"name":"principality","p":1307214,"type":208500},"Q208511":{"code":208511,"name":"global city","p":515,"type":208511},"Q1520223":{"code":1520223,"name":"constitutional republic","p":183039,"type":1520223},"Q2225692":{"code":2225692,"name":"fourth-level administrative division in Indonesia","p":532,"type":2225692},"Q965568":{"code":965568,"name":"kelurahan","p":2225692,"type":965568},"Q1402592":{"code":1402592,"name":"island group","p":82794,"type":1402592},"Q1549591":{"code":1549591,"name":"big city","p":98966309,"type":1549591},"Q1637706":{"code":1637706,"name":"million city","p":1549591,"type":1637706},"Q1907114":{"code":1907114,"name":"metropolitan area","p":56061,"type":1907114},"Q2264924":{"code":2264924,"name":"port settlement","p":515,"type":2264924},"Q2072238":{"code":2072238,"name":"archdiocese","p":665487,"type":2072238},"Q2714042":{"code":2714042,"name":"Residency","p":56061,"type":2714042},"Q3146899":{"code":3146899,"name":"diocese of the Catholic Church","p":665487,"type":3146899},"Q3147563":{"code":3147563,"name":"regency seat","p":5119,"type":3147563},"Q3199141":{"code":3199141,"name":"city of Indonesia","p":7930989,"type":3199141},"Q3502482":{"code":3502482,"name":"cultural region","p":82794,"type":3502482},"Q3624078":{"code":3624078,"name":"sovereign state","p":6256,"type":3624078},"Q13107770":{"code":13107770,"name":"archipelagic state","p":112099,"type":13107770},"Q25466816":{"code":25466816,"name":"capital of Indonesia","p":5119,"type":25466816},"Q26211545":{"code":26211545,"name":"desa","p":532,"type":26211545},"Q50330360":{"code":50330360,"name":"second largest city","p":7930989,"type":50330360},"Q56167919":{"code":56167919,"name":"historical province of Indonesia","p":19953632,"type":56167919},"Q4412611":{"code":4412611,"name":"North Halmahera peoples","p":41710,"type":4412611},"Q-3":{"code":-3,"name":"UNLINKED","p":3,"type":-3},"Q5098":{"code":5098,"name":"province of Indonesia (Q5098)","p":-3,"type":5098},"Q103817":{"code":103817,"name":"indigenous people (Q103817)","p":-3,"type":103817},"Q169358":{"code":169358,"name":"stratovolcano (Q169358)","p":-3,"type":169358},"Q174844":{"code":174844,"name":"megacity (Q174844)","p":-3,"type":174844},"Q177634":{"code":177634,"name":"community (Q177634)","p":-3,"type":177634},"Q2065736":{"code":2065736,"name":"cultural property (Q2065736)","p":-3,"type":2065736},"Q2472587":{"code":2472587,"name":"people (Q2472587)","p":-3,"type":2472587},"Q3191695":{"code":3191695,"name":"regency of Indonesia (Q3191695)","p":-3,"type":3191695},"Q3241045":{"code":3241045,"name":"disease outbreak (Q3241045)","p":-3,"type":3241045},"Q3700011":{"code":3700011,"name":"kecamatan (Q3700011)","p":-3,"type":3700011},"Q5007997":{"code":5007997,"name":"special region of Indonesia (Q5007997)","p":-3,"type":5007997},"Q6617741":{"code":6617741,"name":"WWF ecoregion (Q6617741)","p":-3,"type":6617741},"Q10963374":{"code":10963374,"name":"administrative city (Q10963374)","p":-3,"type":10963374},"Q11127777":{"code":11127777,"name":"administrative regency of Indonesia (Q11127777)","p":-3,"type":11127777},"Q16334295":{"code":16334295,"name":"group of humans (Q16334295)","p":-3,"type":16334295},"Q16887380":{"code":16887380,"name":"group (Q16887380)","p":-3,"type":16887380},"Q17362920":{"code":17362920,"name":"Wikimedia duplicated page (Q17362920)","p":-3,"type":17362920},"Q105390172":{"code":105390172,"name":"Roman Catholic metropolitan archdiocese (Q105390172)","p":-3,"type":105390172},"Q106036321":{"code":106036321,"name":"former district of Indonesia (Q106036321)","p":-3,"type":106036321},"Q4200298":{"code":4200298,"name":"district of Indonesia (Q4200298)","p":-3,"type":4200298},"Q4272761":{"code":4272761,"name":"administrative city of Indonesia (Q4272761)","p":-3,"type":4272761}}