{"Q3":{"code":3,"name":"ROOT","type":634},"Q15893266":{"code":15893266,"name":"FORMER","p":3,"type":15893266},"Q24017414":{"code":24017414,"name":"MISC","p":3,"type":24017414},"Q183039":{"code":183039,"name":"COUNTRY","p":3,"type":183039},"Q56061":{"code":56061,"name":"admin","p":3,"type":56061},"Q486972":{"code":486972,"name":"settled","p":3,"type":486972},"Q2625603":{"code":2625603,"name":"population","p":3,"type":2625603},"Q51041800":{"code":51041800,"name":"religious","p":3,"type":51041800},"Q659390":{"code":659390,"name":"construct","p":3,"type":659390},"Q104098715":{"code":104098715,"name":"territorial entity type","p":3,"type":104098715},"Q2221906":{"code":2221906,"name":"geo","p":3,"type":2221906},"Q19953632":{"code":19953632,"name":"former admin","p":15893266,"type":19953632},"Q5962346":{"code":5962346,"name":"classification system","p":24017414,"type":5962346},"Q11834037":{"code":11834037,"name":"physico-geographical regionalization","p":5962346,"type":11834037},"Q25894868":{"code":25894868,"name":"place type","p":24017414,"type":25894868},"Q41710":{"code":41710,"name":"ethnic group","p":24017414,"type":41710},"Q23442":{"code":23442,"name":"island","p":25894868,"type":23442},"Q15617994":{"code":15617994,"name":"designation for an administrative territorial entity","p":24017414,"type":15617994},"Q111972893":{"code":111972893,"name":"type of structure","p":24017414,"type":111972893},"Q811979":{"code":811979,"name":"architectural structure","p":111972893,"type":811979},"Q41176":{"code":41176,"name":"building","p":811979,"type":41176},"Q96084375":{"code":96084375,"name":"former building or structure","p":41176,"type":96084375},"Q12292478":{"code":12292478,"name":"estate","p":811979,"type":12292478},"Q875157":{"code":875157,"name":"resort","p":12292478,"type":875157},"Q699405":{"code":699405,"name":"residence","p":811979,"type":699405},"Q5890494":{"code":5890494,"name":"homestead","p":699405,"type":5890494},"Q11755880":{"code":11755880,"name":"residential building","p":699405,"type":11755880},"Q113489728":{"code":113489728,"name":"OECD country","p":183039,"type":113489728},"Q1307214":{"code":1307214,"name":"form of government","p":183039,"type":1307214},"Q6256":{"code":6256,"name":"country","p":183039,"type":6256},"Q171308":{"code":171308,"name":"oblast","p":56061,"type":171308},"Q15621274":{"code":15621274,"name":"enclave or exclave","p":56061,"type":15621274},"Q3024240":{"code":3024240,"name":"historical country","p":19953632,"type":3024240},"Q12076836":{"code":12076836,"name":"of a single country","p":56061,"type":12076836},"Q2520520":{"code":2520520,"name":"administrative territorial entity of Hungary","p":12076836,"type":2520520},"Q697379":{"code":697379,"name":"administrative territorial entity of Romania","p":12076836,"type":697379},"Q15620181":{"code":15620181,"name":"administrative territorial entity of Estonia","p":12076836,"type":15620181},"Q1799794":{"code":1799794,"name":"By level","p":56061,"type":1799794},"Q788176":{"code":788176,"name":"autonomous administrative territorial entity","p":56061,"type":788176},"Q10864048":{"code":10864048,"name":"A1","p":1799794,"type":10864048},"Q13220204":{"code":13220204,"name":"A2","p":1799794,"type":13220204},"Q13221722":{"code":13221722,"name":"A3","p":1799794,"type":13221722},"Q14757767":{"code":14757767,"name":"A4","p":1799794,"type":14757767},"Q4976993":{"code":4976993,"name":"civil parish","p":14757767,"type":4976993},"Q7275":{"code":7275,"name":"state","p":56061,"type":7275},"Q702492":{"code":702492,"name":"urban area","p":486972,"type":702492},"Q515":{"code":515,"name":"city","p":486972,"type":515},"Q532":{"code":532,"name":"village","p":486972,"type":532},"Q618299":{"code":618299,"name":"settlement","p":486972,"type":618299},"Q15284":{"code":15284,"name":"municipality","p":486972,"type":15284},"Q15253706":{"code":15253706,"name":"like a city","p":486972,"type":15253706},"Q244793":{"code":244793,"name":"twin cities","p":486972,"type":244793},"Q676050":{"code":676050,"name":"old town","p":486972,"type":676050},"Q1782540":{"code":1782540,"name":"railway town","p":486972,"type":1782540},"Q98966309":{"code":98966309,"name":"classification of human settlements","p":486972,"type":98966309},"Q7930989":{"code":7930989,"name":"city or town","p":486972,"type":7930989},"Q33829":{"code":33829,"name":"human population","p":2625603,"type":33829},"Q1492823":{"code":1492823,"name":"ecclesiastical district","p":51041800,"type":1492823},"Q20926517":{"code":20926517,"name":"religious administrative territorial entity","p":51041800,"type":20926517},"Q665487":{"code":665487,"name":"diocese","p":20926517,"type":665487},"Q471855":{"code":471855,"name":"jurisdiction","p":659390,"type":471855},"Q2665272":{"code":2665272,"name":"Ecclesiastical circumscription immediately subject to the Holy See","p":471855,"type":2665272},"Q618123":{"code":618123,"name":"geographical feature","p":2221906,"type":618123},"Q1291195":{"code":1291195,"name":"place of discovery","p":618123,"type":1291195},"Q82794":{"code":82794,"name":"geographic region","p":618123,"type":82794},"Q106589819":{"code":106589819,"name":"elevation","p":618123,"type":106589819},"Q74817647":{"code":74817647,"name":"aspect in a geographic region","p":82794,"type":74817647},"Q205895":{"code":205895,"name":"landmass","p":82794,"type":205895},"Q183366":{"code":183366,"name":"territory","p":82794,"type":183366},"Q4835091":{"code":4835091,"name":"territory","p":82794,"type":4835091},"Q15642541":{"code":15642541,"name":"human-geographic territorial entity","p":183366,"type":15642541},"Q659103":{"code":659103,"name":"commune of Romania","p":697379,"type":659103},"Q5119":{"code":5119,"name":"capital city","p":515,"type":5119},"Q6266":{"code":6266,"name":"nation","p":659390,"type":6266},"Q123705":{"code":123705,"name":"neighborhood","p":486972,"type":123705},"Q148837":{"code":148837,"name":"polis","p":15617994,"type":148837},"Q159350":{"code":159350,"name":"Rundling","p":486972,"type":159350},"Q162602":{"code":162602,"name":"river island","p":23442,"type":162602},"Q192611":{"code":192611,"name":"electoral district","p":56061,"type":192611},"Q473972":{"code":473972,"name":"protected area","p":56061,"type":473972},"Q1776764":{"code":1776764,"name":"județ","p":697379,"type":1776764},"Q625160":{"code":625160,"name":"ecclesiastical province","p":15617994,"type":625160},"Q640364":{"code":640364,"name":"municipiu of Romania","p":15284,"type":640364},"Q2072238":{"code":2072238,"name":"archdiocese","p":665487,"type":2072238},"Q2983893":{"code":2983893,"name":"quarter","p":56061,"type":2983893},"Q3146899":{"code":3146899,"name":"diocese of the Catholic Church","p":665487,"type":3146899},"Q3257686":{"code":3257686,"name":"locality","p":486972,"type":3257686},"Q3624078":{"code":3624078,"name":"sovereign state","p":6256,"type":3624078},"Q15921247":{"code":15921247,"name":"constituent locality","p":486972,"type":15921247},"Q902814":{"code":902814,"name":"border town","p":7930989,"type":902814},"Q1187811":{"code":1187811,"name":"college town","p":515,"type":1187811},"Q1549591":{"code":1549591,"name":"big city","p":98966309,"type":1549591},"Q1620908":{"code":1620908,"name":"historical region","p":56061,"type":1620908},"Q1637706":{"code":1637706,"name":"million city","p":1549591,"type":1637706},"Q2264924":{"code":2264924,"name":"port settlement","p":515,"type":2264924},"Q15921300":{"code":15921300,"name":"sector of Bucharest","p":697379,"type":15921300},"Q16858213":{"code":16858213,"name":"town in Romania","p":515,"type":16858213},"Q4946461":{"code":4946461,"name":"spa town","p":486972,"type":4946461},"Q5528116":{"code":5528116,"name":"destination spa","p":875157,"type":5528116},"Q7216840":{"code":7216840,"name":"urban-type settlement in Ukraine","p":74817647,"type":7216840},"Q15303838":{"code":15303838,"name":"municipality seat","p":5119,"type":15303838},"Q21507948":{"code":21507948,"name":"former village","p":532,"type":21507948},"Q34843301":{"code":34843301,"name":"capital of county in Romania","p":515,"type":34843301},"Q51929311":{"code":51929311,"name":"largest city","p":7930989,"type":51929311},"Q105388829":{"code":105388829,"name":"Latin Catholic diocese","p":20926517,"type":105388829},"Q105389481":{"code":105389481,"name":"Greek-Catholic eparchy","p":20926517,"type":105389481},"Q105419665":{"code":105419665,"name":"Roman Catholic archdiocese not metropolitan","p":51041800,"type":105419665},"Q108822885":{"code":108822885,"name":"Catholic Metropolitan Archieparchy","p":51041800,"type":108822885},"Q-1":{"code":-1,"name":"INVALID","p":3,"type":-1},"Q-2":{"code":-2,"name":"EXCLUDED","p":3,"type":-2},"Q3957":{"code":3957,"name":"town (Q3957)","p":-1,"type":3957},"Q27686":{"code":27686,"name":"hotel (Q27686)","p":-1,"type":27686},"Q35120":{"code":35120,"name":"entity (Q35120)","p":-1,"type":35120},"Q43229":{"code":43229,"name":"organization (Q43229)","p":-1,"type":43229},"Q149621":{"code":149621,"name":"district (Q149621)","p":-1,"type":149621},"Q151885":{"code":151885,"name":"concept (Q151885)","p":-1,"type":151885},"Q470540":{"code":470540,"name":"seat (Q470540)","p":-1,"type":470540},"Q874405":{"code":874405,"name":"social group (Q874405)","p":-1,"type":874405},"Q1048835":{"code":1048835,"name":"political territorial entity (Q1048835)","p":-1,"type":1048835},"Q2358894":{"code":2358894,"name":"former administrative territorial entity of Romania (Q2358894)","p":-1,"type":2358894},"Q3591867":{"code":3591867,"name":"proposed country (Q3591867)","p":-1,"type":3591867},"Q3702971":{"code":3702971,"name":"personal data (Q3702971)","p":-2,"type":3702971},"Q15042037":{"code":15042037,"name":"statistical territorial entity (Q15042037)","p":-1,"type":15042037},"Q29028649":{"code":29028649,"name":"economic concept (Q29028649)","p":-1,"type":29028649},"Q66364050":{"code":66364050,"name":"living arrangement (Q66364050)","p":-1,"type":66364050},"Q110401282":{"code":110401282,"name":"type of world view (Q110401282)","p":-1,"type":110401282},"Q111737478":{"code":111737478,"name":"catholic ecclesiastical district (Q111737478)","p":-1,"type":111737478},"Q-3":{"code":-3,"name":"UNLINKED","p":3,"type":-3},"Q231002":{"code":231002,"name":"nationality (Q231002)","p":-3,"type":231002},"Q317548":{"code":317548,"name":"resort town (Q317548)","p":-3,"type":317548},"Q517760":{"code":517760,"name":"commune (Q517760)","p":-3,"type":517760},"Q2738074":{"code":2738074,"name":"political movement (Q2738074)","p":-3,"type":2738074},"Q3487904":{"code":3487904,"name":"processus (Q3487904)","p":-3,"type":3487904},"Q1200957":{"code":1200957,"name":"tourist destination (Q1200957)","p":-3,"type":1200957},"Q1246587":{"code":1246587,"name":"development region of Romania (Q1246587)","p":-3,"type":1246587},"Q1763194":{"code":1763194,"name":"district (Q1763194)","p":-3,"type":1763194},"Q2472587":{"code":2472587,"name":"people (Q2472587)","p":-3,"type":2472587},"Q34841063":{"code":34841063,"name":"seat of the local council (Q34841063)","p":-3,"type":34841063},"Q7100806":{"code":7100806,"name":"Ordinariate for Eastern Catholic faithful (Q7100806)","p":-3,"type":7100806},"Q14791028":{"code":14791028,"name":"thermal center (Q14791028)","p":-3,"type":14791028},"Q34842263":{"code":34842263,"name":"township seat (Q34842263)","p":-3,"type":34842263},"Q34842776":{"code":34842776,"name":"municipality seat of Romania (Q34842776)","p":-3,"type":34842776},"Q105390172":{"code":105390172,"name":"Roman Catholic metropolitan archdiocese (Q105390172)","p":-3,"type":105390172},"Q112074700":{"code":112074700,"name":"proposed state merger (Q112074700)","p":-3,"type":112074700}}