{"Q3":{"code":3,"name":"ROOT","type":634},"Q15893266":{"code":15893266,"name":"FORMER","p":3,"type":15893266},"Q24017414":{"code":24017414,"name":"MISC","p":3,"type":24017414},"Q183039":{"code":183039,"name":"COUNTRY","p":3,"type":183039},"Q56061":{"code":56061,"name":"admin","p":3,"type":56061},"Q486972":{"code":486972,"name":"settled","p":3,"type":486972},"Q2625603":{"code":2625603,"name":"population","p":3,"type":2625603},"Q51041800":{"code":51041800,"name":"religious","p":3,"type":51041800},"Q659390":{"code":659390,"name":"construct","p":3,"type":659390},"Q2221906":{"code":2221906,"name":"geo","p":3,"type":2221906},"Q25894868":{"code":25894868,"name":"place type","p":24017414,"type":25894868},"Q41710":{"code":41710,"name":"ethnic group","p":24017414,"type":41710},"Q23442":{"code":23442,"name":"island","p":25894868,"type":23442},"Q15617994":{"code":15617994,"name":"designation for an administrative territorial entity","p":24017414,"type":15617994},"Q111972893":{"code":111972893,"name":"type of structure","p":24017414,"type":111972893},"Q811979":{"code":811979,"name":"architectural structure","p":111972893,"type":811979},"Q12292478":{"code":12292478,"name":"estate","p":811979,"type":12292478},"Q875157":{"code":875157,"name":"resort","p":12292478,"type":875157},"Q6256":{"code":6256,"name":"country","p":183039,"type":6256},"Q12076836":{"code":12076836,"name":"of a single country","p":56061,"type":12076836},"Q2520520":{"code":2520520,"name":"administrative territorial entity of Hungary","p":12076836,"type":2520520},"Q697379":{"code":697379,"name":"administrative territorial entity of Romania","p":12076836,"type":697379},"Q1799794":{"code":1799794,"name":"By level","p":56061,"type":1799794},"Q10864048":{"code":10864048,"name":"A1","p":1799794,"type":10864048},"Q515":{"code":515,"name":"city","p":486972,"type":515},"Q532":{"code":532,"name":"village","p":486972,"type":532},"Q15284":{"code":15284,"name":"municipality","p":486972,"type":15284},"Q98966309":{"code":98966309,"name":"classification of human settlements","p":486972,"type":98966309},"Q7930989":{"code":7930989,"name":"city or town","p":486972,"type":7930989},"Q33829":{"code":33829,"name":"human population","p":2625603,"type":33829},"Q20926517":{"code":20926517,"name":"religious administrative territorial entity","p":51041800,"type":20926517},"Q665487":{"code":665487,"name":"diocese","p":20926517,"type":665487},"Q471855":{"code":471855,"name":"jurisdiction","p":659390,"type":471855},"Q2665272":{"code":2665272,"name":"Ecclesiastical circumscription immediately subject to the Holy See","p":471855,"type":2665272},"Q618123":{"code":618123,"name":"geographical feature","p":2221906,"type":618123},"Q82794":{"code":82794,"name":"geographic region","p":618123,"type":82794},"Q74817647":{"code":74817647,"name":"aspect in a geographic region","p":82794,"type":74817647},"Q5119":{"code":5119,"name":"capital city","p":515,"type":5119},"Q6266":{"code":6266,"name":"nation","p":659390,"type":6266},"Q159350":{"code":159350,"name":"Rundling","p":486972,"type":159350},"Q162602":{"code":162602,"name":"river island","p":23442,"type":162602},"Q192611":{"code":192611,"name":"electoral district","p":56061,"type":192611},"Q15921247":{"code":15921247,"name":"constituent locality","p":486972,"type":15921247},"Q123705":{"code":123705,"name":"neighborhood","p":486972,"type":123705},"Q473972":{"code":473972,"name":"protected area","p":56061,"type":473972},"Q15921300":{"code":15921300,"name":"sector of Bucharest","p":697379,"type":15921300},"Q16858213":{"code":16858213,"name":"town in Romania","p":515,"type":16858213},"Q1620908":{"code":1620908,"name":"historical region","p":56061,"type":1620908},"Q4946461":{"code":4946461,"name":"spa town","p":486972,"type":4946461},"Q1549591":{"code":1549591,"name":"big city","p":98966309,"type":1549591},"Q1637706":{"code":1637706,"name":"million city","p":1549591,"type":1637706},"Q148837":{"code":148837,"name":"polis","p":15617994,"type":148837},"Q625160":{"code":625160,"name":"ecclesiastical province","p":15617994,"type":625160},"Q640364":{"code":640364,"name":"municipiu of Romania","p":15284,"type":640364},"Q21507948":{"code":21507948,"name":"former village","p":532,"type":21507948},"Q659103":{"code":659103,"name":"commune of Romania","p":697379,"type":659103},"Q902814":{"code":902814,"name":"border town","p":7930989,"type":902814},"Q1187811":{"code":1187811,"name":"college town","p":515,"type":1187811},"Q2983893":{"code":2983893,"name":"quarter","p":56061,"type":2983893},"Q3146899":{"code":3146899,"name":"diocese of the Catholic Church","p":665487,"type":3146899},"Q5528116":{"code":5528116,"name":"destination spa","p":875157,"type":5528116},"Q7216840":{"code":7216840,"name":"urban-type settlement in Ukraine","p":74817647,"type":7216840},"Q3257686":{"code":3257686,"name":"locality","p":486972,"type":3257686},"Q108822885":{"code":108822885,"name":"Catholic Metropolitan Archieparchy","p":51041800,"type":108822885},"Q105389481":{"code":105389481,"name":"Greek-Catholic eparchy","p":20926517,"type":105389481},"Q105419665":{"code":105419665,"name":"Roman Catholic archdiocese not metropolitan","p":51041800,"type":105419665},"Q1776764":{"code":1776764,"name":"județ","p":697379,"type":1776764},"Q34843301":{"code":34843301,"name":"capital of county in Romania","p":515,"type":34843301},"Q2072238":{"code":2072238,"name":"archdiocese","p":665487,"type":2072238},"Q2264924":{"code":2264924,"name":"port settlement","p":515,"type":2264924},"Q3487904":{"code":3487904,"name":"processus","p":2520520,"type":3487904},"Q3624078":{"code":3624078,"name":"sovereign state","p":6256,"type":3624078},"Q15303838":{"code":15303838,"name":"municipality seat","p":5119,"type":15303838},"Q51929311":{"code":51929311,"name":"largest city","p":7930989,"type":51929311},"Q-3":{"code":-3,"name":"UNLINKED","p":3,"type":-3},"Q231002":{"code":231002,"name":"nationality (Q231002)","p":-3,"type":231002},"Q317548":{"code":317548,"name":"resort town (Q317548)","p":-3,"type":317548},"Q517760":{"code":517760,"name":"commune (Q517760)","p":-3,"type":517760},"Q1200957":{"code":1200957,"name":"tourist destination (Q1200957)","p":-3,"type":1200957},"Q1246587":{"code":1246587,"name":"development region of Romania (Q1246587)","p":-3,"type":1246587},"Q2738074":{"code":2738074,"name":"political movement (Q2738074)","p":-3,"type":2738074},"Q7100806":{"code":7100806,"name":"Ordinariate for Eastern Catholic faithful (Q7100806)","p":-3,"type":7100806},"Q34841063":{"code":34841063,"name":"seat of the local council (Q34841063)","p":-3,"type":34841063},"Q112074700":{"code":112074700,"name":"proposed state merger (Q112074700)","p":-3,"type":112074700},"Q105390172":{"code":105390172,"name":"Roman Catholic metropolitan archdiocese (Q105390172)","p":-3,"type":105390172},"Q34842263":{"code":34842263,"name":"township seat (Q34842263)","p":-3,"type":34842263},"Q34842776":{"code":34842776,"name":"municipality seat of Romania (Q34842776)","p":-3,"type":34842776},"Q2472587":{"code":2472587,"name":"people (Q2472587)","p":-3,"type":2472587},"Q1763194":{"code":1763194,"name":"district (Q1763194)","p":-3,"type":1763194},"Q14791028":{"code":14791028,"name":"thermal center (Q14791028)","p":-3,"type":14791028}}