{"Q3":{"code":3,"name":"ROOT","type":634},"Q15893266":{"code":15893266,"name":"FORMER","p":3,"type":15893266},"Q24017414":{"code":24017414,"name":"MISC","p":3,"type":24017414},"Q183039":{"code":183039,"name":"COUNTRY","p":3,"type":183039},"Q56061":{"code":56061,"name":"admin","p":3,"type":56061},"Q486972":{"code":486972,"name":"settled","p":3,"type":486972},"Q51041800":{"code":51041800,"name":"religious","p":3,"type":51041800},"Q2221906":{"code":2221906,"name":"geo","p":3,"type":2221906},"Q19953632":{"code":19953632,"name":"former admin","p":15893266,"type":19953632},"Q25894868":{"code":25894868,"name":"place type","p":24017414,"type":25894868},"Q23442":{"code":23442,"name":"island","p":25894868,"type":23442},"Q15617994":{"code":15617994,"name":"designation for an administrative territorial entity","p":24017414,"type":15617994},"Q6256":{"code":6256,"name":"country","p":183039,"type":6256},"Q3024240":{"code":3024240,"name":"historical country","p":19953632,"type":3024240},"Q515":{"code":515,"name":"city","p":486972,"type":515},"Q15284":{"code":15284,"name":"municipality","p":486972,"type":15284},"Q98966309":{"code":98966309,"name":"classification of human settlements","p":486972,"type":98966309},"Q7930989":{"code":7930989,"name":"city or town","p":486972,"type":7930989},"Q20926517":{"code":20926517,"name":"religious administrative territorial entity","p":51041800,"type":20926517},"Q665487":{"code":665487,"name":"diocese","p":20926517,"type":665487},"Q618123":{"code":618123,"name":"geographical feature","p":2221906,"type":618123},"Q82794":{"code":82794,"name":"geographic region","p":618123,"type":82794},"Q205895":{"code":205895,"name":"landmass","p":82794,"type":205895},"Q4835091":{"code":4835091,"name":"territory","p":82794,"type":4835091},"Q33837":{"code":33837,"name":"archipelago","p":205895,"type":33837},"Q61878":{"code":61878,"name":"barangay","p":486972,"type":61878},"Q149621":{"code":149621,"name":"district","p":15617994,"type":149621},"Q200250":{"code":200250,"name":"metropolis","p":486972,"type":200250},"Q1062177":{"code":1062177,"name":"capital region","p":4835091,"type":1062177},"Q1074523":{"code":1074523,"name":"planned community","p":486972,"type":1074523},"Q1402592":{"code":1402592,"name":"island group","p":82794,"type":1402592},"Q1422929":{"code":1422929,"name":"primate city","p":515,"type":1422929},"Q1549591":{"code":1549591,"name":"big city","p":98966309,"type":1549591},"Q207524":{"code":207524,"name":"islet","p":23442,"type":207524},"Q373074":{"code":373074,"name":"suffragan diocese","p":15617994,"type":373074},"Q1637706":{"code":1637706,"name":"million city","p":1549591,"type":1637706},"Q1907114":{"code":1907114,"name":"metropolitan area","p":56061,"type":1907114},"Q2198484":{"code":2198484,"name":"municipal district","p":56061,"type":2198484},"Q3146899":{"code":3146899,"name":"diocese of the Catholic Church","p":665487,"type":3146899},"Q3624078":{"code":3624078,"name":"sovereign state","p":6256,"type":3624078},"Q19730508":{"code":19730508,"name":"former municipality","p":15284,"type":19730508},"Q112918617":{"code":112918617,"name":"former province of the Philippines","p":19953632,"type":112918617},"Q105388829":{"code":105388829,"name":"Latin Catholic diocese","p":20926517,"type":105388829},"Q782614":{"code":782614,"name":"autonomous region","p":15617994,"type":782614},"Q4286337":{"code":4286337,"name":"city district","p":56061,"type":4286337},"Q6083496":{"code":6083496,"name":"island group of the Philippines","p":1402592,"type":6083496},"Q50330360":{"code":50330360,"name":"second largest city","p":7930989,"type":50330360},"Q51929311":{"code":51929311,"name":"largest city","p":7930989,"type":51929311},"Q-3":{"code":-3,"name":"UNLINKED","p":3,"type":-3},"Q3918":{"code":3918,"name":"university (Q3918)","p":-3,"type":3918},"Q24698":{"code":24698,"name":"region of the Philippines (Q24698)","p":-3,"type":24698},"Q24746":{"code":24746,"name":"province of the Philippines (Q24746)","p":-3,"type":24746},"Q24764":{"code":24764,"name":"municipality of the Philippines (Q24764)","p":-3,"type":24764},"Q174844":{"code":174844,"name":"megacity (Q174844)","p":-3,"type":174844},"Q202509":{"code":202509,"name":"Chinatown (Q202509)","p":-3,"type":202509},"Q96020121":{"code":96020121,"name":"congressional district of the Philippines (Q96020121)","p":-3,"type":96020121},"Q2633744":{"code":2633744,"name":"territorial prelature (Q2633744)","p":-3,"type":2633744},"Q2668072":{"code":2668072,"name":"collection (Q2668072)","p":-3,"type":2668072},"Q15042037":{"code":15042037,"name":"statistical territorial entity (Q15042037)","p":-3,"type":15042037},"Q15634883":{"code":15634883,"name":"district of Manila (Q15634883)","p":-3,"type":15634883},"Q55007345":{"code":55007345,"name":"sub-province of the Philippines (Q55007345)","p":-3,"type":55007345},"Q106078286":{"code":106078286,"name":"component city (Q106078286)","p":-3,"type":106078286},"Q106079704":{"code":106079704,"name":"independent component city (Q106079704)","p":-3,"type":106079704},"Q108178728":{"code":108178728,"name":"national capital (Q108178728)","p":-3,"type":108178728},"Q105390172":{"code":105390172,"name":"Roman Catholic metropolitan archdiocese (Q105390172)","p":-3,"type":105390172},"Q620225":{"code":620225,"name":"apostolic vicariate (Q620225)","p":-3,"type":620225},"Q652541":{"code":652541,"name":"poblacion (Q652541)","p":-3,"type":652541},"Q4858354":{"code":4858354,"name":"barangay (Q4858354)","p":-3,"type":4858354},"Q5283507":{"code":5283507,"name":"district of Davao City (Q5283507)","p":-3,"type":5283507},"Q7450077":{"code":7450077,"name":"senatorial district of the Philippines (Q7450077)","p":-3,"type":7450077},"Q13107770":{"code":13107770,"name":"archipelagic state (Q13107770)","p":-3,"type":13107770},"Q29946056":{"code":29946056,"name":"highly urbanized city (Q29946056)","p":-3,"type":29946056}}