{"Q3":{"code":3,"name":"ROOT","type":634},"Q15893266":{"code":15893266,"name":"FORMER","p":3,"type":15893266},"Q24017414":{"code":24017414,"name":"MISC","p":3,"type":24017414},"Q183039":{"code":183039,"name":"COUNTRY","p":3,"type":183039},"Q56061":{"code":56061,"name":"admin","p":3,"type":56061},"Q486972":{"code":486972,"name":"settled","p":3,"type":486972},"Q2625603":{"code":2625603,"name":"population","p":3,"type":2625603},"Q51041800":{"code":51041800,"name":"religious","p":3,"type":51041800},"Q659390":{"code":659390,"name":"construct","p":3,"type":659390},"Q104098715":{"code":104098715,"name":"territorial entity type","p":3,"type":104098715},"Q2221906":{"code":2221906,"name":"geo","p":3,"type":2221906},"Q19953632":{"code":19953632,"name":"former admin","p":15893266,"type":19953632},"Q5962346":{"code":5962346,"name":"classification system","p":24017414,"type":5962346},"Q11834037":{"code":11834037,"name":"physico-geographical regionalization","p":5962346,"type":11834037},"Q25894868":{"code":25894868,"name":"place type","p":24017414,"type":25894868},"Q41710":{"code":41710,"name":"ethnic group","p":24017414,"type":41710},"Q23442":{"code":23442,"name":"island","p":25894868,"type":23442},"Q15617994":{"code":15617994,"name":"designation for an administrative territorial entity","p":24017414,"type":15617994},"Q111972893":{"code":111972893,"name":"type of structure","p":24017414,"type":111972893},"Q811979":{"code":811979,"name":"architectural structure","p":111972893,"type":811979},"Q41176":{"code":41176,"name":"building","p":811979,"type":41176},"Q96084375":{"code":96084375,"name":"former building or structure","p":41176,"type":96084375},"Q12292478":{"code":12292478,"name":"estate","p":811979,"type":12292478},"Q875157":{"code":875157,"name":"resort","p":12292478,"type":875157},"Q699405":{"code":699405,"name":"residence","p":811979,"type":699405},"Q5890494":{"code":5890494,"name":"homestead","p":699405,"type":5890494},"Q11755880":{"code":11755880,"name":"residential building","p":699405,"type":11755880},"Q113489728":{"code":113489728,"name":"OECD country","p":183039,"type":113489728},"Q1307214":{"code":1307214,"name":"form of government","p":183039,"type":1307214},"Q6256":{"code":6256,"name":"country","p":183039,"type":6256},"Q171308":{"code":171308,"name":"oblast","p":56061,"type":171308},"Q15621274":{"code":15621274,"name":"enclave or exclave","p":56061,"type":15621274},"Q3024240":{"code":3024240,"name":"historical country","p":19953632,"type":3024240},"Q12076836":{"code":12076836,"name":"of a single country","p":56061,"type":12076836},"Q2520520":{"code":2520520,"name":"administrative territorial entity of Hungary","p":12076836,"type":2520520},"Q697379":{"code":697379,"name":"administrative territorial entity of Romania","p":12076836,"type":697379},"Q15620181":{"code":15620181,"name":"administrative territorial entity of Estonia","p":12076836,"type":15620181},"Q1799794":{"code":1799794,"name":"By level","p":56061,"type":1799794},"Q788176":{"code":788176,"name":"autonomous administrative territorial entity","p":56061,"type":788176},"Q10864048":{"code":10864048,"name":"A1","p":1799794,"type":10864048},"Q13220204":{"code":13220204,"name":"A2","p":1799794,"type":13220204},"Q13221722":{"code":13221722,"name":"A3","p":1799794,"type":13221722},"Q14757767":{"code":14757767,"name":"A4","p":1799794,"type":14757767},"Q4976993":{"code":4976993,"name":"civil parish","p":14757767,"type":4976993},"Q7275":{"code":7275,"name":"state","p":56061,"type":7275},"Q702492":{"code":702492,"name":"urban area","p":486972,"type":702492},"Q515":{"code":515,"name":"city","p":486972,"type":515},"Q532":{"code":532,"name":"village","p":486972,"type":532},"Q618299":{"code":618299,"name":"settlement","p":486972,"type":618299},"Q15284":{"code":15284,"name":"municipality","p":486972,"type":15284},"Q15253706":{"code":15253706,"name":"like a city","p":486972,"type":15253706},"Q244793":{"code":244793,"name":"twin cities","p":486972,"type":244793},"Q676050":{"code":676050,"name":"old town","p":486972,"type":676050},"Q1782540":{"code":1782540,"name":"railway town","p":486972,"type":1782540},"Q98966309":{"code":98966309,"name":"classification of human settlements","p":486972,"type":98966309},"Q7930989":{"code":7930989,"name":"city or town","p":486972,"type":7930989},"Q33829":{"code":33829,"name":"human population","p":2625603,"type":33829},"Q1492823":{"code":1492823,"name":"ecclesiastical district","p":51041800,"type":1492823},"Q20926517":{"code":20926517,"name":"religious administrative territorial entity","p":51041800,"type":20926517},"Q665487":{"code":665487,"name":"diocese","p":20926517,"type":665487},"Q471855":{"code":471855,"name":"jurisdiction","p":659390,"type":471855},"Q2665272":{"code":2665272,"name":"Ecclesiastical circumscription immediately subject to the Holy See","p":471855,"type":2665272},"Q618123":{"code":618123,"name":"geographical feature","p":2221906,"type":618123},"Q1291195":{"code":1291195,"name":"place of discovery","p":618123,"type":1291195},"Q82794":{"code":82794,"name":"geographic region","p":618123,"type":82794},"Q106589819":{"code":106589819,"name":"elevation","p":618123,"type":106589819},"Q74817647":{"code":74817647,"name":"aspect in a geographic region","p":82794,"type":74817647},"Q205895":{"code":205895,"name":"landmass","p":82794,"type":205895},"Q183366":{"code":183366,"name":"territory","p":82794,"type":183366},"Q4835091":{"code":4835091,"name":"territory","p":82794,"type":4835091},"Q15642541":{"code":15642541,"name":"human-geographic territorial entity","p":183366,"type":15642541},"Q33837":{"code":33837,"name":"archipelago","p":205895,"type":33837},"Q61878":{"code":61878,"name":"barangay","p":486972,"type":61878},"Q83828":{"code":83828,"name":"ethnic group in Indonesia","p":41710,"type":83828},"Q1422929":{"code":1422929,"name":"primate city","p":515,"type":1422929},"Q1549591":{"code":1549591,"name":"big city","p":98966309,"type":1549591},"Q620225":{"code":620225,"name":"apostolic vicariate","p":15617994,"type":620225},"Q782614":{"code":782614,"name":"autonomous region","p":15617994,"type":782614},"Q1402592":{"code":1402592,"name":"island group","p":82794,"type":1402592},"Q149621":{"code":149621,"name":"district","p":15617994,"type":149621},"Q200250":{"code":200250,"name":"metropolis","p":486972,"type":200250},"Q207524":{"code":207524,"name":"islet","p":23442,"type":207524},"Q373074":{"code":373074,"name":"suffragan diocese","p":15617994,"type":373074},"Q1062177":{"code":1062177,"name":"capital region","p":4835091,"type":1062177},"Q1074523":{"code":1074523,"name":"planned community","p":486972,"type":1074523},"Q1637706":{"code":1637706,"name":"million city","p":1549591,"type":1637706},"Q1907114":{"code":1907114,"name":"metropolitan area","p":56061,"type":1907114},"Q2198484":{"code":2198484,"name":"municipal district","p":56061,"type":2198484},"Q3146899":{"code":3146899,"name":"diocese of the Catholic Church","p":665487,"type":3146899},"Q6083496":{"code":6083496,"name":"island group of the Philippines","p":1402592,"type":6083496},"Q19730508":{"code":19730508,"name":"former municipality","p":15284,"type":19730508},"Q50330360":{"code":50330360,"name":"second largest city","p":7930989,"type":50330360},"Q51929311":{"code":51929311,"name":"largest city","p":7930989,"type":51929311},"Q3624078":{"code":3624078,"name":"sovereign state","p":6256,"type":3624078},"Q4286337":{"code":4286337,"name":"city district","p":56061,"type":4286337},"Q105388829":{"code":105388829,"name":"Latin Catholic diocese","p":20926517,"type":105388829},"Q112918617":{"code":112918617,"name":"former province of the Philippines","p":19953632,"type":112918617},"Q-1":{"code":-1,"name":"INVALID","p":3,"type":-1},"Q-2":{"code":-2,"name":"EXCLUDED","p":3,"type":-2},"Q3957":{"code":3957,"name":"town (Q3957)","p":-1,"type":3957},"Q5119":{"code":5119,"name":"capital city (Q5119)","p":-1,"type":5119},"Q30103":{"code":30103,"name":"minority group (Q30103)","p":-1,"type":30103},"Q38723":{"code":38723,"name":"higher education institution (Q38723)","p":-1,"type":38723},"Q104157":{"code":104157,"name":"city of the Philippines (Q104157)","p":-1,"type":104157},"Q112099":{"code":112099,"name":"island nation (Q112099)","p":-1,"type":112099},"Q123705":{"code":123705,"name":"neighborhood (Q123705)","p":-1,"type":123705},"Q192611":{"code":192611,"name":"electoral district (Q192611)","p":-1,"type":192611},"Q1063239":{"code":1063239,"name":"polity (Q1063239)","p":-1,"type":1063239},"Q1128340":{"code":1128340,"name":"subject heading (Q1128340)","p":-1,"type":1128340},"Q1350310":{"code":1350310,"name":"administrative territorial entity of the Philippines (Q1350310)","p":-1,"type":1350310},"Q3397335":{"code":3397335,"name":"legislative districts of the Philippines (Q3397335)","p":-1,"type":3397335},"Q3610510":{"code":3610510,"name":"ethnic enclave (Q3610510)","p":-1,"type":3610510},"Q3702971":{"code":3702971,"name":"personal data (Q3702971)","p":-2,"type":3702971},"Q15709883":{"code":15709883,"name":"statistical definition (Q15709883)","p":-1,"type":15709883},"Q28872924":{"code":28872924,"name":"designation for an administrative territorial entity of a single country (Q28872924)","p":-1,"type":28872924},"Q111737478":{"code":111737478,"name":"catholic ecclesiastical district (Q111737478)","p":-1,"type":111737478},"Q-3":{"code":-3,"name":"UNLINKED","p":3,"type":-3},"Q3918":{"code":3918,"name":"university (Q3918)","p":-3,"type":3918},"Q24698":{"code":24698,"name":"region of the Philippines (Q24698)","p":-3,"type":24698},"Q24746":{"code":24746,"name":"province of the Philippines (Q24746)","p":-3,"type":24746},"Q24764":{"code":24764,"name":"municipality of the Philippines (Q24764)","p":-3,"type":24764},"Q103817":{"code":103817,"name":"indigenous people (Q103817)","p":-3,"type":103817},"Q652541":{"code":652541,"name":"poblacion (Q652541)","p":-3,"type":652541},"Q174844":{"code":174844,"name":"megacity (Q174844)","p":-3,"type":174844},"Q202509":{"code":202509,"name":"Chinatown (Q202509)","p":-3,"type":202509},"Q2633744":{"code":2633744,"name":"territorial prelature (Q2633744)","p":-3,"type":2633744},"Q2668072":{"code":2668072,"name":"collection (Q2668072)","p":-3,"type":2668072},"Q7450077":{"code":7450077,"name":"senatorial district of the Philippines (Q7450077)","p":-3,"type":7450077},"Q13107770":{"code":13107770,"name":"archipelagic state (Q13107770)","p":-3,"type":13107770},"Q15042037":{"code":15042037,"name":"statistical territorial entity (Q15042037)","p":-3,"type":15042037},"Q15634883":{"code":15634883,"name":"district of Manila (Q15634883)","p":-3,"type":15634883},"Q29946056":{"code":29946056,"name":"highly urbanized city (Q29946056)","p":-3,"type":29946056},"Q55007345":{"code":55007345,"name":"sub-province of the Philippines (Q55007345)","p":-3,"type":55007345},"Q96020121":{"code":96020121,"name":"congressional district of the Philippines (Q96020121)","p":-3,"type":96020121},"Q4858354":{"code":4858354,"name":"barangay (Q4858354)","p":-3,"type":4858354},"Q5283507":{"code":5283507,"name":"district of Davao City (Q5283507)","p":-3,"type":5283507},"Q105390172":{"code":105390172,"name":"Roman Catholic metropolitan archdiocese (Q105390172)","p":-3,"type":105390172},"Q106078286":{"code":106078286,"name":"component city (Q106078286)","p":-3,"type":106078286},"Q106079704":{"code":106079704,"name":"independent component city (Q106079704)","p":-3,"type":106079704},"Q108178728":{"code":108178728,"name":"national capital (Q108178728)","p":-3,"type":108178728}}