{"Q3":{"code":3,"name":"ROOT","type":634},"Q15893266":{"code":15893266,"name":"FORMER","p":3,"type":15893266},"Q24017414":{"code":24017414,"name":"MISC","p":3,"type":24017414},"Q183039":{"code":183039,"name":"COUNTRY","p":3,"type":183039},"Q56061":{"code":56061,"name":"admin","p":3,"type":56061},"Q486972":{"code":486972,"name":"settled","p":3,"type":486972},"Q2625603":{"code":2625603,"name":"population","p":3,"type":2625603},"Q51041800":{"code":51041800,"name":"religious","p":3,"type":51041800},"Q19953632":{"code":19953632,"name":"former admin","p":15893266,"type":19953632},"Q25894868":{"code":25894868,"name":"place type","p":24017414,"type":25894868},"Q41710":{"code":41710,"name":"ethnic group","p":24017414,"type":41710},"Q23442":{"code":23442,"name":"island","p":25894868,"type":23442},"Q6256":{"code":6256,"name":"country","p":183039,"type":6256},"Q515":{"code":515,"name":"city","p":486972,"type":515},"Q532":{"code":532,"name":"village","p":486972,"type":532},"Q98966309":{"code":98966309,"name":"classification of human settlements","p":486972,"type":98966309},"Q7930989":{"code":7930989,"name":"city or town","p":486972,"type":7930989},"Q33829":{"code":33829,"name":"human population","p":2625603,"type":33829},"Q20926517":{"code":20926517,"name":"religious administrative territorial entity","p":51041800,"type":20926517},"Q665487":{"code":665487,"name":"diocese","p":20926517,"type":665487},"Q5119":{"code":5119,"name":"capital city","p":515,"type":5119},"Q3957":{"code":3957,"name":"town","p":98966309,"type":3957},"Q123705":{"code":123705,"name":"neighborhood","p":486972,"type":123705},"Q208511":{"code":208511,"name":"global city","p":515,"type":208511},"Q1066984":{"code":1066984,"name":"financial centre","p":208511,"type":1066984},"Q1549591":{"code":1549591,"name":"big city","p":98966309,"type":1549591},"Q1637706":{"code":1637706,"name":"million city","p":1549591,"type":1637706},"Q2264924":{"code":2264924,"name":"port settlement","p":515,"type":2264924},"Q3146899":{"code":3146899,"name":"diocese of the Catholic Church","p":665487,"type":3146899},"Q3624078":{"code":3624078,"name":"sovereign state","p":6256,"type":3624078},"Q11271835":{"code":11271835,"name":"state capital","p":5119,"type":11271835},"Q50330360":{"code":50330360,"name":"second largest city","p":7930989,"type":50330360},"Q51929311":{"code":51929311,"name":"largest city","p":7930989,"type":51929311},"Q-3":{"code":-3,"name":"UNLINKED","p":3,"type":-3},"Q188509":{"code":188509,"name":"suburb (Q188509)","p":-3,"type":188509},"Q212057":{"code":212057,"name":"shield volcano (Q212057)","p":-3,"type":212057},"Q191093":{"code":191093,"name":"province of South Africa (Q191093)","p":-3,"type":191093},"Q519630":{"code":519630,"name":"South African township (Q519630)","p":-3,"type":519630},"Q620225":{"code":620225,"name":"apostolic vicariate (Q620225)","p":-3,"type":620225},"Q1500352":{"code":1500352,"name":"local municipality (Q1500352)","p":-3,"type":1500352},"Q1530824":{"code":1530824,"name":"metropolitan municipality (Q1530824)","p":-3,"type":1530824},"Q1589568":{"code":1589568,"name":"district municipality (Q1589568)","p":-3,"type":1589568},"Q15042037":{"code":15042037,"name":"statistical territorial entity (Q15042037)","p":-3,"type":15042037},"Q105390172":{"code":105390172,"name":"Roman Catholic metropolitan archdiocese (Q105390172)","p":-3,"type":105390172}}