{"Q3":{"code":3,"name":"ROOT","type":634},"Q24017414":{"code":24017414,"name":"MISC","p":3,"type":24017414},"Q183039":{"code":183039,"name":"COUNTRY","p":3,"type":183039},"Q56061":{"code":56061,"name":"admin","p":3,"type":56061},"Q486972":{"code":486972,"name":"settled","p":3,"type":486972},"Q51041800":{"code":51041800,"name":"religious","p":3,"type":51041800},"Q2221906":{"code":2221906,"name":"geo","p":3,"type":2221906},"Q41710":{"code":41710,"name":"ethnic group","p":24017414,"type":41710},"Q6256":{"code":6256,"name":"country","p":183039,"type":6256},"Q1799794":{"code":1799794,"name":"By level","p":56061,"type":1799794},"Q10864048":{"code":10864048,"name":"A1","p":1799794,"type":10864048},"Q515":{"code":515,"name":"city","p":486972,"type":515},"Q532":{"code":532,"name":"village","p":486972,"type":532},"Q98966309":{"code":98966309,"name":"classification of human settlements","p":486972,"type":98966309},"Q7930989":{"code":7930989,"name":"city or town","p":486972,"type":7930989},"Q20926517":{"code":20926517,"name":"religious administrative territorial entity","p":51041800,"type":20926517},"Q665487":{"code":665487,"name":"diocese","p":20926517,"type":665487},"Q618123":{"code":618123,"name":"geographical feature","p":2221906,"type":618123},"Q82794":{"code":82794,"name":"geographic region","p":618123,"type":82794},"Q3957":{"code":3957,"name":"town","p":98966309,"type":3957},"Q5119":{"code":5119,"name":"capital city","p":515,"type":5119},"Q192611":{"code":192611,"name":"electoral district","p":56061,"type":192611},"Q1549591":{"code":1549591,"name":"big city","p":98966309,"type":1549591},"Q902814":{"code":902814,"name":"border town","p":7930989,"type":902814},"Q2264924":{"code":2264924,"name":"port settlement","p":515,"type":2264924},"Q3146899":{"code":3146899,"name":"diocese of the Catholic Church","p":665487,"type":3146899},"Q2087773":{"code":2087773,"name":"region of Guyana","p":10864048,"type":2087773},"Q51929311":{"code":51929311,"name":"largest city","p":7930989,"type":51929311},"Q3624078":{"code":3624078,"name":"sovereign state","p":6256,"type":3624078},"Q-3":{"code":-3,"name":"UNLINKED","p":3,"type":-3},"Q103817":{"code":103817,"name":"indigenous people (Q103817)","p":-3,"type":103817},"Q199403":{"code":199403,"name":"tropical forest (Q199403)","p":-3,"type":199403}}