{"Q3":{"code":3,"name":"ROOT","type":634},"Q15893266":{"code":15893266,"name":"FORMER","p":3,"type":15893266},"Q24017414":{"code":24017414,"name":"MISC","p":3,"type":24017414},"Q183039":{"code":183039,"name":"COUNTRY","p":3,"type":183039},"Q56061":{"code":56061,"name":"admin","p":3,"type":56061},"Q486972":{"code":486972,"name":"settled","p":3,"type":486972},"Q2625603":{"code":2625603,"name":"population","p":3,"type":2625603},"Q51041800":{"code":51041800,"name":"religious","p":3,"type":51041800},"Q659390":{"code":659390,"name":"construct","p":3,"type":659390},"Q2221906":{"code":2221906,"name":"geo","p":3,"type":2221906},"Q25894868":{"code":25894868,"name":"place type","p":24017414,"type":25894868},"Q41710":{"code":41710,"name":"ethnic group","p":24017414,"type":41710},"Q23442":{"code":23442,"name":"island","p":25894868,"type":23442},"Q15617994":{"code":15617994,"name":"designation for an administrative territorial entity","p":24017414,"type":15617994},"Q1307214":{"code":1307214,"name":"form of government","p":183039,"type":1307214},"Q15621274":{"code":15621274,"name":"enclave or exclave","p":56061,"type":15621274},"Q515":{"code":515,"name":"city","p":486972,"type":515},"Q532":{"code":532,"name":"village","p":486972,"type":532},"Q15284":{"code":15284,"name":"municipality","p":486972,"type":15284},"Q98966309":{"code":98966309,"name":"classification of human settlements","p":486972,"type":98966309},"Q7930989":{"code":7930989,"name":"city or town","p":486972,"type":7930989},"Q33829":{"code":33829,"name":"human population","p":2625603,"type":33829},"Q20926517":{"code":20926517,"name":"religious administrative territorial entity","p":51041800,"type":20926517},"Q618123":{"code":618123,"name":"geographical feature","p":2221906,"type":618123},"Q1291195":{"code":1291195,"name":"place of discovery","p":618123,"type":1291195},"Q82794":{"code":82794,"name":"geographic region","p":618123,"type":82794},"Q205895":{"code":205895,"name":"landmass","p":82794,"type":205895},"Q4835091":{"code":4835091,"name":"territory","p":82794,"type":4835091},"Q3957":{"code":3957,"name":"town","p":98966309,"type":3957},"Q5084":{"code":5084,"name":"hamlet","p":15617994,"type":5084},"Q5119":{"code":5119,"name":"capital city","p":515,"type":5119},"Q6266":{"code":6266,"name":"nation","p":659390,"type":6266},"Q123705":{"code":123705,"name":"neighborhood","p":56061,"type":123705},"Q171441":{"code":171441,"name":"enclave","p":15621274,"type":171441},"Q13691":{"code":13691,"name":"artificial island","p":23442,"type":13691},"Q677678":{"code":677678,"name":"fortified town","p":515,"type":677678},"Q839954":{"code":839954,"name":"archaeological site","p":1291195,"type":839954},"Q196068":{"code":196068,"name":"lordship","p":15617994,"type":196068},"Q28337":{"code":28337,"name":"shoal","p":23442,"type":28337},"Q902814":{"code":902814,"name":"border town","p":7930989,"type":902814},"Q537981":{"code":537981,"name":"Angerdorf","p":532,"type":537981},"Q702081":{"code":702081,"name":"water board in the Netherlands","p":56061,"type":702081},"Q707813":{"code":707813,"name":"Hanseatic city","p":515,"type":707813},"Q734818":{"code":734818,"name":"condominium","p":1307214,"type":734818},"Q253019":{"code":253019,"name":"Ortsteil","p":123705,"type":253019},"Q329683":{"code":329683,"name":"industrial zone","p":82794,"type":329683},"Q373074":{"code":373074,"name":"suffragan diocese","p":15617994,"type":373074},"Q941150":{"code":941150,"name":"Plusregio","p":56061,"type":941150},"Q1021711":{"code":1021711,"name":"seaside resort","p":486972,"type":1021711},"Q1048835":{"code":1048835,"name":"political territorial entity","p":56061,"type":1048835},"Q34763":{"code":34763,"name":"peninsula","p":205895,"type":34763},"Q1484611":{"code":1484611,"name":"buurtschap","p":5084,"type":1484611},"Q1549591":{"code":1549591,"name":"big city","p":98966309,"type":1549591},"Q2983893":{"code":2983893,"name":"quarter","p":56061,"type":2983893},"Q2473740":{"code":2473740,"name":"kerkdorp","p":532,"type":2473740},"Q2779745":{"code":2779745,"name":"urban district of the Netherlands","p":2983893,"type":2779745},"Q2795367":{"code":2795367,"name":"neighborhood in Utrecht","p":123705,"type":2795367},"Q7268568":{"code":7268568,"name":"former grietenij","p":15284,"type":7268568},"Q1065592":{"code":1065592,"name":"desert island","p":23442,"type":1065592},"Q1392581":{"code":1392581,"name":"cycling city","p":7930989,"type":1392581},"Q1402592":{"code":1402592,"name":"island group","p":82794,"type":1402592},"Q10594991":{"code":10594991,"name":"nature area","p":4835091,"type":10594991},"Q13539802":{"code":13539802,"name":"place with town rights and privileges","p":15284,"type":13539802},"Q74047":{"code":74047,"name":"ghost town","p":98966309,"type":74047},"Q15303838":{"code":15303838,"name":"municipality seat","p":5119,"type":15303838},"Q1870237":{"code":1870237,"name":"construction island","p":13691,"type":1870237},"Q1907114":{"code":1907114,"name":"metropolitan area","p":56061,"type":1907114},"Q2039348":{"code":2039348,"name":"municipality of the Netherlands","p":15284,"type":2039348},"Q15661340":{"code":15661340,"name":"ancient city","p":515,"type":15661340},"Q26934845":{"code":26934845,"name":"integral overseas territory","p":56061,"type":26934845},"Q40357935":{"code":40357935,"name":"historic village","p":56061,"type":40357935},"Q50330360":{"code":50330360,"name":"second largest city","p":7930989,"type":50330360},"Q51929311":{"code":51929311,"name":"largest city","p":7930989,"type":51929311},"Q52103661":{"code":52103661,"name":"former island","p":23442,"type":52103661},"Q105388829":{"code":105388829,"name":"Latin Catholic diocese","p":20926517,"type":105388829},"Q83828":{"code":83828,"name":"ethnic group in Indonesia","p":41710,"type":83828},"Q17152565":{"code":17152565,"name":"international zone","p":56061,"type":17152565},"Q106259":{"code":106259,"name":"polder","p":82794,"type":106259},"Q2202509":{"code":2202509,"name":"Roman city","p":15661340,"type":2202509},"Q2264924":{"code":2264924,"name":"port settlement","p":515,"type":2264924},"Q19730508":{"code":19730508,"name":"former municipality","p":15284,"type":19730508},"Q22674925":{"code":22674925,"name":"former settlement","p":98966309,"type":22674925},"Q20616831":{"code":20616831,"name":"flooded village","p":22674925,"type":20616831},"Q-3":{"code":-3,"name":"UNLINKED","p":3,"type":-3},"Q164142":{"code":164142,"name":"protectorate (Q164142)","p":-3,"type":164142},"Q134390":{"code":134390,"name":"province of the Netherlands (Q134390)","p":-3,"type":134390},"Q194195":{"code":194195,"name":"amusement park (Q194195)","p":-3,"type":194195},"Q674950":{"code":674950,"name":"residential area (Q674950)","p":-3,"type":674950},"Q43229":{"code":43229,"name":"organization (Q43229)","p":-3,"type":43229},"Q756102":{"code":756102,"name":"open-air museum (Q756102)","p":-3,"type":756102},"Q44613":{"code":44613,"name":"monastery (Q44613)","p":-3,"type":44613},"Q505681":{"code":505681,"name":"linear village (Q505681)","p":-3,"type":505681},"Q543813":{"code":543813,"name":"Reichskommissariat (Q543813)","p":-3,"type":543813},"Q231002":{"code":231002,"name":"nationality (Q231002)","p":-3,"type":231002},"Q44782":{"code":44782,"name":"port (Q44782)","p":-3,"type":44782},"Q2281788":{"code":2281788,"name":"public aquarium (Q2281788)","p":-3,"type":2281788},"Q2472587":{"code":2472587,"name":"people (Q2472587)","p":-3,"type":2472587},"Q2742167":{"code":2742167,"name":"religious community (Q2742167)","p":-3,"type":2742167},"Q1778846":{"code":1778846,"name":"military training area (Q1778846)","p":-3,"type":1778846},"Q3175539":{"code":3175539,"name":"Larger Urban Zones (Q3175539)","p":-3,"type":3175539},"Q3648563":{"code":3648563,"name":"public body of the Netherlands (Q3648563)","p":-3,"type":3648563},"Q6031029":{"code":6031029,"name":"information centre (Q6031029)","p":-3,"type":6031029},"Q79007":{"code":79007,"name":"street (Q79007)","p":-3,"type":79007},"Q15079751":{"code":15079751,"name":"borough of Amsterdam (Q15079751)","p":-3,"type":15079751},"Q1808877":{"code":1808877,"name":"deelgemeente (Q1808877)","p":-3,"type":1808877},"Q1852859":{"code":1852859,"name":"cadastral populated place in the Netherlands (Q1852859)","p":-3,"type":1852859},"Q105390172":{"code":105390172,"name":"Roman Catholic metropolitan archdiocese (Q105390172)","p":-3,"type":105390172},"Q456579":{"code":456579,"name":"No label (Q456579)","p":-3,"type":456579},"Q2143825":{"code":2143825,"name":"hiking trail (Q2143825)","p":-3,"type":2143825},"Q17334923":{"code":17334923,"name":"physical location (Q17334923)","p":-3,"type":17334923},"Q2195811":{"code":2195811,"name":"titular city (Q2195811)","p":-3,"type":2195811}}