{"Q3":{"code":3,"name":"ROOT","type":634},"Q15893266":{"code":15893266,"name":"FORMER","p":3,"type":15893266},"Q24017414":{"code":24017414,"name":"MISC","p":3,"type":24017414},"Q183039":{"code":183039,"name":"COUNTRY","p":3,"type":183039},"Q56061":{"code":56061,"name":"admin","p":3,"type":56061},"Q486972":{"code":486972,"name":"settled","p":3,"type":486972},"Q2625603":{"code":2625603,"name":"population","p":3,"type":2625603},"Q51041800":{"code":51041800,"name":"religious","p":3,"type":51041800},"Q659390":{"code":659390,"name":"construct","p":3,"type":659390},"Q104098715":{"code":104098715,"name":"territorial entity type","p":3,"type":104098715},"Q2221906":{"code":2221906,"name":"geo","p":3,"type":2221906},"Q19953632":{"code":19953632,"name":"former admin","p":15893266,"type":19953632},"Q5962346":{"code":5962346,"name":"classification system","p":24017414,"type":5962346},"Q11834037":{"code":11834037,"name":"physico-geographical regionalization","p":5962346,"type":11834037},"Q25894868":{"code":25894868,"name":"place type","p":24017414,"type":25894868},"Q41710":{"code":41710,"name":"ethnic group","p":24017414,"type":41710},"Q23442":{"code":23442,"name":"island","p":25894868,"type":23442},"Q15617994":{"code":15617994,"name":"designation for an administrative territorial entity","p":24017414,"type":15617994},"Q111972893":{"code":111972893,"name":"type of structure","p":24017414,"type":111972893},"Q811979":{"code":811979,"name":"architectural structure","p":111972893,"type":811979},"Q41176":{"code":41176,"name":"building","p":811979,"type":41176},"Q96084375":{"code":96084375,"name":"former building or structure","p":41176,"type":96084375},"Q12292478":{"code":12292478,"name":"estate","p":811979,"type":12292478},"Q875157":{"code":875157,"name":"resort","p":12292478,"type":875157},"Q699405":{"code":699405,"name":"residence","p":811979,"type":699405},"Q5890494":{"code":5890494,"name":"homestead","p":699405,"type":5890494},"Q11755880":{"code":11755880,"name":"residential building","p":699405,"type":11755880},"Q113489728":{"code":113489728,"name":"OECD country","p":183039,"type":113489728},"Q1307214":{"code":1307214,"name":"form of government","p":183039,"type":1307214},"Q6256":{"code":6256,"name":"country","p":183039,"type":6256},"Q171308":{"code":171308,"name":"oblast","p":56061,"type":171308},"Q15621274":{"code":15621274,"name":"enclave or exclave","p":56061,"type":15621274},"Q3024240":{"code":3024240,"name":"historical country","p":19953632,"type":3024240},"Q12076836":{"code":12076836,"name":"of a single country","p":56061,"type":12076836},"Q2520520":{"code":2520520,"name":"administrative territorial entity of Hungary","p":12076836,"type":2520520},"Q697379":{"code":697379,"name":"administrative territorial entity of Romania","p":12076836,"type":697379},"Q15620181":{"code":15620181,"name":"administrative territorial entity of Estonia","p":12076836,"type":15620181},"Q1799794":{"code":1799794,"name":"By level","p":56061,"type":1799794},"Q788176":{"code":788176,"name":"autonomous administrative territorial entity","p":56061,"type":788176},"Q10864048":{"code":10864048,"name":"A1","p":1799794,"type":10864048},"Q13220204":{"code":13220204,"name":"A2","p":1799794,"type":13220204},"Q13221722":{"code":13221722,"name":"A3","p":1799794,"type":13221722},"Q14757767":{"code":14757767,"name":"A4","p":1799794,"type":14757767},"Q4976993":{"code":4976993,"name":"civil parish","p":14757767,"type":4976993},"Q7275":{"code":7275,"name":"state","p":56061,"type":7275},"Q702492":{"code":702492,"name":"urban area","p":486972,"type":702492},"Q515":{"code":515,"name":"city","p":486972,"type":515},"Q532":{"code":532,"name":"village","p":486972,"type":532},"Q618299":{"code":618299,"name":"settlement","p":486972,"type":618299},"Q15284":{"code":15284,"name":"municipality","p":486972,"type":15284},"Q15253706":{"code":15253706,"name":"like a city","p":486972,"type":15253706},"Q244793":{"code":244793,"name":"twin cities","p":486972,"type":244793},"Q676050":{"code":676050,"name":"old town","p":486972,"type":676050},"Q1782540":{"code":1782540,"name":"railway town","p":486972,"type":1782540},"Q98966309":{"code":98966309,"name":"classification of human settlements","p":486972,"type":98966309},"Q7930989":{"code":7930989,"name":"city or town","p":486972,"type":7930989},"Q33829":{"code":33829,"name":"human population","p":2625603,"type":33829},"Q1492823":{"code":1492823,"name":"ecclesiastical district","p":51041800,"type":1492823},"Q20926517":{"code":20926517,"name":"religious administrative territorial entity","p":51041800,"type":20926517},"Q665487":{"code":665487,"name":"diocese","p":20926517,"type":665487},"Q471855":{"code":471855,"name":"jurisdiction","p":659390,"type":471855},"Q2665272":{"code":2665272,"name":"Ecclesiastical circumscription immediately subject to the Holy See","p":471855,"type":2665272},"Q618123":{"code":618123,"name":"geographical feature","p":2221906,"type":618123},"Q1291195":{"code":1291195,"name":"place of discovery","p":618123,"type":1291195},"Q82794":{"code":82794,"name":"geographic region","p":618123,"type":82794},"Q106589819":{"code":106589819,"name":"elevation","p":618123,"type":106589819},"Q74817647":{"code":74817647,"name":"aspect in a geographic region","p":82794,"type":74817647},"Q205895":{"code":205895,"name":"landmass","p":82794,"type":205895},"Q183366":{"code":183366,"name":"territory","p":82794,"type":183366},"Q4835091":{"code":4835091,"name":"territory","p":82794,"type":4835091},"Q15642541":{"code":15642541,"name":"human-geographic territorial entity","p":183366,"type":15642541},"Q3957":{"code":3957,"name":"town","p":98966309,"type":3957},"Q5119":{"code":5119,"name":"capital city","p":515,"type":5119},"Q5084":{"code":5084,"name":"hamlet","p":15617994,"type":5084},"Q6266":{"code":6266,"name":"nation","p":659390,"type":6266},"Q537981":{"code":537981,"name":"Angerdorf","p":532,"type":537981},"Q13691":{"code":13691,"name":"artificial island","p":23442,"type":13691},"Q34763":{"code":34763,"name":"peninsula","p":205895,"type":34763},"Q28337":{"code":28337,"name":"shoal","p":23442,"type":28337},"Q74047":{"code":74047,"name":"ghost town","p":98966309,"type":74047},"Q83828":{"code":83828,"name":"ethnic group in Indonesia","p":41710,"type":83828},"Q171441":{"code":171441,"name":"enclave","p":15621274,"type":171441},"Q1484611":{"code":1484611,"name":"buurtschap","p":5084,"type":1484611},"Q329683":{"code":329683,"name":"industrial zone","p":82794,"type":329683},"Q373074":{"code":373074,"name":"suffragan diocese","p":15617994,"type":373074},"Q1549591":{"code":1549591,"name":"big city","p":98966309,"type":1549591},"Q106259":{"code":106259,"name":"polder","p":82794,"type":106259},"Q123705":{"code":123705,"name":"neighborhood","p":486972,"type":123705},"Q1870237":{"code":1870237,"name":"construction island","p":13691,"type":1870237},"Q1907114":{"code":1907114,"name":"metropolitan area","p":56061,"type":1907114},"Q253019":{"code":253019,"name":"Ortsteil","p":123705,"type":253019},"Q7268568":{"code":7268568,"name":"former grietenij","p":15284,"type":7268568},"Q196068":{"code":196068,"name":"lordship","p":15617994,"type":196068},"Q2473740":{"code":2473740,"name":"kerkdorp","p":532,"type":2473740},"Q677678":{"code":677678,"name":"fortified town","p":515,"type":677678},"Q702081":{"code":702081,"name":"water board in the Netherlands","p":56061,"type":702081},"Q2983893":{"code":2983893,"name":"quarter","p":56061,"type":2983893},"Q2779745":{"code":2779745,"name":"urban district of the Netherlands","p":2983893,"type":2779745},"Q2795367":{"code":2795367,"name":"neighborhood in Utrecht","p":123705,"type":2795367},"Q2039348":{"code":2039348,"name":"municipality of the Netherlands","p":15284,"type":2039348},"Q17152565":{"code":17152565,"name":"international zone","p":56061,"type":17152565},"Q13539802":{"code":13539802,"name":"place with town rights and privileges","p":15284,"type":13539802},"Q707813":{"code":707813,"name":"Hanseatic city","p":515,"type":707813},"Q734818":{"code":734818,"name":"condominium","p":1307214,"type":734818},"Q15303838":{"code":15303838,"name":"municipality seat","p":5119,"type":15303838},"Q15661340":{"code":15661340,"name":"ancient city","p":515,"type":15661340},"Q26934845":{"code":26934845,"name":"integral overseas territory","p":56061,"type":26934845},"Q40357935":{"code":40357935,"name":"historic village","p":56061,"type":40357935},"Q50330360":{"code":50330360,"name":"second largest city","p":7930989,"type":50330360},"Q51929311":{"code":51929311,"name":"largest city","p":7930989,"type":51929311},"Q839954":{"code":839954,"name":"archaeological site","p":1291195,"type":839954},"Q902814":{"code":902814,"name":"border town","p":7930989,"type":902814},"Q2202509":{"code":2202509,"name":"Roman city","p":15661340,"type":2202509},"Q2264924":{"code":2264924,"name":"port settlement","p":515,"type":2264924},"Q19730508":{"code":19730508,"name":"former municipality","p":15284,"type":19730508},"Q22674925":{"code":22674925,"name":"former settlement","p":98966309,"type":22674925},"Q20616831":{"code":20616831,"name":"flooded village","p":22674925,"type":20616831},"Q52103661":{"code":52103661,"name":"former island","p":23442,"type":52103661},"Q105388829":{"code":105388829,"name":"Latin Catholic diocese","p":20926517,"type":105388829},"Q941150":{"code":941150,"name":"Plusregio","p":56061,"type":941150},"Q1021711":{"code":1021711,"name":"seaside resort","p":486972,"type":1021711},"Q1048835":{"code":1048835,"name":"political territorial entity","p":56061,"type":1048835},"Q1065592":{"code":1065592,"name":"desert island","p":23442,"type":1065592},"Q1392581":{"code":1392581,"name":"cycling city","p":7930989,"type":1392581},"Q1402592":{"code":1402592,"name":"island group","p":82794,"type":1402592},"Q10594991":{"code":10594991,"name":"nature area","p":4835091,"type":10594991},"Q-1":{"code":-1,"name":"INVALID","p":3,"type":-1},"Q-2":{"code":-2,"name":"EXCLUDED","p":3,"type":-2},"Q34876":{"code":34876,"name":"province (Q34876)","p":-1,"type":34876},"Q35120":{"code":35120,"name":"entity (Q35120)","p":-1,"type":35120},"Q101072":{"code":101072,"name":"definition (Q101072)","p":-1,"type":101072},"Q151411":{"code":151411,"name":"designation (Q151411)","p":-1,"type":151411},"Q151885":{"code":151885,"name":"concept (Q151885)","p":-1,"type":151885},"Q161243":{"code":161243,"name":"dependent territory (Q161243)","p":-1,"type":161243},"Q570116":{"code":570116,"name":"tourist attraction (Q570116)","p":-1,"type":570116},"Q628179":{"code":628179,"name":"trail (Q628179)","p":-1,"type":628179},"Q874405":{"code":874405,"name":"social group (Q874405)","p":-1,"type":874405},"Q1165944":{"code":1165944,"name":"land use (Q1165944)","p":-1,"type":1165944},"Q1370598":{"code":1370598,"name":"structure of worship (Q1370598)","p":-1,"type":1370598},"Q2135465":{"code":2135465,"name":"legal concept (Q2135465)","p":-1,"type":2135465},"Q2516121":{"code":2516121,"name":"transport structure (Q2516121)","p":-1,"type":2516121},"Q2577883":{"code":2577883,"name":"occupied territory (Q2577883)","p":-1,"type":2577883},"Q2659904":{"code":2659904,"name":"government organization (Q2659904)","p":-1,"type":2659904},"Q2752458":{"code":2752458,"name":"administrative type (Q2752458)","p":-1,"type":2752458},"Q3702971":{"code":3702971,"name":"personal data (Q3702971)","p":-2,"type":3702971},"Q4286337":{"code":4286337,"name":"city district (Q4286337)","p":-1,"type":4286337},"Q4373292":{"code":4373292,"name":"physical property (Q4373292)","p":-1,"type":4373292},"Q4632675":{"code":4632675,"name":"dwelling place (Q4632675)","p":-1,"type":4632675},"Q11637434":{"code":11637434,"name":"military reservation (Q11637434)","p":-1,"type":11637434},"Q57659763":{"code":57659763,"name":"animal exhibition building (Q57659763)","p":-1,"type":57659763},"Q63982911":{"code":63982911,"name":"type of museum (Q63982911)","p":-1,"type":63982911},"Q111737478":{"code":111737478,"name":"catholic ecclesiastical district (Q111737478)","p":-1,"type":111737478},"Q-3":{"code":-3,"name":"UNLINKED","p":3,"type":-3},"Q543813":{"code":543813,"name":"Reichskommissariat (Q543813)","p":-3,"type":543813},"Q44613":{"code":44613,"name":"monastery (Q44613)","p":-3,"type":44613},"Q1778846":{"code":1778846,"name":"military training area (Q1778846)","p":-3,"type":1778846},"Q1808877":{"code":1808877,"name":"deelgemeente (Q1808877)","p":-3,"type":1808877},"Q43229":{"code":43229,"name":"organization (Q43229)","p":-3,"type":43229},"Q44782":{"code":44782,"name":"port (Q44782)","p":-3,"type":44782},"Q164142":{"code":164142,"name":"protectorate (Q164142)","p":-3,"type":164142},"Q505681":{"code":505681,"name":"linear village (Q505681)","p":-3,"type":505681},"Q1852859":{"code":1852859,"name":"cadastral populated place in the Netherlands (Q1852859)","p":-3,"type":1852859},"Q231002":{"code":231002,"name":"nationality (Q231002)","p":-3,"type":231002},"Q134390":{"code":134390,"name":"province of the Netherlands (Q134390)","p":-3,"type":134390},"Q194195":{"code":194195,"name":"amusement park (Q194195)","p":-3,"type":194195},"Q2742167":{"code":2742167,"name":"religious community (Q2742167)","p":-3,"type":2742167},"Q3648563":{"code":3648563,"name":"public body of the Netherlands (Q3648563)","p":-3,"type":3648563},"Q6031029":{"code":6031029,"name":"information centre (Q6031029)","p":-3,"type":6031029},"Q674950":{"code":674950,"name":"residential area (Q674950)","p":-3,"type":674950},"Q17334923":{"code":17334923,"name":"physical location (Q17334923)","p":-3,"type":17334923},"Q3175539":{"code":3175539,"name":"Larger Urban Zones (Q3175539)","p":-3,"type":3175539},"Q15079751":{"code":15079751,"name":"borough of Amsterdam (Q15079751)","p":-3,"type":15079751},"Q756102":{"code":756102,"name":"open-air museum (Q756102)","p":-3,"type":756102},"Q2195811":{"code":2195811,"name":"titular city (Q2195811)","p":-3,"type":2195811},"Q2281788":{"code":2281788,"name":"public aquarium (Q2281788)","p":-3,"type":2281788},"Q2472587":{"code":2472587,"name":"people (Q2472587)","p":-3,"type":2472587},"Q105390172":{"code":105390172,"name":"Roman Catholic metropolitan archdiocese (Q105390172)","p":-3,"type":105390172},"Q2143825":{"code":2143825,"name":"hiking trail (Q2143825)","p":-3,"type":2143825},"Q456579":{"code":456579,"name":"No label (Q456579)","p":-3,"type":456579}}