{"Q3":{"code":3,"name":"ROOT","type":634},"Q24017414":{"code":24017414,"name":"MISC","p":3,"type":24017414},"Q183039":{"code":183039,"name":"COUNTRY","p":3,"type":183039},"Q56061":{"code":56061,"name":"admin","p":3,"type":56061},"Q486972":{"code":486972,"name":"settled","p":3,"type":486972},"Q51041800":{"code":51041800,"name":"religious","p":3,"type":51041800},"Q2221906":{"code":2221906,"name":"geo","p":3,"type":2221906},"Q25894868":{"code":25894868,"name":"place type","p":24017414,"type":25894868},"Q41710":{"code":41710,"name":"ethnic group","p":24017414,"type":41710},"Q23442":{"code":23442,"name":"island","p":25894868,"type":23442},"Q15617994":{"code":15617994,"name":"designation for an administrative territorial entity","p":24017414,"type":15617994},"Q6256":{"code":6256,"name":"country","p":183039,"type":6256},"Q1799794":{"code":1799794,"name":"By level","p":56061,"type":1799794},"Q13220204":{"code":13220204,"name":"A2","p":1799794,"type":13220204},"Q14757767":{"code":14757767,"name":"A4","p":1799794,"type":14757767},"Q4976993":{"code":4976993,"name":"civil parish","p":14757767,"type":4976993},"Q515":{"code":515,"name":"city","p":486972,"type":515},"Q532":{"code":532,"name":"village","p":486972,"type":532},"Q15284":{"code":15284,"name":"municipality","p":486972,"type":15284},"Q98966309":{"code":98966309,"name":"classification of human settlements","p":486972,"type":98966309},"Q7930989":{"code":7930989,"name":"city or town","p":486972,"type":7930989},"Q20926517":{"code":20926517,"name":"religious administrative territorial entity","p":51041800,"type":20926517},"Q665487":{"code":665487,"name":"diocese","p":20926517,"type":665487},"Q618123":{"code":618123,"name":"geographical feature","p":2221906,"type":618123},"Q82794":{"code":82794,"name":"geographic region","p":618123,"type":82794},"Q205895":{"code":205895,"name":"landmass","p":82794,"type":205895},"Q3957":{"code":3957,"name":"town","p":98966309,"type":3957},"Q5119":{"code":5119,"name":"capital city","p":515,"type":5119},"Q5084":{"code":5084,"name":"hamlet","p":15617994,"type":5084},"Q102496":{"code":102496,"name":"parish","p":15617994,"type":102496},"Q1626455":{"code":1626455,"name":"parroquia","p":4976993,"type":1626455},"Q33837":{"code":33837,"name":"archipelago","p":205895,"type":33837},"Q1161185":{"code":1161185,"name":"high island","p":23442,"type":1161185},"Q1549591":{"code":1549591,"name":"big city","p":98966309,"type":1549591},"Q1637706":{"code":1637706,"name":"million city","p":1549591,"type":1637706},"Q3624078":{"code":3624078,"name":"sovereign state","p":6256,"type":3624078},"Q3146899":{"code":3146899,"name":"diocese of the Catholic Church","p":665487,"type":3146899},"Q3257686":{"code":3257686,"name":"locality","p":486972,"type":3257686},"Q902814":{"code":902814,"name":"border town","p":7930989,"type":902814},"Q26934845":{"code":26934845,"name":"integral overseas territory","p":56061,"type":26934845},"Q51929311":{"code":51929311,"name":"largest city","p":7930989,"type":51929311},"Q63208468":{"code":63208468,"name":"city in Ecuador","p":515,"type":63208468},"Q105388829":{"code":105388829,"name":"Latin Catholic diocese","p":20926517,"type":105388829},"Q-3":{"code":-3,"name":"UNLINKED","p":3,"type":-3},"Q23397":{"code":23397,"name":"lake (Q23397)","p":-3,"type":23397},"Q8072":{"code":8072,"name":"volcano (Q8072)","p":-3,"type":8072},"Q199403":{"code":199403,"name":"tropical forest (Q199403)","p":-3,"type":199403},"Q1632564":{"code":1632564,"name":"Croatian Olympic Committee (Q1632564)","p":-3,"type":1632564},"Q1724017":{"code":1724017,"name":"canton of Ecuador (Q1724017)","p":-3,"type":1724017},"Q2579179":{"code":2579179,"name":"parish of Ecuador (Q2579179)","p":-3,"type":2579179},"Q719987":{"code":719987,"name":"province of Ecuador (Q719987)","p":-3,"type":719987},"Q620225":{"code":620225,"name":"apostolic vicariate (Q620225)","p":-3,"type":620225},"Q570116":{"code":570116,"name":"tourist attraction (Q570116)","p":-3,"type":570116},"Q3117863":{"code":3117863,"name":"isolated human group (Q3117863)","p":-3,"type":3117863},"Q6617741":{"code":6617741,"name":"WWF ecoregion (Q6617741)","p":-3,"type":6617741},"Q20136634":{"code":20136634,"name":"Wikipedia overview article (Q20136634)","p":-3,"type":20136634},"Q105390172":{"code":105390172,"name":"Roman Catholic metropolitan archdiocese (Q105390172)","p":-3,"type":105390172}}