{"Q3":{"code":3,"name":"ROOT","type":634},"Q24017414":{"code":24017414,"name":"MISC","p":3,"type":24017414},"Q183039":{"code":183039,"name":"COUNTRY","p":3,"type":183039},"Q56061":{"code":56061,"name":"admin","p":3,"type":56061},"Q486972":{"code":486972,"name":"settled","p":3,"type":486972},"Q2625603":{"code":2625603,"name":"population","p":3,"type":2625603},"Q51041800":{"code":51041800,"name":"religious","p":3,"type":51041800},"Q2221906":{"code":2221906,"name":"geo","p":3,"type":2221906},"Q41710":{"code":41710,"name":"ethnic group","p":24017414,"type":41710},"Q15617994":{"code":15617994,"name":"designation for an administrative territorial entity","p":24017414,"type":15617994},"Q111972893":{"code":111972893,"name":"type of structure","p":24017414,"type":111972893},"Q811979":{"code":811979,"name":"architectural structure","p":111972893,"type":811979},"Q699405":{"code":699405,"name":"residence","p":811979,"type":699405},"Q11755880":{"code":11755880,"name":"residential building","p":699405,"type":11755880},"Q113489728":{"code":113489728,"name":"OECD country","p":183039,"type":113489728},"Q1307214":{"code":1307214,"name":"form of government","p":183039,"type":1307214},"Q6256":{"code":6256,"name":"country","p":183039,"type":6256},"Q515":{"code":515,"name":"city","p":486972,"type":515},"Q532":{"code":532,"name":"village","p":486972,"type":532},"Q15284":{"code":15284,"name":"municipality","p":486972,"type":15284},"Q98966309":{"code":98966309,"name":"classification of human settlements","p":486972,"type":98966309},"Q7930989":{"code":7930989,"name":"city or town","p":486972,"type":7930989},"Q33829":{"code":33829,"name":"human population","p":2625603,"type":33829},"Q20926517":{"code":20926517,"name":"religious administrative territorial entity","p":51041800,"type":20926517},"Q665487":{"code":665487,"name":"diocese","p":20926517,"type":665487},"Q618123":{"code":618123,"name":"geographical feature","p":2221906,"type":618123},"Q1291195":{"code":1291195,"name":"place of discovery","p":618123,"type":1291195},"Q82794":{"code":82794,"name":"geographic region","p":618123,"type":82794},"Q183366":{"code":183366,"name":"territory","p":82794,"type":183366},"Q4835091":{"code":4835091,"name":"territory","p":82794,"type":4835091},"Q15642541":{"code":15642541,"name":"human-geographic territorial entity","p":183366,"type":15642541},"Q3957":{"code":3957,"name":"town","p":98966309,"type":3957},"Q123705":{"code":123705,"name":"neighborhood","p":486972,"type":123705},"Q179164":{"code":179164,"name":"unitary state","p":1307214,"type":179164},"Q317548":{"code":317548,"name":"resort town","p":3957,"type":317548},"Q350895":{"code":350895,"name":"abandoned village","p":98966309,"type":350895},"Q453909":{"code":453909,"name":"built-up area","p":4835091,"type":453909},"Q5084":{"code":5084,"name":"hamlet","p":15617994,"type":5084},"Q5119":{"code":5119,"name":"capital city","p":515,"type":5119},"Q3374262":{"code":3374262,"name":"miasteczko","p":15284,"type":3374262},"Q3624078":{"code":3624078,"name":"sovereign state","p":6256,"type":3624078},"Q21507948":{"code":21507948,"name":"former village","p":532,"type":21507948},"Q22674925":{"code":22674925,"name":"former settlement","p":98966309,"type":22674925},"Q707813":{"code":707813,"name":"Hanseatic city","p":515,"type":707813},"Q839954":{"code":839954,"name":"archaeological site","p":1291195,"type":839954},"Q879050":{"code":879050,"name":"manor house","p":11755880,"type":879050},"Q902814":{"code":902814,"name":"border town","p":7930989,"type":902814},"Q1021711":{"code":1021711,"name":"seaside resort","p":486972,"type":1021711},"Q1549591":{"code":1549591,"name":"big city","p":98966309,"type":1549591},"Q2023000":{"code":2023000,"name":"khutor","p":15617994,"type":2023000},"Q2264924":{"code":2264924,"name":"port settlement","p":515,"type":2264924},"Q3146899":{"code":3146899,"name":"diocese of the Catholic Church","p":665487,"type":3146899},"Q3257686":{"code":3257686,"name":"locality","p":486972,"type":3257686},"Q28790362":{"code":28790362,"name":"ethnic community","p":41710,"type":28790362},"Q50330360":{"code":50330360,"name":"second largest city","p":7930989,"type":50330360},"Q3266850":{"code":3266850,"name":"commune","p":2221906,"type":3266850},"Q4286337":{"code":4286337,"name":"city district","p":56061,"type":4286337},"Q4946461":{"code":4946461,"name":"spa town","p":486972,"type":4946461},"Q63791824":{"code":63791824,"name":"country bordering the Baltic Sea","p":3624078,"type":63791824},"Q18511725":{"code":18511725,"name":"market town","p":3957,"type":18511725},"Q-3":{"code":-3,"name":"UNLINKED","p":3,"type":-3},"Q188509":{"code":188509,"name":"suburb (Q188509)","p":-3,"type":188509},"Q273789":{"code":273789,"name":"county of Lithuania (Q273789)","p":-3,"type":273789},"Q55488":{"code":55488,"name":"railway station (Q55488)","p":-3,"type":55488},"Q23413":{"code":23413,"name":"castle (Q23413)","p":-3,"type":23413},"Q2298305":{"code":2298305,"name":"eldership (Q2298305)","p":-3,"type":2298305},"Q2472587":{"code":2472587,"name":"people (Q2472587)","p":-3,"type":2472587},"Q17166803":{"code":17166803,"name":"city municipality of Lithuania (Q17166803)","p":-3,"type":17166803},"Q17301072":{"code":17301072,"name":"district municipality of Lithuania (Q17301072)","p":-3,"type":17301072},"Q18867465":{"code":18867465,"name":"uyezd of the Russian Empire (Q18867465)","p":-3,"type":18867465},"Q744099":{"code":744099,"name":"hillfort (Q744099)","p":-3,"type":744099},"Q1200957":{"code":1200957,"name":"tourist destination (Q1200957)","p":-3,"type":1200957},"Q1363145":{"code":1363145,"name":"municipality of Lithuania (Q1363145)","p":-3,"type":1363145},"Q60176300":{"code":60176300,"name":"Eastern Orthodox eparchy (Q60176300)","p":-3,"type":60176300},"Q6988101":{"code":6988101,"name":"neighborhood of Kaunas (Q6988101)","p":-3,"type":6988101},"Q6988120":{"code":6988120,"name":"neighborhood of Vilnius (Q6988120)","p":-3,"type":6988120},"Q105390172":{"code":105390172,"name":"Roman Catholic metropolitan archdiocese (Q105390172)","p":-3,"type":105390172}}