{"Q3":{"code":3,"name":"ROOT","type":634},"Q15893266":{"code":15893266,"name":"FORMER","p":3,"type":15893266},"Q24017414":{"code":24017414,"name":"MISC","p":3,"type":24017414},"Q183039":{"code":183039,"name":"COUNTRY","p":3,"type":183039},"Q56061":{"code":56061,"name":"admin","p":3,"type":56061},"Q486972":{"code":486972,"name":"settled","p":3,"type":486972},"Q51041800":{"code":51041800,"name":"religious","p":3,"type":51041800},"Q2221906":{"code":2221906,"name":"geo","p":3,"type":2221906},"Q19953632":{"code":19953632,"name":"former admin","p":15893266,"type":19953632},"Q25894868":{"code":25894868,"name":"place type","p":24017414,"type":25894868},"Q41710":{"code":41710,"name":"ethnic group","p":24017414,"type":41710},"Q23442":{"code":23442,"name":"island","p":25894868,"type":23442},"Q15617994":{"code":15617994,"name":"designation for an administrative territorial entity","p":24017414,"type":15617994},"Q6256":{"code":6256,"name":"country","p":183039,"type":6256},"Q3024240":{"code":3024240,"name":"historical country","p":19953632,"type":3024240},"Q515":{"code":515,"name":"city","p":486972,"type":515},"Q15284":{"code":15284,"name":"municipality","p":486972,"type":15284},"Q98966309":{"code":98966309,"name":"classification of human settlements","p":486972,"type":98966309},"Q7930989":{"code":7930989,"name":"city or town","p":486972,"type":7930989},"Q20926517":{"code":20926517,"name":"religious administrative territorial entity","p":51041800,"type":20926517},"Q665487":{"code":665487,"name":"diocese","p":20926517,"type":665487},"Q618123":{"code":618123,"name":"geographical feature","p":2221906,"type":618123},"Q82794":{"code":82794,"name":"geographic region","p":618123,"type":82794},"Q205895":{"code":205895,"name":"landmass","p":82794,"type":205895},"Q5119":{"code":5119,"name":"capital city","p":515,"type":5119},"Q34763":{"code":34763,"name":"peninsula","p":205895,"type":34763},"Q34876":{"code":34876,"name":"province","p":15617994,"type":34876},"Q687188":{"code":687188,"name":"ward of Vietnam","p":15617994,"type":687188},"Q902814":{"code":902814,"name":"border town","p":7930989,"type":902814},"Q1074523":{"code":1074523,"name":"planned community","p":486972,"type":1074523},"Q1381899":{"code":1381899,"name":"municipality of Vietnam","p":15284,"type":1381899},"Q1549591":{"code":1549591,"name":"big city","p":98966309,"type":1549591},"Q1637706":{"code":1637706,"name":"million city","p":1549591,"type":1637706},"Q1907114":{"code":1907114,"name":"metropolitan area","p":56061,"type":1907114},"Q2264924":{"code":2264924,"name":"port settlement","p":515,"type":2264924},"Q3146899":{"code":3146899,"name":"diocese of the Catholic Church","p":665487,"type":3146899},"Q3249005":{"code":3249005,"name":"provincial city","p":515,"type":3249005},"Q3624078":{"code":3624078,"name":"sovereign state","p":6256,"type":3624078},"Q51929311":{"code":51929311,"name":"largest city","p":7930989,"type":51929311},"Q97166215":{"code":97166215,"name":"municipal city","p":515,"type":97166215},"Q27554677":{"code":27554677,"name":"former capital","p":486972,"type":27554677},"Q50330360":{"code":50330360,"name":"second largest city","p":7930989,"type":50330360},"Q-3":{"code":-3,"name":"UNLINKED","p":3,"type":-3},"Q164950":{"code":164950,"name":"dynasty (Q164950)","p":-3,"type":164950},"Q174844":{"code":174844,"name":"megacity (Q174844)","p":-3,"type":174844},"Q496341":{"code":496341,"name":"free economic zone (Q496341)","p":-3,"type":496341},"Q514331":{"code":514331,"name":"list of cities in Vietnam (Q514331)","p":-3,"type":514331},"Q849866":{"code":849866,"name":"communist state (Q849866)","p":-3,"type":849866},"Q2112349":{"code":2112349,"name":"district-level town of Vietnam (Q2112349)","p":-3,"type":2112349},"Q2389082":{"code":2389082,"name":"rural commune of Vietnam (Q2389082)","p":-3,"type":2389082},"Q2582669":{"code":2582669,"name":"rural district of Vietnam (Q2582669)","p":-3,"type":2582669},"Q2824648":{"code":2824648,"name":"province of Vietnam (Q2824648)","p":-3,"type":2824648},"Q10840669":{"code":10840669,"name":"Class V town (Q10840669)","p":-3,"type":10840669},"Q12826225":{"code":12826225,"name":"Lord (Q12826225)","p":-3,"type":12826225},"Q3455658":{"code":3455658,"name":"region of Vietnam (Q3455658)","p":-3,"type":3455658},"Q17524420":{"code":17524420,"name":"aspect of history (Q17524420)","p":-3,"type":17524420},"Q105390172":{"code":105390172,"name":"Roman Catholic metropolitan archdiocese (Q105390172)","p":-3,"type":105390172},"Q21608359":{"code":21608359,"name":"urban district of Vietnam (Q21608359)","p":-3,"type":21608359}}