{"Q3":{"code":3,"name":"ROOT","type":634},"Q15893266":{"code":15893266,"name":"FORMER","p":3,"type":15893266},"Q24017414":{"code":24017414,"name":"MISC","p":3,"type":24017414},"Q183039":{"code":183039,"name":"COUNTRY","p":3,"type":183039},"Q56061":{"code":56061,"name":"admin","p":3,"type":56061},"Q486972":{"code":486972,"name":"settled","p":3,"type":486972},"Q2625603":{"code":2625603,"name":"population","p":3,"type":2625603},"Q51041800":{"code":51041800,"name":"religious","p":3,"type":51041800},"Q659390":{"code":659390,"name":"construct","p":3,"type":659390},"Q104098715":{"code":104098715,"name":"territorial entity type","p":3,"type":104098715},"Q2221906":{"code":2221906,"name":"geo","p":3,"type":2221906},"Q19953632":{"code":19953632,"name":"former admin","p":15893266,"type":19953632},"Q5962346":{"code":5962346,"name":"classification system","p":24017414,"type":5962346},"Q11834037":{"code":11834037,"name":"physico-geographical regionalization","p":5962346,"type":11834037},"Q25894868":{"code":25894868,"name":"place type","p":24017414,"type":25894868},"Q41710":{"code":41710,"name":"ethnic group","p":24017414,"type":41710},"Q23442":{"code":23442,"name":"island","p":25894868,"type":23442},"Q15617994":{"code":15617994,"name":"designation for an administrative territorial entity","p":24017414,"type":15617994},"Q111972893":{"code":111972893,"name":"type of structure","p":24017414,"type":111972893},"Q811979":{"code":811979,"name":"architectural structure","p":111972893,"type":811979},"Q41176":{"code":41176,"name":"building","p":811979,"type":41176},"Q96084375":{"code":96084375,"name":"former building or structure","p":41176,"type":96084375},"Q12292478":{"code":12292478,"name":"estate","p":811979,"type":12292478},"Q875157":{"code":875157,"name":"resort","p":12292478,"type":875157},"Q699405":{"code":699405,"name":"residence","p":811979,"type":699405},"Q5890494":{"code":5890494,"name":"homestead","p":699405,"type":5890494},"Q11755880":{"code":11755880,"name":"residential building","p":699405,"type":11755880},"Q113489728":{"code":113489728,"name":"OECD country","p":183039,"type":113489728},"Q1307214":{"code":1307214,"name":"form of government","p":183039,"type":1307214},"Q6256":{"code":6256,"name":"country","p":183039,"type":6256},"Q171308":{"code":171308,"name":"oblast","p":56061,"type":171308},"Q15621274":{"code":15621274,"name":"enclave or exclave","p":56061,"type":15621274},"Q3024240":{"code":3024240,"name":"historical country","p":19953632,"type":3024240},"Q12076836":{"code":12076836,"name":"of a single country","p":56061,"type":12076836},"Q2520520":{"code":2520520,"name":"administrative territorial entity of Hungary","p":12076836,"type":2520520},"Q697379":{"code":697379,"name":"administrative territorial entity of Romania","p":12076836,"type":697379},"Q15620181":{"code":15620181,"name":"administrative territorial entity of Estonia","p":12076836,"type":15620181},"Q1799794":{"code":1799794,"name":"By level","p":56061,"type":1799794},"Q788176":{"code":788176,"name":"autonomous administrative territorial entity","p":56061,"type":788176},"Q10864048":{"code":10864048,"name":"A1","p":1799794,"type":10864048},"Q13220204":{"code":13220204,"name":"A2","p":1799794,"type":13220204},"Q13221722":{"code":13221722,"name":"A3","p":1799794,"type":13221722},"Q14757767":{"code":14757767,"name":"A4","p":1799794,"type":14757767},"Q4976993":{"code":4976993,"name":"civil parish","p":14757767,"type":4976993},"Q7275":{"code":7275,"name":"state","p":56061,"type":7275},"Q702492":{"code":702492,"name":"urban area","p":486972,"type":702492},"Q515":{"code":515,"name":"city","p":486972,"type":515},"Q532":{"code":532,"name":"village","p":486972,"type":532},"Q618299":{"code":618299,"name":"settlement","p":486972,"type":618299},"Q15284":{"code":15284,"name":"municipality","p":486972,"type":15284},"Q15253706":{"code":15253706,"name":"like a city","p":486972,"type":15253706},"Q244793":{"code":244793,"name":"twin cities","p":486972,"type":244793},"Q676050":{"code":676050,"name":"old town","p":486972,"type":676050},"Q1782540":{"code":1782540,"name":"railway town","p":486972,"type":1782540},"Q98966309":{"code":98966309,"name":"classification of human settlements","p":486972,"type":98966309},"Q7930989":{"code":7930989,"name":"city or town","p":486972,"type":7930989},"Q33829":{"code":33829,"name":"human population","p":2625603,"type":33829},"Q1492823":{"code":1492823,"name":"ecclesiastical district","p":51041800,"type":1492823},"Q20926517":{"code":20926517,"name":"religious administrative territorial entity","p":51041800,"type":20926517},"Q665487":{"code":665487,"name":"diocese","p":20926517,"type":665487},"Q471855":{"code":471855,"name":"jurisdiction","p":659390,"type":471855},"Q2665272":{"code":2665272,"name":"Ecclesiastical circumscription immediately subject to the Holy See","p":471855,"type":2665272},"Q618123":{"code":618123,"name":"geographical feature","p":2221906,"type":618123},"Q1291195":{"code":1291195,"name":"place of discovery","p":618123,"type":1291195},"Q82794":{"code":82794,"name":"geographic region","p":618123,"type":82794},"Q106589819":{"code":106589819,"name":"elevation","p":618123,"type":106589819},"Q74817647":{"code":74817647,"name":"aspect in a geographic region","p":82794,"type":74817647},"Q205895":{"code":205895,"name":"landmass","p":82794,"type":205895},"Q183366":{"code":183366,"name":"territory","p":82794,"type":183366},"Q4835091":{"code":4835091,"name":"territory","p":82794,"type":4835091},"Q15642541":{"code":15642541,"name":"human-geographic territorial entity","p":183366,"type":15642541},"Q74047":{"code":74047,"name":"ghost town","p":98966309,"type":74047},"Q102496":{"code":102496,"name":"parish","p":15617994,"type":102496},"Q112099":{"code":112099,"name":"island nation","p":6256,"type":112099},"Q123705":{"code":123705,"name":"neighborhood","p":486972,"type":123705},"Q3957":{"code":3957,"name":"town","p":98966309,"type":3957},"Q5119":{"code":5119,"name":"capital city","p":515,"type":5119},"Q149621":{"code":149621,"name":"district","p":15617994,"type":149621},"Q162602":{"code":162602,"name":"river island","p":23442,"type":162602},"Q5084":{"code":5084,"name":"hamlet","p":15617994,"type":5084},"Q130003":{"code":130003,"name":"ski resort","p":486972,"type":130003},"Q133442":{"code":133442,"name":"city-state","p":515,"type":133442},"Q13691":{"code":13691,"name":"artificial island","p":23442,"type":13691},"Q28575":{"code":28575,"name":"county","p":15617994,"type":28575},"Q33837":{"code":33837,"name":"archipelago","p":205895,"type":33837},"Q374614":{"code":374614,"name":"urban district of Great Britain and Ireland","p":15617994,"type":374614},"Q473972":{"code":473972,"name":"protected area","p":56061,"type":473972},"Q8502":{"code":8502,"name":"mountain","p":106589819,"type":8502},"Q34763":{"code":34763,"name":"peninsula","p":205895,"type":34763},"Q200250":{"code":200250,"name":"metropolis","p":486972,"type":200250},"Q245260":{"code":245260,"name":"conurbation","p":702492,"type":245260},"Q6266":{"code":6266,"name":"nation","p":659390,"type":6266},"Q2755753":{"code":2755753,"name":"area of London","p":56061,"type":2755753},"Q46831":{"code":46831,"name":"mountain range","p":82794,"type":46831},"Q179049":{"code":179049,"name":"nature reserve","p":473972,"type":179049},"Q186192":{"code":186192,"name":"Lithuanians","p":33829,"type":186192},"Q3502482":{"code":3502482,"name":"cultural region","p":82794,"type":3502482},"Q3624078":{"code":3624078,"name":"sovereign state","p":6256,"type":3624078},"Q3146899":{"code":3146899,"name":"diocese of the Catholic Church","p":665487,"type":3146899},"Q3257686":{"code":3257686,"name":"locality","p":486972,"type":3257686},"Q254978":{"code":254978,"name":"burgh","p":56061,"type":254978},"Q2991489":{"code":2991489,"name":"county palatine","p":15617994,"type":2991489},"Q5195043":{"code":5195043,"name":"borough","p":15617994,"type":5195043},"Q6888356":{"code":6888356,"name":"model village","p":532,"type":6888356},"Q1350181":{"code":1350181,"name":"shire of Scotland","p":15617994,"type":1350181},"Q7309443":{"code":7309443,"name":"registration county","p":1350181,"type":7309443},"Q1187811":{"code":1187811,"name":"college town","p":515,"type":1187811},"Q2264924":{"code":2264924,"name":"port settlement","p":515,"type":2264924},"Q18511725":{"code":18511725,"name":"market town","p":3957,"type":18511725},"Q738570":{"code":738570,"name":"central business district","p":123705,"type":738570},"Q1074523":{"code":1074523,"name":"planned community","p":486972,"type":1074523},"Q208511":{"code":208511,"name":"global city","p":515,"type":208511},"Q1066984":{"code":1066984,"name":"financial centre","p":208511,"type":1066984},"Q555937":{"code":555937,"name":"tidal island","p":23442,"type":555937},"Q562061":{"code":562061,"name":"market municipality","p":15617994,"type":562061},"Q15239622":{"code":15239622,"name":"disputed territory","p":183366,"type":15239622},"Q15979307":{"code":15979307,"name":"principal area of Wales","p":28575,"type":15979307},"Q16678127":{"code":16678127,"name":"administrative territorial entity of Anguilla","p":149621,"type":16678127},"Q17134625":{"code":17134625,"name":"municipality of Bermuda","p":15284,"type":17134625},"Q17152565":{"code":17152565,"name":"international zone","p":56061,"type":17152565},"Q17364572":{"code":17364572,"name":"district of Northern Ireland","p":149621,"type":17364572},"Q17601336":{"code":17601336,"name":"district of the United Kingdom","p":149621,"type":17601336},"Q518261":{"code":518261,"name":"cultural area","p":4835091,"type":518261},"Q1115575":{"code":1115575,"name":"civil parish","p":56061,"type":1115575},"Q20181813":{"code":20181813,"name":"colonial power","p":3624078,"type":20181813},"Q78366914":{"code":78366914,"name":"part of civil parish in a Scottish council area","p":4835091,"type":78366914},"Q78923961":{"code":78923961,"name":"part of civil parish in a Scottish district","p":4835091,"type":78923961},"Q902814":{"code":902814,"name":"border town","p":7930989,"type":902814},"Q1549591":{"code":1549591,"name":"big city","p":98966309,"type":1549591},"Q100503226":{"code":100503226,"name":"town of the United Kingdom","p":3957,"type":100503226},"Q105389481":{"code":105389481,"name":"Greek-Catholic eparchy","p":20926517,"type":105389481},"Q7632657":{"code":7632657,"name":"successor parish","p":1115575,"type":7632657},"Q7897276":{"code":7897276,"name":"unparished area","p":56061,"type":7897276},"Q691960":{"code":691960,"name":"satellite city","p":515,"type":691960},"Q1637706":{"code":1637706,"name":"million city","p":1549591,"type":1637706},"Q1250464":{"code":1250464,"name":"realm","p":7275,"type":1250464},"Q7925010":{"code":7925010,"name":"vice-county","p":82794,"type":7925010},"Q10270157":{"code":10270157,"name":"new town","p":3957,"type":10270157},"Q11197007":{"code":11197007,"name":"ethnoreligious group","p":41710,"type":11197007},"Q12104567":{"code":12104567,"name":"housing estate","p":123705,"type":12104567},"Q1021711":{"code":1021711,"name":"seaside resort","p":486972,"type":1021711},"Q1048835":{"code":1048835,"name":"political territorial entity","p":56061,"type":1048835},"Q1140140":{"code":1140140,"name":"mainland","p":82794,"type":1140140},"Q1161185":{"code":1161185,"name":"high island","p":23442,"type":1161185},"Q734818":{"code":734818,"name":"condominium","p":1307214,"type":734818},"Q1857731":{"code":1857731,"name":"historic county of Wales","p":56061,"type":1857731},"Q40364446":{"code":40364446,"name":"historic city","p":56061,"type":40364446},"Q41806250":{"code":41806250,"name":"parish of Bermuda","p":4976993,"type":41806250},"Q50330360":{"code":50330360,"name":"second largest city","p":7930989,"type":50330360},"Q1907114":{"code":1907114,"name":"metropolitan area","p":56061,"type":1907114},"Q2016031":{"code":2016031,"name":"offshore construction","p":811979,"type":2016031},"Q2072238":{"code":2072238,"name":"archdiocese","p":665487,"type":2072238},"Q21457810":{"code":21457810,"name":"Scottish district","p":19953632,"type":21457810},"Q21561328":{"code":21561328,"name":"unitary authority in England","p":1307214,"type":21561328},"Q26714626":{"code":26714626,"name":"large village","p":486972,"type":26714626},"Q51576574":{"code":51576574,"name":"Mediterranean country","p":6256,"type":51576574},"Q51929311":{"code":51929311,"name":"largest city","p":7930989,"type":51929311},"Q1357964":{"code":1357964,"name":"county town","p":3957,"type":1357964},"Q1402592":{"code":1402592,"name":"island group","p":82794,"type":1402592},"Q1317848":{"code":1317848,"name":"county of Northern Ireland","p":28575,"type":1317848},"Q-1":{"code":-1,"name":"INVALID","p":3,"type":-1},"Q-2":{"code":-2,"name":"EXCLUDED","p":3,"type":-2},"Q12280":{"code":12280,"name":"bridge (Q12280)","p":-1,"type":12280},"Q35120":{"code":35120,"name":"entity (Q35120)","p":-1,"type":35120},"Q39463":{"code":39463,"name":"trading post (Q39463)","p":-1,"type":39463},"Q40231":{"code":40231,"name":"public election (Q40231)","p":-1,"type":40231},"Q43229":{"code":43229,"name":"organization (Q43229)","p":-1,"type":43229},"Q48349":{"code":48349,"name":"empire (Q48349)","p":-1,"type":48349},"Q133156":{"code":133156,"name":"colony (Q133156)","p":-1,"type":133156},"Q151885":{"code":151885,"name":"concept (Q151885)","p":-1,"type":151885},"Q161243":{"code":161243,"name":"dependent territory (Q161243)","p":-1,"type":161243},"Q171634":{"code":171634,"name":"administrative territorial entity of England (Q171634)","p":-1,"type":171634},"Q171809":{"code":171809,"name":"county of England (Q171809)","p":-1,"type":171809},"Q176799":{"code":176799,"name":"military unit (Q176799)","p":-1,"type":176799},"Q184358":{"code":184358,"name":"reef (Q184358)","p":-1,"type":184358},"Q184511":{"code":184511,"name":"idiom (Q184511)","p":-1,"type":184511},"Q199683":{"code":199683,"name":"list of states with limited recognition (Q199683)","p":-1,"type":199683},"Q207524":{"code":207524,"name":"islet (Q207524)","p":-1,"type":207524},"Q216353":{"code":216353,"name":"title (Q216353)","p":-1,"type":216353},"Q271669":{"code":271669,"name":"landform (Q271669)","p":-1,"type":271669},"Q313354":{"code":313354,"name":"hundred (Q313354)","p":-1,"type":313354},"Q354341":{"code":354341,"name":"colony (Q354341)","p":-1,"type":354341},"Q383493":{"code":383493,"name":"local government area of Scotland 1975 to 1996 (Q383493)","p":-1,"type":383493},"Q417175":{"code":417175,"name":"kingdom (Q417175)","p":-1,"type":417175},"Q461231":{"code":461231,"name":"administrative territorial entity of Scotland (Q461231)","p":-1,"type":461231},"Q470540":{"code":470540,"name":"seat (Q470540)","p":-1,"type":470540},"Q488383":{"code":488383,"name":"object (Q488383)","p":-1,"type":488383},"Q643815":{"code":643815,"name":"metropolitan or non-metropolitan county of England (Q643815)","p":-1,"type":643815},"Q717478":{"code":717478,"name":"administrative territorial entity of the United Kingdom (Q717478)","p":-1,"type":717478},"Q874405":{"code":874405,"name":"social group (Q874405)","p":-1,"type":874405},"Q937228":{"code":937228,"name":"property (Q937228)","p":-1,"type":937228},"Q1033904":{"code":1033904,"name":"cantref (Q1033904)","p":-1,"type":1033904},"Q1049540":{"code":1049540,"name":"administrative territorial entity of Northern Ireland (Q1049540)","p":-1,"type":1049540},"Q1052894":{"code":1052894,"name":"single-member district (Q1052894)","p":-1,"type":1052894},"Q1400565":{"code":1400565,"name":"spur (Q1400565)","p":-1,"type":1400565},"Q1497375":{"code":1497375,"name":"architectural ensemble (Q1497375)","p":-1,"type":1497375},"Q1777515":{"code":1777515,"name":"junction (Q1777515)","p":-1,"type":1777515},"Q2352616":{"code":2352616,"name":"catalogue (Q2352616)","p":-1,"type":2352616},"Q2516121":{"code":2516121,"name":"transport structure (Q2516121)","p":-1,"type":2516121},"Q3320743":{"code":3320743,"name":"title of honor (Q3320743)","p":-1,"type":3320743},"Q3356092":{"code":3356092,"name":"administrative territorial entity of Ireland (Q3356092)","p":-1,"type":3356092},"Q3409269":{"code":3409269,"name":"statistical unit (Q3409269)","p":-1,"type":3409269},"Q3477348":{"code":3477348,"name":"urban area (Q3477348)","p":-1,"type":3477348},"Q3702971":{"code":3702971,"name":"personal data (Q3702971)","p":-2,"type":3702971},"Q4057633":{"code":4057633,"name":"hierarchy of administrative territorial entities (Q4057633)","p":-1,"type":4057633},"Q5162954":{"code":5162954,"name":"conservation designation (Q5162954)","p":-1,"type":5162954},"Q6044472":{"code":6044472,"name":"intentional living (Q6044472)","p":-1,"type":6044472},"Q7921929":{"code":7921929,"name":"vernacular geography (Q7921929)","p":-1,"type":7921929},"Q10541491":{"code":10541491,"name":"legal form (Q10541491)","p":-1,"type":10541491},"Q15642555":{"code":15642555,"name":"administrative territorial entity of the Turks and Caicos Islands (Q15642555)","p":-1,"type":15642555},"Q15700808":{"code":15700808,"name":"urban unit definition (Q15700808)","p":-1,"type":15700808},"Q17644823":{"code":17644823,"name":"bridge by structural type (Q17644823)","p":-1,"type":17644823},"Q19817101":{"code":19817101,"name":"undefined (Q19817101)","p":-1,"type":19817101},"Q19832712":{"code":19832712,"name":"undefined (Q19832712)","p":-1,"type":19832712},"Q21451695":{"code":21451695,"name":"undefined (Q21451695)","p":-1,"type":21451695},"Q24398318":{"code":24398318,"name":"undefined (Q24398318)","p":-1,"type":24398318},"Q27968043":{"code":27968043,"name":"undefined (Q27968043)","p":-1,"type":27968043},"Q28872924":{"code":28872924,"name":"undefined (Q28872924)","p":-1,"type":28872924},"Q29025902":{"code":29025902,"name":"undefined (Q29025902)","p":-1,"type":29025902},"Q29028649":{"code":29028649,"name":"undefined (Q29028649)","p":-1,"type":29028649},"Q35145263":{"code":35145263,"name":"undefined (Q35145263)","p":-1,"type":35145263},"Q42915594":{"code":42915594,"name":"undefined (Q42915594)","p":-1,"type":42915594},"Q55553838":{"code":55553838,"name":"undefined (Q55553838)","p":-1,"type":55553838},"Q60223819":{"code":60223819,"name":"undefined (Q60223819)","p":-1,"type":60223819},"Q96196009":{"code":96196009,"name":"undefined (Q96196009)","p":-1,"type":96196009},"Q107359024":{"code":107359024,"name":"undefined (Q107359024)","p":-1,"type":107359024},"Q110415260":{"code":110415260,"name":"undefined (Q110415260)","p":-1,"type":110415260},"Q111737478":{"code":111737478,"name":"undefined (Q111737478)","p":-1,"type":111737478},"Q113446332":{"code":113446332,"name":"undefined (Q113446332)","p":-1,"type":113446332},"Q-3":{"code":-3,"name":"UNLINKED","p":3,"type":-3},"Q88556":{"code":88556,"name":"garrison (Q88556)","p":-3,"type":88556},"Q16970":{"code":16970,"name":"church building (Q16970)","p":-3,"type":16970},"Q8072":{"code":8072,"name":"volcano (Q8072)","p":-3,"type":8072},"Q195339":{"code":195339,"name":"research station (Q195339)","p":-3,"type":195339},"Q216851":{"code":216851,"name":"skerry (Q216851)","p":-3,"type":216851},"Q231002":{"code":231002,"name":"nationality (Q231002)","p":-3,"type":231002},"Q2138167":{"code":2138167,"name":"Scottish region (Q2138167)","p":-3,"type":2138167},"Q2151232":{"code":2151232,"name":"townland (Q2151232)","p":-3,"type":2151232},"Q2373919":{"code":2373919,"name":"intentional community (Q2373919)","p":-3,"type":2373919},"Q2434238":{"code":2434238,"name":"heritage (Q2434238)","p":-3,"type":2434238},"Q2472587":{"code":2472587,"name":"people (Q2472587)","p":-3,"type":2472587},"Q180673":{"code":180673,"name":"ceremonial county of England (Q180673)","p":-3,"type":180673},"Q40357":{"code":40357,"name":"prison (Q40357)","p":-3,"type":40357},"Q202435":{"code":202435,"name":"lieutenancy area of Scotland (Q202435)","p":-3,"type":202435},"Q202686":{"code":202686,"name":"Commonwealth realm (Q202686)","p":-3,"type":202686},"Q12570":{"code":12570,"name":"suspension bridge (Q12570)","p":-3,"type":12570},"Q164142":{"code":164142,"name":"protectorate (Q164142)","p":-3,"type":164142},"Q384003":{"code":384003,"name":"apostolic prefecture (Q384003)","p":-3,"type":384003},"Q422211":{"code":422211,"name":"Site of Special Scientific Interest (Q422211)","p":-3,"type":422211},"Q44782":{"code":44782,"name":"port (Q44782)","p":-3,"type":44782},"Q2487479":{"code":2487479,"name":"district of the Turks and Caicos Islands (Q2487479)","p":-3,"type":2487479},"Q2630741":{"code":2630741,"name":"community (Q2630741)","p":-3,"type":2630741},"Q46395":{"code":46395,"name":"British overseas territories (Q46395)","p":-3,"type":46395},"Q174844":{"code":174844,"name":"megacity (Q174844)","p":-3,"type":174844},"Q3403338":{"code":3403338,"name":"community council (Q3403338)","p":-3,"type":3403338},"Q589282":{"code":589282,"name":"ward or electoral division of the United Kingdom (Q589282)","p":-3,"type":589282},"Q258913":{"code":258913,"name":"kontor (Q258913)","p":-3,"type":258913},"Q349084":{"code":349084,"name":"district of England (Q349084)","p":-3,"type":349084},"Q2928458":{"code":2928458,"name":"royal burgh (Q2928458)","p":-3,"type":2928458},"Q6083725":{"code":6083725,"name":"Scottish islands area (Q6083725)","p":-3,"type":6083725},"Q6311682":{"code":6311682,"name":"canal junction (Q6311682)","p":-3,"type":6311682},"Q6489113":{"code":6489113,"name":"large burgh (Q6489113)","p":-3,"type":6489113},"Q6664281":{"code":6664281,"name":"Local board of health (Q6664281)","p":-3,"type":6664281},"Q6955655":{"code":6955655,"name":"ITL 1 statistical regions of England (Q6955655)","p":-3,"type":6955655},"Q6974560":{"code":6974560,"name":"National Nature Reserve (Q6974560)","p":-3,"type":6974560},"Q7209568":{"code":7209568,"name":"police burgh of Scotland (Q7209568)","p":-3,"type":7209568},"Q1187580":{"code":1187580,"name":"non-metropolitan district (Q1187580)","p":-3,"type":1187580},"Q3910694":{"code":3910694,"name":"civil parish in Ireland (Q3910694)","p":-3,"type":3910694},"Q5124673":{"code":5124673,"name":"Scottish civil parish (Q5124673)","p":-3,"type":5124673},"Q2368963":{"code":2368963,"name":"bird colony (Q2368963)","p":-3,"type":2368963},"Q660088":{"code":660088,"name":"garden city (Q660088)","p":-3,"type":660088},"Q683738":{"code":683738,"name":"Administrative subdivision of Wales (Q683738)","p":-3,"type":683738},"Q3336843":{"code":3336843,"name":"constituent country of the United Kingdom (Q3336843)","p":-3,"type":3336843},"Q211690":{"code":211690,"name":"London borough (Q211690)","p":-3,"type":211690},"Q630638":{"code":630638,"name":"preserved county of Wales (Q630638)","p":-3,"type":630638},"Q631305":{"code":631305,"name":"rock formation (Q631305)","p":-3,"type":631305},"Q644930":{"code":644930,"name":"mission sui iuris (Q644930)","p":-3,"type":644930},"Q740445":{"code":740445,"name":"ridge (Q740445)","p":-3,"type":740445},"Q1195098":{"code":1195098,"name":"ward (Q1195098)","p":-3,"type":1195098},"Q1200957":{"code":1200957,"name":"tourist destination (Q1200957)","p":-3,"type":1200957},"Q1404150":{"code":1404150,"name":"no label (Q1404150)","p":-3,"type":1404150},"Q1420027":{"code":1420027,"name":"no label (Q1420027)","p":-3,"type":1420027},"Q188443":{"code":188443,"name":"no label (Q188443)","p":-3,"type":188443},"Q188509":{"code":188509,"name":"no label (Q188509)","p":-3,"type":188509},"Q1068842":{"code":1068842,"name":"no label (Q1068842)","p":-3,"type":1068842},"Q19860854":{"code":19860854,"name":"no label (Q19860854)","p":-3,"type":19860854},"Q769603":{"code":769603,"name":"no label (Q769603)","p":-3,"type":769603},"Q769628":{"code":769628,"name":"no label (Q769628)","p":-3,"type":769628},"Q863974":{"code":863974,"name":"no label (Q863974)","p":-3,"type":863974},"Q518343":{"code":518343,"name":"no label (Q518343)","p":-3,"type":518343},"Q956214":{"code":956214,"name":"no label (Q956214)","p":-3,"type":956214},"Q1002812":{"code":1002812,"name":"no label (Q1002812)","p":-3,"type":1002812},"Q48091":{"code":48091,"name":"no label (Q48091)","p":-3,"type":48091},"Q15283424":{"code":15283424,"name":"no label (Q15283424)","p":-3,"type":15283424},"Q1136601":{"code":1136601,"name":"no label (Q1136601)","p":-3,"type":1136601},"Q1137272":{"code":1137272,"name":"no label (Q1137272)","p":-3,"type":1137272},"Q1138494":{"code":1138494,"name":"no label (Q1138494)","p":-3,"type":1138494},"Q212057":{"code":212057,"name":"no label (Q212057)","p":-3,"type":212057},"Q64153217":{"code":64153217,"name":"no label (Q64153217)","p":-3,"type":64153217},"Q67376938":{"code":67376938,"name":"no label (Q67376938)","p":-3,"type":67376938},"Q900119":{"code":900119,"name":"no label (Q900119)","p":-3,"type":900119},"Q921061":{"code":921061,"name":"no label (Q921061)","p":-3,"type":921061},"Q1509716":{"code":1509716,"name":"no label (Q1509716)","p":-3,"type":1509716},"Q747957":{"code":747957,"name":"no label (Q747957)","p":-3,"type":747957},"Q94730503":{"code":94730503,"name":"no label (Q94730503)","p":-3,"type":94730503},"Q104630835":{"code":104630835,"name":"no label (Q104630835)","p":-3,"type":104630835},"Q105390172":{"code":105390172,"name":"no label (Q105390172)","p":-3,"type":105390172},"Q7543008":{"code":7543008,"name":"no label (Q7543008)","p":-3,"type":7543008},"Q15310171":{"code":15310171,"name":"no label (Q15310171)","p":-3,"type":15310171},"Q1211369":{"code":1211369,"name":"no label (Q1211369)","p":-3,"type":1211369},"Q7969215":{"code":7969215,"name":"no label (Q7969215)","p":-3,"type":7969215},"Q1006876":{"code":1006876,"name":"no label (Q1006876)","p":-3,"type":1006876},"Q1754946":{"code":1754946,"name":"no label (Q1754946)","p":-3,"type":1754946},"Q708676":{"code":708676,"name":"no label (Q708676)","p":-3,"type":708676},"Q1790360":{"code":1790360,"name":"no label (Q1790360)","p":-3,"type":1790360},"Q1867820":{"code":1867820,"name":"no label (Q1867820)","p":-3,"type":1867820},"Q27104997":{"code":27104997,"name":"no label (Q27104997)","p":-3,"type":27104997},"Q27971968":{"code":27971968,"name":"no label (Q27971968)","p":-3,"type":27971968},"Q29414133":{"code":29414133,"name":"no label (Q29414133)","p":-3,"type":29414133},"Q34198935":{"code":34198935,"name":"no label (Q34198935)","p":-3,"type":34198935},"Q41582469":{"code":41582469,"name":"no label (Q41582469)","p":-3,"type":41582469},"Q48790202":{"code":48790202,"name":"no label (Q48790202)","p":-3,"type":48790202},"Q1968403":{"code":1968403,"name":"no label (Q1968403)","p":-3,"type":1968403},"Q15060255":{"code":15060255,"name":"no label (Q15060255)","p":-3,"type":15060255},"Q15150553":{"code":15150553,"name":"no label (Q15150553)","p":-3,"type":15150553},"Q2094158":{"code":2094158,"name":"no label (Q2094158)","p":-3,"type":2094158},"Q21272231":{"code":21272231,"name":"no label (Q21272231)","p":-3,"type":21272231},"Q21451686":{"code":21451686,"name":"no label (Q21451686)","p":-3,"type":21451686},"Q21497886":{"code":21497886,"name":"no label (Q21497886)","p":-3,"type":21497886},"Q21503295":{"code":21503295,"name":"no label (Q21503295)","p":-3,"type":21503295},"Q26678366":{"code":26678366,"name":"no label (Q26678366)","p":-3,"type":26678366},"Q1351282":{"code":1351282,"name":"no label (Q1351282)","p":-3,"type":1351282},"Q1333366":{"code":1333366,"name":"no label (Q1333366)","p":-3,"type":1333366}}