{"Q3":{"code":3,"name":"ROOT","type":634},"Q24017414":{"code":24017414,"name":"MISC","p":3,"type":24017414},"Q183039":{"code":183039,"name":"COUNTRY","p":3,"type":183039},"Q56061":{"code":56061,"name":"admin","p":3,"type":56061},"Q486972":{"code":486972,"name":"settled","p":3,"type":486972},"Q51041800":{"code":51041800,"name":"religious","p":3,"type":51041800},"Q25894868":{"code":25894868,"name":"place type","p":24017414,"type":25894868},"Q23442":{"code":23442,"name":"island","p":25894868,"type":23442},"Q15617994":{"code":15617994,"name":"designation for an administrative territorial entity","p":24017414,"type":15617994},"Q6256":{"code":6256,"name":"country","p":183039,"type":6256},"Q702492":{"code":702492,"name":"urban area","p":486972,"type":702492},"Q515":{"code":515,"name":"city","p":486972,"type":515},"Q532":{"code":532,"name":"village","p":486972,"type":532},"Q15253706":{"code":15253706,"name":"like a city","p":486972,"type":15253706},"Q98966309":{"code":98966309,"name":"classification of human settlements","p":486972,"type":98966309},"Q7930989":{"code":7930989,"name":"city or town","p":486972,"type":7930989},"Q20926517":{"code":20926517,"name":"religious administrative territorial entity","p":51041800,"type":20926517},"Q665487":{"code":665487,"name":"diocese","p":20926517,"type":665487},"Q3957":{"code":3957,"name":"town","p":98966309,"type":3957},"Q5119":{"code":5119,"name":"capital city","p":515,"type":5119},"Q7270":{"code":7270,"name":"republic","p":183039,"type":7270},"Q369385":{"code":369385,"name":"rural community of Senegal","p":56061,"type":369385},"Q3146899":{"code":3146899,"name":"diocese of the Catholic Church","p":665487,"type":3146899},"Q3559024":{"code":3559024,"name":"village of Senegal","p":532,"type":3559024},"Q3624078":{"code":3624078,"name":"sovereign state","p":6256,"type":3624078},"Q50330360":{"code":50330360,"name":"second largest city","p":7930989,"type":50330360},"Q751030":{"code":751030,"name":"department of Senegal","p":15617994,"type":751030},"Q1549591":{"code":1549591,"name":"big city","p":98966309,"type":1549591},"Q1637706":{"code":1637706,"name":"million city","p":1549591,"type":1637706},"Q2264924":{"code":2264924,"name":"port settlement","p":515,"type":2264924},"Q-3":{"code":-3,"name":"UNLINKED","p":3,"type":-3},"Q44782":{"code":44782,"name":"port (Q44782)","p":-3,"type":44782},"Q210272":{"code":210272,"name":"cultural heritage (Q210272)","p":-3,"type":210272},"Q105390172":{"code":105390172,"name":"Roman Catholic metropolitan archdiocese (Q105390172)","p":-3,"type":105390172},"Q847667":{"code":847667,"name":"region of Senegal (Q847667)","p":-3,"type":847667},"Q4209223":{"code":4209223,"name":"Rechtsstaat (Q4209223)","p":-3,"type":4209223},"Q2424478":{"code":2424478,"name":"arrondissement of Senegal (Q2424478)","p":-3,"type":2424478},"Q2989468":{"code":2989468,"name":"Communes d'arrondissement of Senegal (Q2989468)","p":-3,"type":2989468},"Q2989649":{"code":2989649,"name":"commune of Senegal (Q2989649)","p":-3,"type":2989649}}