{"Q3":{"code":3,"name":"ROOT","type":634},"Q24017414":{"code":24017414,"name":"MISC","p":3,"type":24017414},"Q183039":{"code":183039,"name":"COUNTRY","p":3,"type":183039},"Q56061":{"code":56061,"name":"admin","p":3,"type":56061},"Q486972":{"code":486972,"name":"settled","p":3,"type":486972},"Q51041800":{"code":51041800,"name":"religious","p":3,"type":51041800},"Q659390":{"code":659390,"name":"construct","p":3,"type":659390},"Q25894868":{"code":25894868,"name":"place type","p":24017414,"type":25894868},"Q23442":{"code":23442,"name":"island","p":25894868,"type":23442},"Q6256":{"code":6256,"name":"country","p":183039,"type":6256},"Q12076836":{"code":12076836,"name":"of a single country","p":56061,"type":12076836},"Q515":{"code":515,"name":"city","p":486972,"type":515},"Q98966309":{"code":98966309,"name":"classification of human settlements","p":486972,"type":98966309},"Q7930989":{"code":7930989,"name":"city or town","p":486972,"type":7930989},"Q471855":{"code":471855,"name":"jurisdiction","p":659390,"type":471855},"Q2665272":{"code":2665272,"name":"Ecclesiastical circumscription immediately subject to the Holy See","p":471855,"type":2665272},"Q3957":{"code":3957,"name":"town","p":98966309,"type":3957},"Q123705":{"code":123705,"name":"neighborhood","p":486972,"type":123705},"Q50513":{"code":50513,"name":"administrative territorial entity of Singapore","p":12076836,"type":50513},"Q112099":{"code":112099,"name":"island nation","p":6256,"type":112099},"Q133442":{"code":133442,"name":"city-state","p":515,"type":133442},"Q208511":{"code":208511,"name":"global city","p":515,"type":208511},"Q1549591":{"code":1549591,"name":"big city","p":98966309,"type":1549591},"Q1637706":{"code":1637706,"name":"million city","p":1549591,"type":1637706},"Q2264924":{"code":2264924,"name":"port settlement","p":515,"type":2264924},"Q3624078":{"code":3624078,"name":"sovereign state","p":6256,"type":3624078},"Q105419665":{"code":105419665,"name":"Roman Catholic archdiocese not metropolitan","p":51041800,"type":105419665},"Q902814":{"code":902814,"name":"border town","p":7930989,"type":902814},"Q-3":{"code":-3,"name":"UNLINKED","p":3,"type":-3},"Q2091262":{"code":2091262,"name":"region of Singapore (Q2091262)","p":-3,"type":2091262},"Q104527265":{"code":104527265,"name":"planning area of Singapore (Q104527265)","p":-3,"type":104527265}}