{"Q3":{"code":3,"name":"ROOT","type":634},"Q15893266":{"code":15893266,"name":"FORMER","p":3,"type":15893266},"Q24017414":{"code":24017414,"name":"MISC","p":3,"type":24017414},"Q183039":{"code":183039,"name":"COUNTRY","p":3,"type":183039},"Q56061":{"code":56061,"name":"admin","p":3,"type":56061},"Q486972":{"code":486972,"name":"settled","p":3,"type":486972},"Q51041800":{"code":51041800,"name":"religious","p":3,"type":51041800},"Q2221906":{"code":2221906,"name":"geo","p":3,"type":2221906},"Q19953632":{"code":19953632,"name":"former admin","p":15893266,"type":19953632},"Q41710":{"code":41710,"name":"ethnic group","p":24017414,"type":41710},"Q15617994":{"code":15617994,"name":"designation for an administrative territorial entity","p":24017414,"type":15617994},"Q6256":{"code":6256,"name":"country","p":183039,"type":6256},"Q3024240":{"code":3024240,"name":"historical country","p":19953632,"type":3024240},"Q1799794":{"code":1799794,"name":"By level","p":56061,"type":1799794},"Q13221722":{"code":13221722,"name":"A3","p":1799794,"type":13221722},"Q515":{"code":515,"name":"city","p":486972,"type":515},"Q98966309":{"code":98966309,"name":"classification of human settlements","p":486972,"type":98966309},"Q20926517":{"code":20926517,"name":"religious administrative territorial entity","p":51041800,"type":20926517},"Q665487":{"code":665487,"name":"diocese","p":20926517,"type":665487},"Q5119":{"code":5119,"name":"capital city","p":515,"type":5119},"Q7270":{"code":7270,"name":"republic","p":183039,"type":7270},"Q643589":{"code":643589,"name":"department","p":15617994,"type":643589},"Q617807":{"code":617807,"name":"department of Ivory Coast","p":643589,"type":617807},"Q1367821":{"code":1367821,"name":"subprefecture","p":15617994,"type":1367821},"Q1549591":{"code":1549591,"name":"big city","p":98966309,"type":1549591},"Q1637706":{"code":1637706,"name":"million city","p":1549591,"type":1637706},"Q3146899":{"code":3146899,"name":"diocese of the Catholic Church","p":665487,"type":3146899},"Q3266850":{"code":3266850,"name":"commune","p":2221906,"type":3266850},"Q3624078":{"code":3624078,"name":"sovereign state","p":6256,"type":3624078},"Q27554677":{"code":27554677,"name":"former capital","p":486972,"type":27554677},"Q-3":{"code":-3,"name":"UNLINKED","p":3,"type":-3},"Q851830":{"code":851830,"name":"region of Côte d'Ivoire (Q851830)","p":-3,"type":851830},"Q2472587":{"code":2472587,"name":"people (Q2472587)","p":-3,"type":2472587},"Q2679157":{"code":2679157,"name":"commune of Ivory Coast (Q2679157)","p":-3,"type":2679157},"Q105390172":{"code":105390172,"name":"Roman Catholic metropolitan archdiocese (Q105390172)","p":-3,"type":105390172},"Q20717263":{"code":20717263,"name":"district of Ivory Coast (Q20717263)","p":-3,"type":20717263}}