{"Q3":{"code":3,"name":"ROOT","type":634},"Q15893266":{"code":15893266,"name":"FORMER","p":3,"type":15893266},"Q24017414":{"code":24017414,"name":"MISC","p":3,"type":24017414},"Q183039":{"code":183039,"name":"COUNTRY","p":3,"type":183039},"Q56061":{"code":56061,"name":"admin","p":3,"type":56061},"Q486972":{"code":486972,"name":"settled","p":3,"type":486972},"Q2625603":{"code":2625603,"name":"population","p":3,"type":2625603},"Q51041800":{"code":51041800,"name":"religious","p":3,"type":51041800},"Q659390":{"code":659390,"name":"construct","p":3,"type":659390},"Q104098715":{"code":104098715,"name":"territorial entity type","p":3,"type":104098715},"Q2221906":{"code":2221906,"name":"geo","p":3,"type":2221906},"Q19953632":{"code":19953632,"name":"former admin","p":15893266,"type":19953632},"Q5962346":{"code":5962346,"name":"classification system","p":24017414,"type":5962346},"Q11834037":{"code":11834037,"name":"physico-geographical regionalization","p":5962346,"type":11834037},"Q25894868":{"code":25894868,"name":"place type","p":24017414,"type":25894868},"Q41710":{"code":41710,"name":"ethnic group","p":24017414,"type":41710},"Q23442":{"code":23442,"name":"island","p":25894868,"type":23442},"Q15617994":{"code":15617994,"name":"designation for an administrative territorial entity","p":24017414,"type":15617994},"Q111972893":{"code":111972893,"name":"type of structure","p":24017414,"type":111972893},"Q811979":{"code":811979,"name":"architectural structure","p":111972893,"type":811979},"Q41176":{"code":41176,"name":"building","p":811979,"type":41176},"Q96084375":{"code":96084375,"name":"former building or structure","p":41176,"type":96084375},"Q12292478":{"code":12292478,"name":"estate","p":811979,"type":12292478},"Q875157":{"code":875157,"name":"resort","p":12292478,"type":875157},"Q699405":{"code":699405,"name":"residence","p":811979,"type":699405},"Q5890494":{"code":5890494,"name":"homestead","p":699405,"type":5890494},"Q11755880":{"code":11755880,"name":"residential building","p":699405,"type":11755880},"Q113489728":{"code":113489728,"name":"OECD country","p":183039,"type":113489728},"Q1307214":{"code":1307214,"name":"form of government","p":183039,"type":1307214},"Q6256":{"code":6256,"name":"country","p":183039,"type":6256},"Q171308":{"code":171308,"name":"oblast","p":56061,"type":171308},"Q15621274":{"code":15621274,"name":"enclave or exclave","p":56061,"type":15621274},"Q3024240":{"code":3024240,"name":"historical country","p":19953632,"type":3024240},"Q12076836":{"code":12076836,"name":"of a single country","p":56061,"type":12076836},"Q2520520":{"code":2520520,"name":"administrative territorial entity of Hungary","p":12076836,"type":2520520},"Q697379":{"code":697379,"name":"administrative territorial entity of Romania","p":12076836,"type":697379},"Q15620181":{"code":15620181,"name":"administrative territorial entity of Estonia","p":12076836,"type":15620181},"Q1799794":{"code":1799794,"name":"By level","p":56061,"type":1799794},"Q788176":{"code":788176,"name":"autonomous administrative territorial entity","p":56061,"type":788176},"Q10864048":{"code":10864048,"name":"A1","p":1799794,"type":10864048},"Q13220204":{"code":13220204,"name":"A2","p":1799794,"type":13220204},"Q13221722":{"code":13221722,"name":"A3","p":1799794,"type":13221722},"Q14757767":{"code":14757767,"name":"A4","p":1799794,"type":14757767},"Q4976993":{"code":4976993,"name":"civil parish","p":14757767,"type":4976993},"Q7275":{"code":7275,"name":"state","p":56061,"type":7275},"Q702492":{"code":702492,"name":"urban area","p":486972,"type":702492},"Q515":{"code":515,"name":"city","p":486972,"type":515},"Q532":{"code":532,"name":"village","p":486972,"type":532},"Q618299":{"code":618299,"name":"settlement","p":486972,"type":618299},"Q15284":{"code":15284,"name":"municipality","p":486972,"type":15284},"Q15253706":{"code":15253706,"name":"like a city","p":486972,"type":15253706},"Q244793":{"code":244793,"name":"twin cities","p":486972,"type":244793},"Q676050":{"code":676050,"name":"old town","p":486972,"type":676050},"Q1782540":{"code":1782540,"name":"railway town","p":486972,"type":1782540},"Q98966309":{"code":98966309,"name":"classification of human settlements","p":486972,"type":98966309},"Q7930989":{"code":7930989,"name":"city or town","p":486972,"type":7930989},"Q33829":{"code":33829,"name":"human population","p":2625603,"type":33829},"Q1492823":{"code":1492823,"name":"ecclesiastical district","p":51041800,"type":1492823},"Q20926517":{"code":20926517,"name":"religious administrative territorial entity","p":51041800,"type":20926517},"Q665487":{"code":665487,"name":"diocese","p":20926517,"type":665487},"Q471855":{"code":471855,"name":"jurisdiction","p":659390,"type":471855},"Q2665272":{"code":2665272,"name":"Ecclesiastical circumscription immediately subject to the Holy See","p":471855,"type":2665272},"Q618123":{"code":618123,"name":"geographical feature","p":2221906,"type":618123},"Q1291195":{"code":1291195,"name":"place of discovery","p":618123,"type":1291195},"Q82794":{"code":82794,"name":"geographic region","p":618123,"type":82794},"Q106589819":{"code":106589819,"name":"elevation","p":618123,"type":106589819},"Q74817647":{"code":74817647,"name":"aspect in a geographic region","p":82794,"type":74817647},"Q205895":{"code":205895,"name":"landmass","p":82794,"type":205895},"Q183366":{"code":183366,"name":"territory","p":82794,"type":183366},"Q4835091":{"code":4835091,"name":"territory","p":82794,"type":4835091},"Q15642541":{"code":15642541,"name":"human-geographic territorial entity","p":183366,"type":15642541},"Q74047":{"code":74047,"name":"ghost town","p":98966309,"type":74047},"Q130003":{"code":130003,"name":"ski resort","p":486972,"type":130003},"Q148837":{"code":148837,"name":"polis","p":15617994,"type":148837},"Q123705":{"code":123705,"name":"neighborhood","p":486972,"type":123705},"Q133004":{"code":133004,"name":"diaspora","p":24017414,"type":133004},"Q3374262":{"code":3374262,"name":"miasteczko","p":15284,"type":3374262},"Q3455524":{"code":3455524,"name":"administrative region","p":15617994,"type":3455524},"Q3502482":{"code":3502482,"name":"cultural region","p":82794,"type":3502482},"Q162602":{"code":162602,"name":"river island","p":23442,"type":162602},"Q3565075":{"code":3565075,"name":"raion of city in Ukraine","p":13221722,"type":3565075},"Q3624078":{"code":3624078,"name":"sovereign state","p":6256,"type":3624078},"Q171441":{"code":171441,"name":"enclave","p":15621274,"type":171441},"Q175185":{"code":175185,"name":"rural area","p":82794,"type":175185},"Q159313":{"code":159313,"name":"urban agglomeration","p":702492,"type":159313},"Q3920245":{"code":3920245,"name":"Historical city of Russia","p":486972,"type":3920245},"Q3920906":{"code":3920906,"name":"ethnic territory","p":183366,"type":3920906},"Q4056979":{"code":4056979,"name":"agglomeration of Russia","p":159313,"type":4056979},"Q192287":{"code":192287,"name":"subdivision of Russia","p":12076836,"type":192287},"Q4057826":{"code":4057826,"name":"administrative okrug","p":192287,"type":4057826},"Q4129217":{"code":4129217,"name":"vyselok","p":15617994,"type":4129217},"Q4155473":{"code":4155473,"name":"vacation village","p":532,"type":4155473},"Q4174776":{"code":4174776,"name":"village of Japan","p":15617994,"type":4174776},"Q4286337":{"code":4286337,"name":"city district","p":56061,"type":4286337},"Q4375340":{"code":4375340,"name":"pochinok","p":486972,"type":4375340},"Q27002":{"code":27002,"name":"selsoviet","p":15617994,"type":27002},"Q4414033":{"code":4414033,"name":"rural council of Ukraine","p":27002,"type":4414033},"Q192611":{"code":192611,"name":"electoral district","p":56061,"type":192611},"Q208500":{"code":208500,"name":"principality","p":1307214,"type":208500},"Q2514025":{"code":2514025,"name":"posyolok","p":15617994,"type":2514025},"Q5175541":{"code":5175541,"name":"Cottage country","p":2514025,"type":5175541},"Q7216840":{"code":7216840,"name":"urban-type settlement in Ukraine","p":74817647,"type":7216840},"Q1849719":{"code":1849719,"name":"municipal formation in Russia","p":15284,"type":1849719},"Q13626398":{"code":13626398,"name":"urban okrug in Russia","p":1849719,"type":13626398},"Q15195406":{"code":15195406,"name":"city district in Russia","p":192287,"type":15195406},"Q211450":{"code":211450,"name":"closed city","p":192287,"type":211450},"Q245260":{"code":245260,"name":"conurbation","p":702492,"type":245260},"Q5119":{"code":5119,"name":"capital city","p":515,"type":5119},"Q4442912":{"code":4442912,"name":"capital of Russia","p":5119,"type":4442912},"Q4533081":{"code":4533081,"name":"ethnolinguistic group","p":41710,"type":4533081},"Q15239622":{"code":15239622,"name":"disputed territory","p":183366,"type":15239622},"Q10354598":{"code":10354598,"name":"rural settlement","p":56061,"type":10354598},"Q11197007":{"code":11197007,"name":"ethnoreligious group","p":41710,"type":11197007},"Q14616455":{"code":14616455,"name":"destroyed city","p":98966309,"type":14616455},"Q15078955":{"code":15078955,"name":"urban-type settlement in Russia","p":192287,"type":15078955},"Q20867225":{"code":20867225,"name":"volost of Russia","p":192287,"type":20867225},"Q21130185":{"code":21130185,"name":"an existing village of a former municipality in Finland","p":532,"type":21130185},"Q21507948":{"code":21507948,"name":"former village","p":532,"type":21507948},"Q484215":{"code":484215,"name":"federal district of Russia","p":15642541,"type":484215},"Q859563":{"code":859563,"name":"secular state","p":1307214,"type":859563},"Q902814":{"code":902814,"name":"border town","p":7930989,"type":902814},"Q1130491":{"code":1130491,"name":"sloboda","p":486972,"type":1130491},"Q1161185":{"code":1161185,"name":"high island","p":23442,"type":1161185},"Q7688":{"code":7688,"name":"raion","p":15617994,"type":7688},"Q1267632":{"code":1267632,"name":"raion of Ukraine","p":7688,"type":1267632},"Q350895":{"code":350895,"name":"abandoned village","p":98966309,"type":350895},"Q365627":{"code":365627,"name":"watchman's house","p":11755880,"type":365627},"Q427961":{"code":427961,"name":"metropolis","p":665487,"type":427961},"Q634099":{"code":634099,"name":"rural settlement of Russia","p":1849719,"type":634099},"Q604435":{"code":604435,"name":"microdistrict","p":123705,"type":604435},"Q839954":{"code":839954,"name":"archaeological site","p":1291195,"type":839954},"Q12134916":{"code":12134916,"name":"centre of oblast","p":56061,"type":12134916},"Q15584664":{"code":15584664,"name":"city under municipality jurisdiction in Latvia","p":515,"type":15584664},"Q15634554":{"code":15634554,"name":"state with limited recognition","p":7275,"type":15634554},"Q15982377":{"code":15982377,"name":"selsoviet of Russia","p":27002,"type":15982377},"Q18632459":{"code":18632459,"name":"ulus","p":486972,"type":18632459},"Q18729324":{"code":18729324,"name":"razyezd","p":15617994,"type":18729324},"Q19730508":{"code":19730508,"name":"former municipality","p":15284,"type":19730508},"Q20094029":{"code":20094029,"name":"Russian-occupied territories of Ukraine","p":15239622,"type":20094029},"Q707813":{"code":707813,"name":"Hanseatic city","p":515,"type":707813},"Q738570":{"code":738570,"name":"central business district","p":123705,"type":738570},"Q2191999":{"code":2191999,"name":"Pogost","p":486972,"type":2191999},"Q2198484":{"code":2198484,"name":"municipal district","p":56061,"type":2198484},"Q2661988":{"code":2661988,"name":"urban settlement in Russia","p":15284,"type":2661988},"Q933394":{"code":933394,"name":"exclave","p":15621274,"type":933394},"Q1350536":{"code":1350536,"name":"naukograd","p":486972,"type":1350536},"Q2974842":{"code":2974842,"name":"lost city","p":98966309,"type":2974842},"Q2989457":{"code":2989457,"name":"urban-type settlement","p":486972,"type":2989457},"Q748331":{"code":748331,"name":"stanitsa","p":56061,"type":748331},"Q5084":{"code":5084,"name":"hamlet","p":15617994,"type":5084},"Q1021711":{"code":1021711,"name":"seaside resort","p":486972,"type":1021711},"Q1048835":{"code":1048835,"name":"political territorial entity","p":56061,"type":1048835},"Q1065592":{"code":1065592,"name":"desert island","p":23442,"type":1065592},"Q1081138":{"code":1081138,"name":"historic site","p":811979,"type":1081138},"Q1306755":{"code":1306755,"name":"administrative centre","p":2221906,"type":1306755},"Q1323642":{"code":1323642,"name":"transcontinental country","p":6256,"type":1323642},"Q2264924":{"code":2264924,"name":"port settlement","p":515,"type":2264924},"Q2319498":{"code":2319498,"name":"landmark","p":811979,"type":2319498},"Q22674925":{"code":22674925,"name":"former settlement","p":98966309,"type":22674925},"Q6266":{"code":6266,"name":"nation","p":659390,"type":6266},"Q21672098":{"code":21672098,"name":"village of Ukraine","p":532,"type":21672098},"Q24258416":{"code":24258416,"name":"railway station","p":56061,"type":24258416},"Q27062006":{"code":27062006,"name":"station","p":56061,"type":27062006},"Q27254666":{"code":27254666,"name":"urban-type settlement by the railway station","p":15617994,"type":27254666},"Q1402592":{"code":1402592,"name":"island group","p":82794,"type":1402592},"Q3257686":{"code":3257686,"name":"locality","p":486972,"type":3257686},"Q1427510":{"code":1427510,"name":"Posad","p":3257686,"type":1427510},"Q1434274":{"code":1434274,"name":"field name","p":618123,"type":1434274},"Q1620908":{"code":1620908,"name":"historical region","p":56061,"type":1620908},"Q27517483":{"code":27517483,"name":"railroad crossing","p":10354598,"type":27517483},"Q27531730":{"code":27531730,"name":"kordon","p":15617994,"type":27531730},"Q27532791":{"code":27532791,"name":"railway booth","p":15617994,"type":27532791},"Q27532818":{"code":27532818,"name":"railway barracks","p":15617994,"type":27532818},"Q27554677":{"code":27554677,"name":"former capital","p":486972,"type":27554677},"Q27587207":{"code":27587207,"name":"city municipality","p":15617994,"type":27587207},"Q771444":{"code":771444,"name":"aul","p":532,"type":771444},"Q27588331":{"code":27588331,"name":"state farm settlement","p":15617994,"type":27588331},"Q27654220":{"code":27654220,"name":"abandoned hamlet","p":5084,"type":27654220},"Q28035482":{"code":28035482,"name":"administrative territorial entity of the Republic of Crimea","p":192287,"type":28035482},"Q28790362":{"code":28790362,"name":"ethnic community","p":41710,"type":28790362},"Q1549591":{"code":1549591,"name":"big city","p":98966309,"type":1549591},"Q2381977":{"code":2381977,"name":"inter-settlement territory","p":192287,"type":2381977},"Q3146899":{"code":3146899,"name":"diocese of the Catholic Church","p":665487,"type":3146899},"Q3154693":{"code":3154693,"name":"city council","p":56061,"type":3154693},"Q1637706":{"code":1637706,"name":"million city","p":1549591,"type":1637706},"Q36728566":{"code":36728566,"name":"ranger station","p":811979,"type":36728566},"Q2023000":{"code":2023000,"name":"khutor","p":15617994,"type":2023000},"Q43263":{"code":43263,"name":"federal subject of Russia","p":192287,"type":43263},"Q8502":{"code":8502,"name":"mountain","p":106589819,"type":8502},"Q34763":{"code":34763,"name":"peninsula","p":205895,"type":34763},"Q1977835":{"code":1977835,"name":"autonomous republic","p":788176,"type":1977835},"Q1840504":{"code":1840504,"name":"national raion","p":7688,"type":1840504},"Q1907114":{"code":1907114,"name":"metropolitan area","p":56061,"type":1907114},"Q39614":{"code":39614,"name":"cemetery","p":618123,"type":39614},"Q43702":{"code":43702,"name":"federation","p":1307214,"type":43702},"Q60849925":{"code":60849925,"name":"municipal district in Russia","p":192287,"type":60849925},"Q99541706":{"code":99541706,"name":"historical unrecognized state","p":3024240,"type":99541706},"Q41501164":{"code":41501164,"name":"village of Crimea","p":532,"type":41501164},"Q42619282":{"code":42619282,"name":"municipal okrug of Saint Petersburg","p":192287,"type":42619282},"Q50330360":{"code":50330360,"name":"second largest city","p":7930989,"type":50330360},"Q51929311":{"code":51929311,"name":"largest city","p":7930989,"type":51929311},"Q106389302":{"code":106389302,"name":"city/town in Russia","p":192287,"type":106389302},"Q33837":{"code":33837,"name":"archipelago","p":205895,"type":33837},"Q3350075":{"code":3350075,"name":"","p":192287,"type":3350075},"Q16652878":{"code":16652878,"name":"","p":15617994,"type":16652878},"Q24026248":{"code":24026248,"name":"","p":15617994,"type":24026248},"Q24067406":{"code":24067406,"name":"","p":123705,"type":24067406},"Q27254663":{"code":27254663,"name":"","p":15617994,"type":27254663},"Q27517998":{"code":27517998,"name":"","p":15617994,"type":27517998},"Q27518087":{"code":27518087,"name":"","p":15617994,"type":27518087},"Q27518260":{"code":27518260,"name":"","p":15617994,"type":27518260},"Q27518266":{"code":27518266,"name":"","p":15617994,"type":27518266},"Q27518282":{"code":27518282,"name":"","p":15617994,"type":27518282},"Q27518287":{"code":27518287,"name":"","p":15617994,"type":27518287},"Q27518793":{"code":27518793,"name":"","p":15617994,"type":27518793},"Q27526294":{"code":27526294,"name":"","p":15617994,"type":27526294},"Q27566198":{"code":27566198,"name":"","p":15617994,"type":27566198},"Q27577201":{"code":27577201,"name":"","p":15617994,"type":27577201},"Q27587491":{"code":27587491,"name":"","p":15617994,"type":27587491},"Q113560197":{"code":113560197,"name":"","p":192287,"type":113560197},"Q-1":{"code":-1,"name":"INVALID","p":3,"type":-1},"Q-2":{"code":-2,"name":"EXCLUDED","p":3,"type":-2},"Q3957":{"code":3957,"name":"town (Q3957)","p":-1,"type":3957},"Q7270":{"code":7270,"name":"republic (Q7270)","p":-1,"type":7270},"Q11032":{"code":11032,"name":"newspaper (Q11032)","p":-1,"type":11032},"Q15324":{"code":15324,"name":"body of water (Q15324)","p":-1,"type":15324},"Q17737":{"code":17737,"name":"theory (Q17737)","p":-1,"type":17737},"Q19828":{"code":19828,"name":"leap year (Q19828)","p":-1,"type":19828},"Q21199":{"code":21199,"name":"natural number (Q21199)","p":-1,"type":21199},"Q27686":{"code":27686,"name":"hotel (Q27686)","p":-1,"type":27686},"Q30103":{"code":30103,"name":"minority group (Q30103)","p":-1,"type":30103},"Q38723":{"code":38723,"name":"higher education institution (Q38723)","p":-1,"type":38723},"Q43229":{"code":43229,"name":"organization (Q43229)","p":-1,"type":43229},"Q49773":{"code":49773,"name":"social movement (Q49773)","p":-1,"type":49773},"Q55488":{"code":55488,"name":"railway station (Q55488)","p":-1,"type":55488},"Q57821":{"code":57821,"name":"fortification (Q57821)","p":-1,"type":57821},"Q93352":{"code":93352,"name":"coast (Q93352)","p":-1,"type":93352},"Q149621":{"code":149621,"name":"district (Q149621)","p":-1,"type":149621},"Q151885":{"code":151885,"name":"concept (Q151885)","p":-1,"type":151885},"Q203323":{"code":203323,"name":"administrative territorial entity of Ukraine (Q203323)","p":-1,"type":203323},"Q285181":{"code":285181,"name":"eparchy (Q285181)","p":-1,"type":285181},"Q462667":{"code":462667,"name":"administrative territorial entity of Moscow (Q462667)","p":-1,"type":462667},"Q687121":{"code":687121,"name":"volost (Q687121)","p":-1,"type":687121},"Q874405":{"code":874405,"name":"social group (Q874405)","p":-1,"type":874405},"Q905577":{"code":905577,"name":"administrative territorial entity of Tuva (Q905577)","p":-1,"type":905577},"Q937228":{"code":937228,"name":"property (Q937228)","p":-1,"type":937228},"Q1048652":{"code":1048652,"name":"autonomous oblast (Q1048652)","p":-1,"type":1048652},"Q1165944":{"code":1165944,"name":"land use (Q1165944)","p":-1,"type":1165944},"Q1924376":{"code":1924376,"name":"monitoring station (Q1924376)","p":-1,"type":1924376},"Q2324993":{"code":2324993,"name":"state power (Q2324993)","p":-1,"type":2324993},"Q2516121":{"code":2516121,"name":"transport structure (Q2516121)","p":-1,"type":2516121},"Q2628882":{"code":2628882,"name":"legal status (Q2628882)","p":-1,"type":2628882},"Q3591867":{"code":3591867,"name":"proposed country (Q3591867)","p":-1,"type":3591867},"Q3702971":{"code":3702971,"name":"personal data (Q3702971)","p":-2,"type":3702971},"Q4204491":{"code":4204491,"name":"administrative territorial entity of the Soviet Union (Q4204491)","p":-1,"type":4204491},"Q4373292":{"code":4373292,"name":"physical property (Q4373292)","p":-1,"type":4373292},"Q5003624":{"code":5003624,"name":"memorial (Q5003624)","p":-1,"type":5003624},"Q7315155":{"code":7315155,"name":"research center (Q7315155)","p":-1,"type":7315155},"Q12051488":{"code":12051488,"name":"populated place in Ukraine (Q12051488)","p":-1,"type":12051488},"Q13406463":{"code":13406463,"name":"Wikimedia list article (Q13406463)","p":-1,"type":13406463},"Q15700808":{"code":15700808,"name":"urban unit definition (Q15700808)","p":-1,"type":15700808},"Q16831714":{"code":16831714,"name":"government building (Q16831714)","p":-1,"type":16831714},"Q18398645":{"code":18398645,"name":"types of towns and cities in Russia (Q18398645)","p":-1,"type":18398645},"Q20829075":{"code":20829075,"name":"type of language (Q20829075)","p":-1,"type":20829075},"Q21550989":{"code":21550989,"name":"signal tower (Q21550989)","p":-1,"type":21550989},"Q27955379":{"code":27955379,"name":"road transport infrastructure (Q27955379)","p":-1,"type":27955379},"Q28872924":{"code":28872924,"name":"designation for an administrative territorial entity of a single country (Q28872924)","p":-1,"type":28872924},"Q28923954":{"code":28923954,"name":"languoid class (Q28923954)","p":-1,"type":28923954},"Q29025902":{"code":29025902,"name":"volcanic landform (Q29025902)","p":-1,"type":29025902},"Q55553838":{"code":55553838,"name":"conservation state (Q55553838)","p":-1,"type":55553838},"Q80096233":{"code":80096233,"name":"information list (Q80096233)","p":-1,"type":80096233},"Q111737478":{"code":111737478,"name":"catholic ecclesiastical district (Q111737478)","p":-1,"type":111737478},"Q-3":{"code":-3,"name":"UNLINKED","p":3,"type":-3},"Q79007":{"code":79007,"name":"street (Q79007)","p":-3,"type":79007},"Q103817":{"code":103817,"name":"indigenous people (Q103817)","p":-3,"type":103817},"Q170156":{"code":170156,"name":"confederation (Q170156)","p":-3,"type":170156},"Q174844":{"code":174844,"name":"megacity (Q174844)","p":-3,"type":174844},"Q4057732":{"code":4057732,"name":"administrative territorial entity of Crimea (Q4057732)","p":-3,"type":4057732},"Q4057820":{"code":4057820,"name":"administrative okrug of Moscow (Q4057820)","p":-3,"type":4057820},"Q4085712":{"code":4085712,"name":"unwritten language (Q4085712)","p":-3,"type":4085712},"Q183342":{"code":183342,"name":"federal city of Russia (Q183342)","p":-3,"type":183342},"Q4373614":{"code":4373614,"name":"settlement of Moscow (Q4373614)","p":-3,"type":4373614},"Q4389092":{"code":4389092,"name":"district of Moscow (Q4389092)","p":-3,"type":4389092},"Q185113":{"code":185113,"name":"cape (Q185113)","p":-3,"type":185113},"Q184122":{"code":184122,"name":"autonomous okrug of Russia (Q184122)","p":-3,"type":184122},"Q200209":{"code":200209,"name":"cities of Ukraine (Q200209)","p":-3,"type":200209},"Q6838968":{"code":6838968,"name":"Kozhuun (Q6838968)","p":-3,"type":6838968},"Q7830079":{"code":7830079,"name":"town of district significance in Russia (Q7830079)","p":-3,"type":7830079},"Q231002":{"code":231002,"name":"nationality (Q231002)","p":-3,"type":231002},"Q13634591":{"code":13634591,"name":"1890 (Q13634591)","p":-3,"type":13634591},"Q187768":{"code":187768,"name":"cities and towns in Russia (Q187768)","p":-3,"type":187768},"Q188509":{"code":188509,"name":"suburb (Q188509)","p":-3,"type":188509},"Q309166":{"code":309166,"name":"autonomous oblast of Russia (Q309166)","p":-3,"type":309166},"Q4430166":{"code":4430166,"name":"sotsgorod (Q4430166)","p":-3,"type":4430166},"Q4436777":{"code":4436777,"name":"rural locality with a population of more than 10,000 inhabitants in Russia (Q4436777)","p":-3,"type":4436777},"Q5123997":{"code":5123997,"name":"city of federal subject significance of Russia (Q5123997)","p":-3,"type":5123997},"Q5123999":{"code":5123999,"name":"city of regional significance of Ukraine (Q5123999)","p":-3,"type":5123999},"Q15243209":{"code":15243209,"name":"historic district (Q15243209)","p":-3,"type":15243209},"Q484652":{"code":484652,"name":"international organization (Q484652)","p":-3,"type":484652},"Q499720":{"code":499720,"name":"autonomous oblast of a union republic of the Soviet Union (Q499720)","p":-3,"type":499720},"Q575759":{"code":575759,"name":"war memorial (Q575759)","p":-3,"type":575759},"Q14242187":{"code":14242187,"name":"city district of Nizhny Novgorod (Q14242187)","p":-3,"type":14242187},"Q190107":{"code":190107,"name":"weather station (Q190107)","p":-3,"type":190107},"Q20732405":{"code":20732405,"name":"volost of the Russian Empire (Q20732405)","p":-3,"type":20732405},"Q20571989":{"code":20571989,"name":"Awıl (Q20571989)","p":-3,"type":20571989},"Q20719675":{"code":20719675,"name":"raion of the Soviet Union (Q20719675)","p":-3,"type":20719675},"Q351389":{"code":351389,"name":"ethnic minority (Q351389)","p":-3,"type":351389},"Q384003":{"code":384003,"name":"apostolic prefecture (Q384003)","p":-3,"type":384003},"Q465613":{"code":465613,"name":"people's republic (Q465613)","p":-3,"type":465613},"Q620509":{"code":620509,"name":"military town (Q620509)","p":-3,"type":620509},"Q674950":{"code":674950,"name":"residential area (Q674950)","p":-3,"type":674950},"Q835714":{"code":835714,"name":"oblasts of Russia (Q835714)","p":-3,"type":835714},"Q12131624":{"code":12131624,"name":"city ​​in Ukraine (Q12131624)","p":-3,"type":12131624},"Q18071983":{"code":18071983,"name":"okrug of the Soviet Union (Q18071983)","p":-3,"type":18071983},"Q19860854":{"code":19860854,"name":"destroyed building or structure (Q19860854)","p":-3,"type":19860854},"Q20019082":{"code":20019082,"name":"work settlement of Russia (Q20019082)","p":-3,"type":20019082},"Q1288568":{"code":1288568,"name":"modern language (Q1288568)","p":-3,"type":1288568},"Q1335818":{"code":1335818,"name":"supranational union (Q1335818)","p":-3,"type":1335818},"Q744099":{"code":744099,"name":"hillfort (Q744099)","p":-3,"type":744099},"Q3918":{"code":3918,"name":"university (Q3918)","p":-3,"type":3918},"Q757292":{"code":757292,"name":"border checkpoint (Q757292)","p":-3,"type":757292},"Q769696":{"code":769696,"name":"ethnic minority (Q769696)","p":-3,"type":769696},"Q17334923":{"code":17334923,"name":"physical location (Q17334923)","p":-3,"type":17334923},"Q27517161":{"code":27517161,"name":"no label (Q27517161)","p":-3,"type":27517161},"Q788046":{"code":788046,"name":"no label (Q788046)","p":-3,"type":788046},"Q2472587":{"code":2472587,"name":"no label (Q2472587)","p":-3,"type":2472587},"Q5710":{"code":5710,"name":"no label (Q5710)","p":-3,"type":5710},"Q7829":{"code":7829,"name":"no label (Q7829)","p":-3,"type":7829},"Q38058796":{"code":38058796,"name":"no label (Q38058796)","p":-3,"type":38058796},"Q8072":{"code":8072,"name":"no label (Q8072)","p":-3,"type":8072},"Q2531956":{"code":2531956,"name":"no label (Q2531956)","p":-3,"type":2531956},"Q34770":{"code":34770,"name":"no label (Q34770)","p":-3,"type":34770},"Q831740":{"code":831740,"name":"no label (Q831740)","p":-3,"type":831740},"Q35798":{"code":35798,"name":"no label (Q35798)","p":-3,"type":35798},"Q45762":{"code":45762,"name":"no label (Q45762)","p":-3,"type":45762},"Q1959314":{"code":1959314,"name":"no label (Q1959314)","p":-3,"type":1959314},"Q1976594":{"code":1976594,"name":"no label (Q1976594)","p":-3,"type":1976594},"Q55468590":{"code":55468590,"name":"no label (Q55468590)","p":-3,"type":55468590},"Q56575365":{"code":56575365,"name":"no label (Q56575365)","p":-3,"type":56575365},"Q56580032":{"code":56580032,"name":"no label (Q56580032)","p":-3,"type":56580032},"Q56580326":{"code":56580326,"name":"no label (Q56580326)","p":-3,"type":56580326},"Q56580425":{"code":56580425,"name":"no label (Q56580425)","p":-3,"type":56580425},"Q60176300":{"code":60176300,"name":"no label (Q60176300)","p":-3,"type":60176300},"Q34442":{"code":34442,"name":"no label (Q34442)","p":-3,"type":34442},"Q41162":{"code":41162,"name":"no label (Q41162)","p":-3,"type":41162},"Q105390172":{"code":105390172,"name":"no label (Q105390172)","p":-3,"type":105390172},"Q111262701":{"code":111262701,"name":"no label (Q111262701)","p":-3,"type":111262701},"Q112074700":{"code":112074700,"name":"no label (Q112074700)","p":-3,"type":112074700},"Q39715":{"code":39715,"name":"no label (Q39715)","p":-3,"type":39715},"Q44782":{"code":44782,"name":"no label (Q44782)","p":-3,"type":44782},"Q55485":{"code":55485,"name":"no label (Q55485)","p":-3,"type":55485},"Q15630513":{"code":15630513,"name":"no label (Q15630513)","p":-3,"type":15630513},"Q48941745":{"code":48941745,"name":"no label (Q48941745)","p":-3,"type":48941745},"Q106643841":{"code":106643841,"name":"no label (Q106643841)","p":-3,"type":106643841},"Q113560322":{"code":113560322,"name":"no label (Q113560322)","p":-3,"type":113560322}}