{"Q3":{"code":3,"name":"ROOT","type":634},"Q24017414":{"code":24017414,"name":"MISC","p":3,"type":24017414},"Q183039":{"code":183039,"name":"COUNTRY","p":3,"type":183039},"Q56061":{"code":56061,"name":"admin","p":3,"type":56061},"Q486972":{"code":486972,"name":"settled","p":3,"type":486972},"Q51041800":{"code":51041800,"name":"religious","p":3,"type":51041800},"Q2221906":{"code":2221906,"name":"geo","p":3,"type":2221906},"Q25894868":{"code":25894868,"name":"place type","p":24017414,"type":25894868},"Q41710":{"code":41710,"name":"ethnic group","p":24017414,"type":41710},"Q23442":{"code":23442,"name":"island","p":25894868,"type":23442},"Q15617994":{"code":15617994,"name":"designation for an administrative territorial entity","p":24017414,"type":15617994},"Q111972893":{"code":111972893,"name":"type of structure","p":24017414,"type":111972893},"Q811979":{"code":811979,"name":"architectural structure","p":111972893,"type":811979},"Q12292478":{"code":12292478,"name":"estate","p":811979,"type":12292478},"Q875157":{"code":875157,"name":"resort","p":12292478,"type":875157},"Q1307214":{"code":1307214,"name":"form of government","p":183039,"type":1307214},"Q6256":{"code":6256,"name":"country","p":183039,"type":6256},"Q515":{"code":515,"name":"city","p":486972,"type":515},"Q532":{"code":532,"name":"village","p":486972,"type":532},"Q98966309":{"code":98966309,"name":"classification of human settlements","p":486972,"type":98966309},"Q7930989":{"code":7930989,"name":"city or town","p":486972,"type":7930989},"Q20926517":{"code":20926517,"name":"religious administrative territorial entity","p":51041800,"type":20926517},"Q665487":{"code":665487,"name":"diocese","p":20926517,"type":665487},"Q618123":{"code":618123,"name":"geographical feature","p":2221906,"type":618123},"Q82794":{"code":82794,"name":"geographic region","p":618123,"type":82794},"Q106589819":{"code":106589819,"name":"elevation","p":618123,"type":106589819},"Q183366":{"code":183366,"name":"territory","p":82794,"type":183366},"Q3957":{"code":3957,"name":"town","p":98966309,"type":3957},"Q5119":{"code":5119,"name":"capital city","p":515,"type":5119},"Q5084":{"code":5084,"name":"hamlet","p":15617994,"type":5084},"Q7270":{"code":7270,"name":"republic","p":183039,"type":7270},"Q54050":{"code":54050,"name":"hill","p":106589819,"type":54050},"Q859563":{"code":859563,"name":"secular state","p":1307214,"type":859563},"Q1021711":{"code":1021711,"name":"seaside resort","p":486972,"type":1021711},"Q1549591":{"code":1549591,"name":"big city","p":98966309,"type":1549591},"Q123705":{"code":123705,"name":"neighborhood","p":486972,"type":123705},"Q17634997":{"code":17634997,"name":"balneario","p":486972,"type":17634997},"Q902814":{"code":902814,"name":"border town","p":7930989,"type":902814},"Q1637706":{"code":1637706,"name":"million city","p":1549591,"type":1637706},"Q175185":{"code":175185,"name":"rural area","p":82794,"type":175185},"Q1761572":{"code":1761572,"name":"barrio","p":123705,"type":1761572},"Q3146899":{"code":3146899,"name":"diocese of the Catholic Church","p":665487,"type":3146899},"Q3257686":{"code":3257686,"name":"locality","p":486972,"type":3257686},"Q3624078":{"code":3624078,"name":"sovereign state","p":6256,"type":3624078},"Q-3":{"code":-3,"name":"UNLINKED","p":3,"type":-3},"Q56059":{"code":56059,"name":"department of Uruguay (Q56059)","p":-3,"type":56059},"Q219858":{"code":219858,"name":"zone (Q219858)","p":-3,"type":219858},"Q3685434":{"code":3685434,"name":"municipality of Uruguay (Q3685434)","p":-3,"type":3685434},"Q105390172":{"code":105390172,"name":"Roman Catholic metropolitan archdiocese (Q105390172)","p":-3,"type":105390172},"Q114822299":{"code":114822299,"name":"organization headquarters (Q114822299)","p":-3,"type":114822299},"Q185113":{"code":185113,"name":"cape (Q185113)","p":-3,"type":185113},"Q188509":{"code":188509,"name":"suburb (Q188509)","p":-3,"type":188509},"Q210272":{"code":210272,"name":"cultural heritage (Q210272)","p":-3,"type":210272},"Q62129985":{"code":62129985,"name":"No label (Q62129985)","p":-3,"type":62129985},"Q62130005":{"code":62130005,"name":"No label (Q62130005)","p":-3,"type":62130005}}