{"Q3":{"code":3,"name":"ROOT","type":634},"Q24017414":{"code":24017414,"name":"MISC","p":3,"type":24017414},"Q183039":{"code":183039,"name":"COUNTRY","p":3,"type":183039},"Q56061":{"code":56061,"name":"admin","p":3,"type":56061},"Q486972":{"code":486972,"name":"settled","p":3,"type":486972},"Q51041800":{"code":51041800,"name":"religious","p":3,"type":51041800},"Q2221906":{"code":2221906,"name":"geo","p":3,"type":2221906},"Q25894868":{"code":25894868,"name":"place type","p":24017414,"type":25894868},"Q23442":{"code":23442,"name":"island","p":25894868,"type":23442},"Q6256":{"code":6256,"name":"country","p":183039,"type":6256},"Q7275":{"code":7275,"name":"state","p":56061,"type":7275},"Q515":{"code":515,"name":"city","p":486972,"type":515},"Q15284":{"code":15284,"name":"municipality","p":486972,"type":15284},"Q20926517":{"code":20926517,"name":"religious administrative territorial entity","p":51041800,"type":20926517},"Q618123":{"code":618123,"name":"geographical feature","p":2221906,"type":618123},"Q82794":{"code":82794,"name":"geographic region","p":618123,"type":82794},"Q205895":{"code":205895,"name":"landmass","p":82794,"type":205895},"Q5119":{"code":5119,"name":"capital city","p":515,"type":5119},"Q33837":{"code":33837,"name":"archipelago","p":205895,"type":33837},"Q107390":{"code":107390,"name":"federated state","p":7275,"type":107390},"Q105388829":{"code":105388829,"name":"Latin Catholic diocese","p":20926517,"type":105388829},"Q3624078":{"code":3624078,"name":"sovereign state","p":6256,"type":3624078},"Q112099":{"code":112099,"name":"island nation","p":6256,"type":112099},"Q-3":{"code":-3,"name":"UNLINKED","p":3,"type":-3},"Q15618452":{"code":15618452,"name":"state of the Federated States of Micronesia (Q15618452)","p":-3,"type":15618452}}