{"Q3":{"code":3,"name":"ROOT","type":634},"Q24017414":{"code":24017414,"name":"MISC","p":3,"type":24017414},"Q183039":{"code":183039,"name":"COUNTRY","p":3,"type":183039},"Q56061":{"code":56061,"name":"admin","p":3,"type":56061},"Q486972":{"code":486972,"name":"settled","p":3,"type":486972},"Q2625603":{"code":2625603,"name":"population","p":3,"type":2625603},"Q51041800":{"code":51041800,"name":"religious","p":3,"type":51041800},"Q41710":{"code":41710,"name":"ethnic group","p":24017414,"type":41710},"Q15617994":{"code":15617994,"name":"designation for an administrative territorial entity","p":24017414,"type":15617994},"Q113489728":{"code":113489728,"name":"OECD country","p":183039,"type":113489728},"Q6256":{"code":6256,"name":"country","p":183039,"type":6256},"Q515":{"code":515,"name":"city","p":486972,"type":515},"Q532":{"code":532,"name":"village","p":486972,"type":532},"Q15284":{"code":15284,"name":"municipality","p":486972,"type":15284},"Q244793":{"code":244793,"name":"twin cities","p":486972,"type":244793},"Q98966309":{"code":98966309,"name":"classification of human settlements","p":486972,"type":98966309},"Q7930989":{"code":7930989,"name":"city or town","p":486972,"type":7930989},"Q33829":{"code":33829,"name":"human population","p":2625603,"type":33829},"Q20926517":{"code":20926517,"name":"religious administrative territorial entity","p":51041800,"type":20926517},"Q665487":{"code":665487,"name":"diocese","p":20926517,"type":665487},"Q5084":{"code":5084,"name":"hamlet","p":15617994,"type":5084},"Q3957":{"code":3957,"name":"town","p":98966309,"type":3957},"Q7270":{"code":7270,"name":"republic","p":183039,"type":7270},"Q5119":{"code":5119,"name":"capital city","p":515,"type":5119},"Q130003":{"code":130003,"name":"ski resort","p":486972,"type":130003},"Q123705":{"code":123705,"name":"neighborhood","p":486972,"type":123705},"Q2983893":{"code":2983893,"name":"quarter","p":56061,"type":2983893},"Q3146899":{"code":3146899,"name":"diocese of the Catholic Church","p":665487,"type":3146899},"Q373074":{"code":373074,"name":"suffragan diocese","p":15617994,"type":373074},"Q123480":{"code":123480,"name":"landlocked country","p":6256,"type":123480},"Q3257686":{"code":3257686,"name":"locality","p":486972,"type":3257686},"Q3624078":{"code":3624078,"name":"sovereign state","p":6256,"type":3624078},"Q61089180":{"code":61089180,"name":"municipal part in Czechia","p":15617994,"type":61089180},"Q67123843":{"code":67123843,"name":"town divided by border","p":244793,"type":67123843},"Q105419665":{"code":105419665,"name":"Roman Catholic archdiocese not metropolitan","p":51041800,"type":105419665},"Q108822885":{"code":108822885,"name":"Catholic Metropolitan Archieparchy","p":51041800,"type":108822885},"Q902814":{"code":902814,"name":"border town","p":7930989,"type":902814},"Q4946461":{"code":4946461,"name":"spa town","p":486972,"type":4946461},"Q1549591":{"code":1549591,"name":"big city","p":98966309,"type":1549591},"Q5195043":{"code":5195043,"name":"borough","p":15617994,"type":5195043},"Q6784672":{"code":6784672,"name":"municipality of Slovakia","p":15284,"type":6784672},"Q15661340":{"code":15661340,"name":"ancient city","p":515,"type":15661340},"Q6882870":{"code":6882870,"name":"designated spa town","p":4946461,"type":6882870},"Q22674925":{"code":22674925,"name":"former settlement","p":98966309,"type":22674925},"Q50330360":{"code":50330360,"name":"second largest city","p":7930989,"type":50330360},"Q-3":{"code":-3,"name":"UNLINKED","p":3,"type":-3},"Q188509":{"code":188509,"name":"suburb (Q188509)","p":-3,"type":188509},"Q79007":{"code":79007,"name":"street (Q79007)","p":-3,"type":79007},"Q2264478":{"code":2264478,"name":"district of Slovakia (Q2264478)","p":-3,"type":2264478},"Q570116":{"code":570116,"name":"tourist attraction (Q570116)","p":-3,"type":570116},"Q105390172":{"code":105390172,"name":"Roman Catholic metropolitan archdiocese (Q105390172)","p":-3,"type":105390172},"Q1200957":{"code":1200957,"name":"tourist destination (Q1200957)","p":-3,"type":1200957},"Q1778846":{"code":1778846,"name":"military training area (Q1778846)","p":-3,"type":1778846},"Q15057583":{"code":15057583,"name":"regions of Slovakia (Q15057583)","p":-3,"type":15057583},"Q20871353":{"code":20871353,"name":"cadastral area in the Czech Republic (Q20871353)","p":-3,"type":20871353}}