{"Q3":{"code":3,"name":"ROOT","type":634},"Q15893266":{"code":15893266,"name":"FORMER","p":3,"type":15893266},"Q24017414":{"code":24017414,"name":"MISC","p":3,"type":24017414},"Q183039":{"code":183039,"name":"COUNTRY","p":3,"type":183039},"Q56061":{"code":56061,"name":"admin","p":3,"type":56061},"Q486972":{"code":486972,"name":"settled","p":3,"type":486972},"Q2625603":{"code":2625603,"name":"population","p":3,"type":2625603},"Q51041800":{"code":51041800,"name":"religious","p":3,"type":51041800},"Q659390":{"code":659390,"name":"construct","p":3,"type":659390},"Q2221906":{"code":2221906,"name":"geo","p":3,"type":2221906},"Q19953632":{"code":19953632,"name":"former admin","p":15893266,"type":19953632},"Q25894868":{"code":25894868,"name":"place type","p":24017414,"type":25894868},"Q41710":{"code":41710,"name":"ethnic group","p":24017414,"type":41710},"Q23442":{"code":23442,"name":"island","p":25894868,"type":23442},"Q15617994":{"code":15617994,"name":"designation for an administrative territorial entity","p":24017414,"type":15617994},"Q1307214":{"code":1307214,"name":"form of government","p":183039,"type":1307214},"Q6256":{"code":6256,"name":"country","p":183039,"type":6256},"Q15621274":{"code":15621274,"name":"enclave or exclave","p":56061,"type":15621274},"Q3024240":{"code":3024240,"name":"historical country","p":19953632,"type":3024240},"Q7275":{"code":7275,"name":"state","p":56061,"type":7275},"Q702492":{"code":702492,"name":"urban area","p":486972,"type":702492},"Q515":{"code":515,"name":"city","p":486972,"type":515},"Q532":{"code":532,"name":"village","p":486972,"type":532},"Q15284":{"code":15284,"name":"municipality","p":486972,"type":15284},"Q244793":{"code":244793,"name":"twin cities","p":486972,"type":244793},"Q676050":{"code":676050,"name":"old town","p":486972,"type":676050},"Q98966309":{"code":98966309,"name":"classification of human settlements","p":486972,"type":98966309},"Q7930989":{"code":7930989,"name":"city or town","p":486972,"type":7930989},"Q33829":{"code":33829,"name":"human population","p":2625603,"type":33829},"Q1492823":{"code":1492823,"name":"ecclesiastical district","p":51041800,"type":1492823},"Q20926517":{"code":20926517,"name":"religious administrative territorial entity","p":51041800,"type":20926517},"Q665487":{"code":665487,"name":"diocese","p":20926517,"type":665487},"Q471855":{"code":471855,"name":"jurisdiction","p":659390,"type":471855},"Q2665272":{"code":2665272,"name":"Ecclesiastical circumscription immediately subject to the Holy See","p":471855,"type":2665272},"Q618123":{"code":618123,"name":"geographical feature","p":2221906,"type":618123},"Q1291195":{"code":1291195,"name":"place of discovery","p":618123,"type":1291195},"Q82794":{"code":82794,"name":"geographic region","p":618123,"type":82794},"Q106589819":{"code":106589819,"name":"elevation","p":618123,"type":106589819},"Q205895":{"code":205895,"name":"landmass","p":82794,"type":205895},"Q4835091":{"code":4835091,"name":"territory","p":82794,"type":4835091},"Q123705":{"code":123705,"name":"neighborhood","p":486972,"type":123705},"Q74047":{"code":74047,"name":"ghost town","p":98966309,"type":74047},"Q130003":{"code":130003,"name":"ski resort","p":486972,"type":130003},"Q133442":{"code":133442,"name":"city-state","p":515,"type":133442},"Q3957":{"code":3957,"name":"town","p":98966309,"type":3957},"Q148837":{"code":148837,"name":"polis","p":15617994,"type":148837},"Q149621":{"code":149621,"name":"district","p":15617994,"type":149621},"Q171441":{"code":171441,"name":"enclave","p":15621274,"type":171441},"Q5119":{"code":5119,"name":"capital city","p":515,"type":5119},"Q207524":{"code":207524,"name":"islet","p":23442,"type":207524},"Q200250":{"code":200250,"name":"metropolis","p":486972,"type":200250},"Q216851":{"code":216851,"name":"skerry","p":207524,"type":216851},"Q162602":{"code":162602,"name":"river island","p":23442,"type":162602},"Q159313":{"code":159313,"name":"urban agglomeration","p":702492,"type":159313},"Q202199":{"code":202199,"name":"inland island","p":23442,"type":202199},"Q581830":{"code":581830,"name":"carfree city","p":486972,"type":581830},"Q734818":{"code":734818,"name":"condominium","p":1307214,"type":734818},"Q747074":{"code":747074,"name":"comune of Italy","p":15284,"type":747074},"Q8502":{"code":8502,"name":"mountain","p":106589819,"type":8502},"Q839954":{"code":839954,"name":"archaeological site","p":1291195,"type":839954},"Q902814":{"code":902814,"name":"border town","p":7930989,"type":902814},"Q1392581":{"code":1392581,"name":"cycling city","p":7930989,"type":1392581},"Q1402592":{"code":1402592,"name":"island group","p":82794,"type":1402592},"Q104964763":{"code":104964763,"name":"archdiocese not metropolitan","p":665487,"type":104964763},"Q105072138":{"code":105072138,"name":"Catholic archdiocese","p":51041800,"type":105072138},"Q105072162":{"code":105072162,"name":"Catholic archdiocese not metropolitan","p":51041800,"type":105072162},"Q105388829":{"code":105388829,"name":"Latin Catholic diocese","p":20926517,"type":105388829},"Q105389481":{"code":105389481,"name":"Greek-Catholic eparchy","p":20926517,"type":105389481},"Q329683":{"code":329683,"name":"industrial zone","p":82794,"type":329683},"Q105419665":{"code":105419665,"name":"Roman Catholic archdiocese not metropolitan","p":51041800,"type":105419665},"Q373074":{"code":373074,"name":"suffragan diocese","p":15617994,"type":373074},"Q677678":{"code":677678,"name":"fortified town","p":515,"type":677678},"Q1549591":{"code":1549591,"name":"big city","p":98966309,"type":1549591},"Q1637706":{"code":1637706,"name":"million city","p":1549591,"type":1637706},"Q2264924":{"code":2264924,"name":"port settlement","p":515,"type":2264924},"Q1134686":{"code":1134686,"name":"frazione","p":532,"type":1134686},"Q625160":{"code":625160,"name":"ecclesiastical province","p":15617994,"type":625160},"Q866623":{"code":866623,"name":"Olympic Village","p":486972,"type":866623},"Q1161185":{"code":1161185,"name":"high island","p":23442,"type":1161185},"Q17152565":{"code":17152565,"name":"international zone","p":56061,"type":17152565},"Q19730508":{"code":19730508,"name":"former municipality","p":15284,"type":19730508},"Q1414991":{"code":1414991,"name":"area","p":4835091,"type":1414991},"Q3146899":{"code":3146899,"name":"diocese of the Catholic Church","p":665487,"type":3146899},"Q27780831":{"code":27780831,"name":"lost Roman Catholic diocese","p":3146899,"type":27780831},"Q39816":{"code":39816,"name":"valley","p":82794,"type":39816},"Q50330360":{"code":50330360,"name":"second largest city","p":7930989,"type":50330360},"Q1778235":{"code":1778235,"name":"territorial abbey","p":1492823,"type":1778235},"Q28575":{"code":28575,"name":"county","p":15617994,"type":28575},"Q33837":{"code":33837,"name":"archipelago","p":205895,"type":33837},"Q34763":{"code":34763,"name":"peninsula","p":205895,"type":34763},"Q12593969":{"code":12593969,"name":"patriarchate of the Catholic Church","p":1492823,"type":12593969},"Q15303838":{"code":15303838,"name":"municipality seat","p":5119,"type":15303838},"Q15661340":{"code":15661340,"name":"ancient city","p":515,"type":15661340},"Q51929311":{"code":51929311,"name":"largest city","p":7930989,"type":51929311},"Q67123843":{"code":67123843,"name":"town divided by border","p":244793,"type":67123843},"Q3685476":{"code":3685476,"name":"abolished municipality in Italy","p":747074,"type":3685476},"Q2983893":{"code":2983893,"name":"quarter","p":56061,"type":2983893},"Q3835961":{"code":3835961,"name":"località","p":486972,"type":3835961},"Q16751551":{"code":16751551,"name":"borough of Brescia","p":56061,"type":16751551},"Q1620908":{"code":1620908,"name":"historical region","p":56061,"type":1620908},"Q1184788":{"code":1184788,"name":"suburbicarian diocese","p":20926517,"type":1184788},"Q1187811":{"code":1187811,"name":"college town","p":515,"type":1187811},"Q1973416":{"code":1973416,"name":"type locality","p":618123,"type":1973416},"Q2072238":{"code":2072238,"name":"archdiocese","p":665487,"type":2072238},"Q12104567":{"code":12104567,"name":"housing estate","p":123705,"type":12104567},"Q933394":{"code":933394,"name":"exclave","p":15621274,"type":933394},"Q954172":{"code":954172,"name":"sparse municipality","p":747074,"type":954172},"Q4005760":{"code":4005760,"name":"first-level unit of Palermo","p":56061,"type":4005760},"Q3927239":{"code":3927239,"name":"quarter of Bari","p":2983893,"type":3927239},"Q3927255":{"code":3927255,"name":"quarter of Palermo","p":2983893,"type":3927255},"Q4115680":{"code":4115680,"name":"Italian city-state","p":133442,"type":4115680},"Q5107861":{"code":5107861,"name":"medieval commune","p":515,"type":5107861},"Q2202509":{"code":2202509,"name":"Roman city","p":15661340,"type":2202509},"Q3257686":{"code":3257686,"name":"locality","p":486972,"type":3257686},"Q3502482":{"code":3502482,"name":"cultural region","p":82794,"type":3502482},"Q3624078":{"code":3624078,"name":"sovereign state","p":6256,"type":3624078},"Q-3":{"code":-3,"name":"UNLINKED","p":3,"type":-3},"Q726":{"code":726,"name":"horse (Q726)","p":-3,"type":726},"Q160091":{"code":160091,"name":"plain (Q160091)","p":-3,"type":160091},"Q166118":{"code":166118,"name":"archives (Q166118)","p":-3,"type":166118},"Q210999":{"code":210999,"name":"psychiatric hospital (Q210999)","p":-3,"type":210999},"Q8072":{"code":8072,"name":"volcano (Q8072)","p":-3,"type":8072},"Q188443":{"code":188443,"name":"micronation (Q188443)","p":-3,"type":188443},"Q6266":{"code":6266,"name":"nation (Q6266)","p":-3,"type":6266},"Q231002":{"code":231002,"name":"nationality (Q231002)","p":-3,"type":231002},"Q15110":{"code":15110,"name":"metropolitan city of Italy (Q15110)","p":-3,"type":15110},"Q525504":{"code":525504,"name":"municipio of Rome (Q525504)","p":-3,"type":525504},"Q610625":{"code":610625,"name":"Municipi of Milan (Q610625)","p":-3,"type":610625},"Q233324":{"code":233324,"name":"seminary (Q233324)","p":-3,"type":233324},"Q28942":{"code":28942,"name":"town privileges (Q28942)","p":-3,"type":28942},"Q164142":{"code":164142,"name":"protectorate (Q164142)","p":-3,"type":164142},"Q271669":{"code":271669,"name":"landform (Q271669)","p":-3,"type":271669},"Q817056":{"code":817056,"name":"benedictine abbey (Q817056)","p":-3,"type":817056},"Q893555":{"code":893555,"name":"borgo (Q893555)","p":-3,"type":893555},"Q1238883":{"code":1238883,"name":"Valley community (Q1238883)","p":-3,"type":1238883},"Q1367500":{"code":1367500,"name":"marine protected area (Q1367500)","p":-3,"type":1367500},"Q105390172":{"code":105390172,"name":"Roman Catholic metropolitan archdiocese (Q105390172)","p":-3,"type":105390172},"Q15089":{"code":15089,"name":"province of Italy (Q15089)","p":-3,"type":15089},"Q16110":{"code":16110,"name":"region of Italy (Q16110)","p":-3,"type":16110},"Q108723311":{"code":108723311,"name":"municipality of Bari (Q108723311)","p":-3,"type":108723311},"Q112132513":{"code":112132513,"name":"religious museum (Q112132513)","p":-3,"type":112132513},"Q43229":{"code":43229,"name":"organization (Q43229)","p":-3,"type":43229},"Q1074955":{"code":1074955,"name":"quartiere of Rome (Q1074955)","p":-3,"type":1074955},"Q863974":{"code":863974,"name":"lake island (Q863974)","p":-3,"type":863974},"Q1200957":{"code":1200957,"name":"tourist destination (Q1200957)","p":-3,"type":1200957},"Q1497375":{"code":1497375,"name":"architectural ensemble (Q1497375)","p":-3,"type":1497375},"Q18822087":{"code":18822087,"name":"quarantine facility (Q18822087)","p":-3,"type":18822087},"Q21011129":{"code":21011129,"name":"urban zone of Rome (Q21011129)","p":-3,"type":21011129},"Q1229454":{"code":1229454,"name":"rione of Rome (Q1229454)","p":-3,"type":1229454},"Q1404150":{"code":1404150,"name":"rock (Q1404150)","p":-3,"type":1404150},"Q23020653":{"code":23020653,"name":"group of horses (Q23020653)","p":-3,"type":23020653},"Q44613":{"code":44613,"name":"monastery (Q44613)","p":-3,"type":44613},"Q42961155":{"code":42961155,"name":"quarter of Milan (Q42961155)","p":-3,"type":42961155},"Q1710033":{"code":1710033,"name":"autonomous region with special statute (Q1710033)","p":-3,"type":1710033},"Q1785071":{"code":1785071,"name":"fort (Q1785071)","p":-3,"type":1785071},"Q13582281":{"code":13582281,"name":"circoscrizione di decentramento comunale in Italy (Q13582281)","p":-3,"type":13582281},"Q75951701":{"code":75951701,"name":"regional election (Q75951701)","p":-3,"type":75951701},"Q3685477":{"code":3685477,"name":"former Italian municipality of Lombardy (Q3685477)","p":-3,"type":3685477},"Q3867179":{"code":3867179,"name":"municipality of Naples (Q3867179)","p":-3,"type":3867179},"Q1584957":{"code":1584957,"name":"district of Palermo (Q1584957)","p":-3,"type":1584957},"Q2385804":{"code":2385804,"name":"educational institution (Q2385804)","p":-3,"type":2385804},"Q1169748":{"code":1169748,"name":"cascina a corte (Q1169748)","p":-3,"type":1169748},"Q956214":{"code":956214,"name":"chef-lieu (Q956214)","p":-3,"type":956214},"Q2472587":{"code":2472587,"name":"people (Q2472587)","p":-3,"type":2472587},"Q4005597":{"code":4005597,"name":"municipality union (Q4005597)","p":-3,"type":4005597},"Q3867560":{"code":3867560,"name":"Italian national museum (Q3867560)","p":-3,"type":3867560},"Q3924474":{"code":3924474,"name":"former province of Italy (Q3924474)","p":-3,"type":3924474},"Q3927244":{"code":3927244,"name":"no label (Q3927244)","p":-3,"type":3927244},"Q3927261":{"code":3927261,"name":"no label (Q3927261)","p":-3,"type":3927261},"Q2633744":{"code":2633744,"name":"no label (Q2633744)","p":-3,"type":2633744},"Q2742167":{"code":2742167,"name":"no label (Q2742167)","p":-3,"type":2742167},"Q3502706":{"code":3502706,"name":"no label (Q3502706)","p":-3,"type":3502706},"Q3575964":{"code":3575964,"name":"no label (Q3575964)","p":-3,"type":3575964},"Q27961023":{"code":27961023,"name":"no label (Q27961023)","p":-3,"type":27961023}}