{"Q3":{"code":3,"name":"ROOT","type":634},"Q15893266":{"code":15893266,"name":"FORMER","p":3,"type":15893266},"Q24017414":{"code":24017414,"name":"MISC","p":3,"type":24017414},"Q183039":{"code":183039,"name":"COUNTRY","p":3,"type":183039},"Q56061":{"code":56061,"name":"admin","p":3,"type":56061},"Q486972":{"code":486972,"name":"settled","p":3,"type":486972},"Q2625603":{"code":2625603,"name":"population","p":3,"type":2625603},"Q2221906":{"code":2221906,"name":"geo","p":3,"type":2221906},"Q19953632":{"code":19953632,"name":"former admin","p":15893266,"type":19953632},"Q25894868":{"code":25894868,"name":"place type","p":24017414,"type":25894868},"Q41710":{"code":41710,"name":"ethnic group","p":24017414,"type":41710},"Q23442":{"code":23442,"name":"island","p":25894868,"type":23442},"Q15617994":{"code":15617994,"name":"designation for an administrative territorial entity","p":24017414,"type":15617994},"Q6256":{"code":6256,"name":"country","p":183039,"type":6256},"Q15621274":{"code":15621274,"name":"enclave or exclave","p":56061,"type":15621274},"Q1799794":{"code":1799794,"name":"By level","p":56061,"type":1799794},"Q788176":{"code":788176,"name":"autonomous administrative territorial entity","p":56061,"type":788176},"Q13220204":{"code":13220204,"name":"A2","p":1799794,"type":13220204},"Q515":{"code":515,"name":"city","p":486972,"type":515},"Q532":{"code":532,"name":"village","p":486972,"type":532},"Q15284":{"code":15284,"name":"municipality","p":486972,"type":15284},"Q98966309":{"code":98966309,"name":"classification of human settlements","p":486972,"type":98966309},"Q7930989":{"code":7930989,"name":"city or town","p":486972,"type":7930989},"Q33829":{"code":33829,"name":"human population","p":2625603,"type":33829},"Q618123":{"code":618123,"name":"geographical feature","p":2221906,"type":618123},"Q82794":{"code":82794,"name":"geographic region","p":618123,"type":82794},"Q183366":{"code":183366,"name":"territory","p":82794,"type":183366},"Q15642541":{"code":15642541,"name":"human-geographic territorial entity","p":183366,"type":15642541},"Q3957":{"code":3957,"name":"town","p":98966309,"type":3957},"Q5119":{"code":5119,"name":"capital city","p":515,"type":5119},"Q7688":{"code":7688,"name":"raion","p":15617994,"type":7688},"Q171441":{"code":171441,"name":"enclave","p":15621274,"type":171441},"Q123705":{"code":123705,"name":"neighborhood","p":486972,"type":123705},"Q902814":{"code":902814,"name":"border town","p":7930989,"type":902814},"Q15129871":{"code":15129871,"name":"municipality of Azerbaijan","p":15284,"type":15129871},"Q28328984":{"code":28328984,"name":"village in Armenia","p":532,"type":28328984},"Q28790362":{"code":28790362,"name":"ethnic community","p":41710,"type":28790362},"Q50330360":{"code":50330360,"name":"second largest city","p":7930989,"type":50330360},"Q933394":{"code":933394,"name":"exclave","p":15621274,"type":933394},"Q1549591":{"code":1549591,"name":"big city","p":98966309,"type":1549591},"Q1637706":{"code":1637706,"name":"million city","p":1549591,"type":1637706},"Q1973901":{"code":1973901,"name":"economic region","p":15642541,"type":1973901},"Q1977835":{"code":1977835,"name":"autonomous republic","p":788176,"type":1977835},"Q13417250":{"code":13417250,"name":"district of Azerbaijan","p":7688,"type":13417250},"Q2989457":{"code":2989457,"name":"urban-type settlement","p":486972,"type":2989457},"Q3502482":{"code":3502482,"name":"cultural region","p":82794,"type":3502482},"Q3624078":{"code":3624078,"name":"sovereign state","p":6256,"type":3624078},"Q-3":{"code":-3,"name":"UNLINKED","p":3,"type":-3},"Q4022":{"code":4022,"name":"river (Q4022)","p":-3,"type":4022},"Q6266":{"code":6266,"name":"nation (Q6266)","p":-3,"type":6266},"Q231002":{"code":231002,"name":"nationality (Q231002)","p":-3,"type":231002},"Q384003":{"code":384003,"name":"apostolic prefecture (Q384003)","p":-3,"type":384003},"Q458524":{"code":458524,"name":"Yevlakh District (Q458524)","p":-3,"type":458524},"Q689880":{"code":689880,"name":"oil platform (Q689880)","p":-3,"type":689880},"Q788046":{"code":788046,"name":"autonomous soviet socialist republic of a union republic of the Soviet Union (Q788046)","p":-3,"type":788046},"Q18227833":{"code":18227833,"name":"Administrative territorial entity of the Azerbaijani SSR (Q18227833)","p":-3,"type":18227833},"Q24529780":{"code":24529780,"name":"point (Q24529780)","p":-3,"type":24529780},"Q56557664":{"code":56557664,"name":"şəhər (Q56557664)","p":-3,"type":56557664},"Q1371288":{"code":1371288,"name":"vassal state (Q1371288)","p":-3,"type":1371288},"Q2472587":{"code":2472587,"name":"people (Q2472587)","p":-3,"type":2472587},"Q2610712":{"code":2610712,"name":"Economic regions of Azerbaijan (Q2610712)","p":-3,"type":2610712}}