{"Q3":{"code":3,"name":"ROOT","type":634},"Q15893266":{"code":15893266,"name":"FORMER","p":3,"type":15893266},"Q24017414":{"code":24017414,"name":"MISC","p":3,"type":24017414},"Q183039":{"code":183039,"name":"COUNTRY","p":3,"type":183039},"Q56061":{"code":56061,"name":"admin","p":3,"type":56061},"Q486972":{"code":486972,"name":"settled","p":3,"type":486972},"Q2625603":{"code":2625603,"name":"population","p":3,"type":2625603},"Q51041800":{"code":51041800,"name":"religious","p":3,"type":51041800},"Q659390":{"code":659390,"name":"construct","p":3,"type":659390},"Q104098715":{"code":104098715,"name":"territorial entity type","p":3,"type":104098715},"Q2221906":{"code":2221906,"name":"geo","p":3,"type":2221906},"Q19953632":{"code":19953632,"name":"former admin","p":15893266,"type":19953632},"Q5962346":{"code":5962346,"name":"classification system","p":24017414,"type":5962346},"Q11834037":{"code":11834037,"name":"physico-geographical regionalization","p":5962346,"type":11834037},"Q25894868":{"code":25894868,"name":"place type","p":24017414,"type":25894868},"Q41710":{"code":41710,"name":"ethnic group","p":24017414,"type":41710},"Q23442":{"code":23442,"name":"island","p":25894868,"type":23442},"Q15617994":{"code":15617994,"name":"designation for an administrative territorial entity","p":24017414,"type":15617994},"Q111972893":{"code":111972893,"name":"type of structure","p":24017414,"type":111972893},"Q811979":{"code":811979,"name":"architectural structure","p":111972893,"type":811979},"Q41176":{"code":41176,"name":"building","p":811979,"type":41176},"Q96084375":{"code":96084375,"name":"former building or structure","p":41176,"type":96084375},"Q12292478":{"code":12292478,"name":"estate","p":811979,"type":12292478},"Q875157":{"code":875157,"name":"resort","p":12292478,"type":875157},"Q699405":{"code":699405,"name":"residence","p":811979,"type":699405},"Q5890494":{"code":5890494,"name":"homestead","p":699405,"type":5890494},"Q11755880":{"code":11755880,"name":"residential building","p":699405,"type":11755880},"Q113489728":{"code":113489728,"name":"OECD country","p":183039,"type":113489728},"Q1307214":{"code":1307214,"name":"form of government","p":183039,"type":1307214},"Q6256":{"code":6256,"name":"country","p":183039,"type":6256},"Q171308":{"code":171308,"name":"oblast","p":56061,"type":171308},"Q15621274":{"code":15621274,"name":"enclave or exclave","p":56061,"type":15621274},"Q3024240":{"code":3024240,"name":"historical country","p":19953632,"type":3024240},"Q12076836":{"code":12076836,"name":"of a single country","p":56061,"type":12076836},"Q2520520":{"code":2520520,"name":"administrative territorial entity of Hungary","p":12076836,"type":2520520},"Q697379":{"code":697379,"name":"administrative territorial entity of Romania","p":12076836,"type":697379},"Q15620181":{"code":15620181,"name":"administrative territorial entity of Estonia","p":12076836,"type":15620181},"Q1799794":{"code":1799794,"name":"By level","p":56061,"type":1799794},"Q788176":{"code":788176,"name":"autonomous administrative territorial entity","p":56061,"type":788176},"Q10864048":{"code":10864048,"name":"A1","p":1799794,"type":10864048},"Q13220204":{"code":13220204,"name":"A2","p":1799794,"type":13220204},"Q13221722":{"code":13221722,"name":"A3","p":1799794,"type":13221722},"Q14757767":{"code":14757767,"name":"A4","p":1799794,"type":14757767},"Q4976993":{"code":4976993,"name":"civil parish","p":14757767,"type":4976993},"Q7275":{"code":7275,"name":"state","p":56061,"type":7275},"Q702492":{"code":702492,"name":"urban area","p":486972,"type":702492},"Q515":{"code":515,"name":"city","p":486972,"type":515},"Q532":{"code":532,"name":"village","p":486972,"type":532},"Q618299":{"code":618299,"name":"settlement","p":486972,"type":618299},"Q15284":{"code":15284,"name":"municipality","p":486972,"type":15284},"Q15253706":{"code":15253706,"name":"like a city","p":486972,"type":15253706},"Q244793":{"code":244793,"name":"twin cities","p":486972,"type":244793},"Q676050":{"code":676050,"name":"old town","p":486972,"type":676050},"Q1782540":{"code":1782540,"name":"railway town","p":486972,"type":1782540},"Q98966309":{"code":98966309,"name":"classification of human settlements","p":486972,"type":98966309},"Q7930989":{"code":7930989,"name":"city or town","p":486972,"type":7930989},"Q33829":{"code":33829,"name":"human population","p":2625603,"type":33829},"Q1492823":{"code":1492823,"name":"ecclesiastical district","p":51041800,"type":1492823},"Q20926517":{"code":20926517,"name":"religious administrative territorial entity","p":51041800,"type":20926517},"Q665487":{"code":665487,"name":"diocese","p":20926517,"type":665487},"Q471855":{"code":471855,"name":"jurisdiction","p":659390,"type":471855},"Q2665272":{"code":2665272,"name":"Ecclesiastical circumscription immediately subject to the Holy See","p":471855,"type":2665272},"Q618123":{"code":618123,"name":"geographical feature","p":2221906,"type":618123},"Q1291195":{"code":1291195,"name":"place of discovery","p":618123,"type":1291195},"Q82794":{"code":82794,"name":"geographic region","p":618123,"type":82794},"Q106589819":{"code":106589819,"name":"elevation","p":618123,"type":106589819},"Q74817647":{"code":74817647,"name":"aspect in a geographic region","p":82794,"type":74817647},"Q205895":{"code":205895,"name":"landmass","p":82794,"type":205895},"Q183366":{"code":183366,"name":"territory","p":82794,"type":183366},"Q4835091":{"code":4835091,"name":"territory","p":82794,"type":4835091},"Q15642541":{"code":15642541,"name":"human-geographic territorial entity","p":183366,"type":15642541},"Q3957":{"code":3957,"name":"town","p":98966309,"type":3957},"Q5119":{"code":5119,"name":"capital city","p":515,"type":5119},"Q7688":{"code":7688,"name":"raion","p":15617994,"type":7688},"Q123705":{"code":123705,"name":"neighborhood","p":486972,"type":123705},"Q171441":{"code":171441,"name":"enclave","p":15621274,"type":171441},"Q902814":{"code":902814,"name":"border town","p":7930989,"type":902814},"Q933394":{"code":933394,"name":"exclave","p":15621274,"type":933394},"Q1549591":{"code":1549591,"name":"big city","p":98966309,"type":1549591},"Q1637706":{"code":1637706,"name":"million city","p":1549591,"type":1637706},"Q1973901":{"code":1973901,"name":"economic region","p":15642541,"type":1973901},"Q1977835":{"code":1977835,"name":"autonomous republic","p":788176,"type":1977835},"Q2989457":{"code":2989457,"name":"urban-type settlement","p":486972,"type":2989457},"Q3502482":{"code":3502482,"name":"cultural region","p":82794,"type":3502482},"Q3624078":{"code":3624078,"name":"sovereign state","p":6256,"type":3624078},"Q15129871":{"code":15129871,"name":"municipality of Azerbaijan","p":15284,"type":15129871},"Q13417250":{"code":13417250,"name":"district of Azerbaijan","p":7688,"type":13417250},"Q28328984":{"code":28328984,"name":"village in Armenia","p":532,"type":28328984},"Q28790362":{"code":28790362,"name":"ethnic community","p":41710,"type":28790362},"Q50330360":{"code":50330360,"name":"second largest city","p":7930989,"type":50330360},"Q-1":{"code":-1,"name":"INVALID","p":3,"type":-1},"Q-2":{"code":-2,"name":"EXCLUDED","p":3,"type":-2},"Q137413":{"code":137413,"name":"Administrative divisions of Azerbaijan (Q137413)","p":-1,"type":137413},"Q151885":{"code":151885,"name":"concept (Q151885)","p":-1,"type":151885},"Q271669":{"code":271669,"name":"landform (Q271669)","p":-1,"type":271669},"Q874405":{"code":874405,"name":"social group (Q874405)","p":-1,"type":874405},"Q937228":{"code":937228,"name":"property (Q937228)","p":-1,"type":937228},"Q1151405":{"code":1151405,"name":"client state (Q1151405)","p":-1,"type":1151405},"Q1430652":{"code":1430652,"name":"semi-submersible platform (Q1430652)","p":-1,"type":1430652},"Q3702971":{"code":3702971,"name":"personal data (Q3702971)","p":-2,"type":3702971},"Q4204491":{"code":4204491,"name":"administrative territorial entity of the Soviet Union (Q4204491)","p":-1,"type":4204491},"Q13406463":{"code":13406463,"name":"Wikimedia list article (Q13406463)","p":-1,"type":13406463},"Q33104069":{"code":33104069,"name":"political concept (Q33104069)","p":-1,"type":33104069},"Q55659167":{"code":55659167,"name":"natural watercourse (Q55659167)","p":-1,"type":55659167},"Q111737478":{"code":111737478,"name":"catholic ecclesiastical district (Q111737478)","p":-1,"type":111737478},"Q-3":{"code":-3,"name":"UNLINKED","p":3,"type":-3},"Q4022":{"code":4022,"name":"river (Q4022)","p":-3,"type":4022},"Q6266":{"code":6266,"name":"nation (Q6266)","p":-3,"type":6266},"Q384003":{"code":384003,"name":"apostolic prefecture (Q384003)","p":-3,"type":384003},"Q231002":{"code":231002,"name":"nationality (Q231002)","p":-3,"type":231002},"Q458524":{"code":458524,"name":"Yevlakh District (Q458524)","p":-3,"type":458524},"Q2472587":{"code":2472587,"name":"people (Q2472587)","p":-3,"type":2472587},"Q689880":{"code":689880,"name":"oil platform (Q689880)","p":-3,"type":689880},"Q788046":{"code":788046,"name":"autonomous soviet socialist republic of a union republic of the Soviet Union (Q788046)","p":-3,"type":788046},"Q1371288":{"code":1371288,"name":"vassal state (Q1371288)","p":-3,"type":1371288},"Q2610712":{"code":2610712,"name":"Economic regions of Azerbaijan (Q2610712)","p":-3,"type":2610712},"Q18227833":{"code":18227833,"name":"Administrative territorial entity of the Azerbaijani SSR (Q18227833)","p":-3,"type":18227833},"Q24529780":{"code":24529780,"name":"point (Q24529780)","p":-3,"type":24529780},"Q56557664":{"code":56557664,"name":"şəhər (Q56557664)","p":-3,"type":56557664}}