{"Q3":{"code":3,"name":"ROOT","type":634},"Q15893266":{"code":15893266,"name":"FORMER","p":3,"type":15893266},"Q24017414":{"code":24017414,"name":"MISC","p":3,"type":24017414},"Q183039":{"code":183039,"name":"COUNTRY","p":3,"type":183039},"Q56061":{"code":56061,"name":"admin","p":3,"type":56061},"Q486972":{"code":486972,"name":"settled","p":3,"type":486972},"Q2625603":{"code":2625603,"name":"population","p":3,"type":2625603},"Q51041800":{"code":51041800,"name":"religious","p":3,"type":51041800},"Q2221906":{"code":2221906,"name":"geo","p":3,"type":2221906},"Q19953632":{"code":19953632,"name":"former admin","p":15893266,"type":19953632},"Q41710":{"code":41710,"name":"ethnic group","p":24017414,"type":41710},"Q15617994":{"code":15617994,"name":"designation for an administrative territorial entity","p":24017414,"type":15617994},"Q111972893":{"code":111972893,"name":"type of structure","p":24017414,"type":111972893},"Q811979":{"code":811979,"name":"architectural structure","p":111972893,"type":811979},"Q41176":{"code":41176,"name":"building","p":811979,"type":41176},"Q1307214":{"code":1307214,"name":"form of government","p":183039,"type":1307214},"Q6256":{"code":6256,"name":"country","p":183039,"type":6256},"Q12076836":{"code":12076836,"name":"of a single country","p":56061,"type":12076836},"Q1799794":{"code":1799794,"name":"By level","p":56061,"type":1799794},"Q10864048":{"code":10864048,"name":"A1","p":1799794,"type":10864048},"Q7275":{"code":7275,"name":"state","p":56061,"type":7275},"Q515":{"code":515,"name":"city","p":486972,"type":515},"Q532":{"code":532,"name":"village","p":486972,"type":532},"Q98966309":{"code":98966309,"name":"classification of human settlements","p":486972,"type":98966309},"Q7930989":{"code":7930989,"name":"city or town","p":486972,"type":7930989},"Q33829":{"code":33829,"name":"human population","p":2625603,"type":33829},"Q20926517":{"code":20926517,"name":"religious administrative territorial entity","p":51041800,"type":20926517},"Q665487":{"code":665487,"name":"diocese","p":20926517,"type":665487},"Q618123":{"code":618123,"name":"geographical feature","p":2221906,"type":618123},"Q5084":{"code":5084,"name":"hamlet","p":15617994,"type":5084},"Q5119":{"code":5119,"name":"capital city","p":515,"type":5119},"Q7270":{"code":7270,"name":"republic","p":183039,"type":7270},"Q179164":{"code":179164,"name":"unitary state","p":1307214,"type":179164},"Q902814":{"code":902814,"name":"border town","p":7930989,"type":902814},"Q1048835":{"code":1048835,"name":"political territorial entity","p":56061,"type":1048835},"Q123480":{"code":123480,"name":"landlocked country","p":6256,"type":123480},"Q856584":{"code":856584,"name":"library building","p":41176,"type":856584},"Q619610":{"code":619610,"name":"social state","p":7275,"type":619610},"Q123705":{"code":123705,"name":"neighborhood","p":486972,"type":123705},"Q1434274":{"code":1434274,"name":"field name","p":618123,"type":1434274},"Q3257686":{"code":3257686,"name":"locality","p":486972,"type":3257686},"Q3624078":{"code":3624078,"name":"sovereign state","p":6256,"type":3624078},"Q1549591":{"code":1549591,"name":"big city","p":98966309,"type":1549591},"Q604435":{"code":604435,"name":"microdistrict","p":123705,"type":604435},"Q1631226":{"code":1631226,"name":"settlement council","p":15617994,"type":1631226},"Q1637706":{"code":1637706,"name":"million city","p":1549591,"type":1637706},"Q14921981":{"code":14921981,"name":"administrative territorial entity of Belarus","p":12076836,"type":14921981},"Q79324274":{"code":79324274,"name":"city of raion subordinance","p":7930989,"type":79324274},"Q79323854":{"code":79323854,"name":"city of oblast subordinance","p":7930989,"type":79323854},"Q2023000":{"code":2023000,"name":"khutor","p":15617994,"type":2023000},"Q22674925":{"code":22674925,"name":"former settlement","p":98966309,"type":22674925},"Q2340158":{"code":2340158,"name":"Zaścianek","p":532,"type":2340158},"Q2514025":{"code":2514025,"name":"posyolok","p":15617994,"type":2514025},"Q28790362":{"code":28790362,"name":"ethnic community","p":41710,"type":28790362},"Q50330360":{"code":50330360,"name":"second largest city","p":7930989,"type":50330360},"Q3146899":{"code":3146899,"name":"diocese of the Catholic Church","p":665487,"type":3146899},"Q24067406":{"code":24067406,"name":"","p":123705,"type":24067406},"Q-3":{"code":-3,"name":"UNLINKED","p":3,"type":-3},"Q47528":{"code":47528,"name":"radar (Q47528)","p":-3,"type":47528},"Q159438":{"code":159438,"name":"Hero City of the Soviet Union (Q159438)","p":-3,"type":159438},"Q170156":{"code":170156,"name":"confederation (Q170156)","p":-3,"type":170156},"Q484652":{"code":484652,"name":"international organization (Q484652)","p":-3,"type":484652},"Q209325":{"code":209325,"name":"oblast of Belarus (Q209325)","p":-3,"type":209325},"Q245016":{"code":245016,"name":"military base (Q245016)","p":-3,"type":245016},"Q769696":{"code":769696,"name":"ethnic minority (Q769696)","p":-3,"type":769696},"Q674950":{"code":674950,"name":"residential area (Q674950)","p":-3,"type":674950},"Q1335818":{"code":1335818,"name":"supranational union (Q1335818)","p":-3,"type":1335818},"Q112074700":{"code":112074700,"name":"proposed state merger (Q112074700)","p":-3,"type":112074700},"Q60176300":{"code":60176300,"name":"Eastern Orthodox eparchy (Q60176300)","p":-3,"type":60176300},"Q65660829":{"code":65660829,"name":"chutar (Q65660829)","p":-3,"type":65660829},"Q65661087":{"code":65661087,"name":"village in Belarus (Q65661087)","p":-3,"type":65661087},"Q65665664":{"code":65665664,"name":"pasiolak (Q65665664)","p":-3,"type":65665664},"Q66307429":{"code":66307429,"name":"place of mass murder (Q66307429)","p":-3,"type":66307429},"Q91733160":{"code":91733160,"name":"urban settlement in Belarus (Q91733160)","p":-3,"type":91733160},"Q91733598":{"code":91733598,"name":"resort settlement in Belarus (Q91733598)","p":-3,"type":91733598},"Q91733790":{"code":91733790,"name":"worker settlement in Belarus (Q91733790)","p":-3,"type":91733790},"Q105390172":{"code":105390172,"name":"Roman Catholic metropolitan archdiocese (Q105390172)","p":-3,"type":105390172},"Q1989945":{"code":1989945,"name":"agrotown (Q1989945)","p":-3,"type":1989945},"Q2043199":{"code":2043199,"name":"district of Belarus (Q2043199)","p":-3,"type":2043199},"Q15071808":{"code":15071808,"name":"sieĺsaviet of Belarus (Q15071808)","p":-3,"type":15071808},"Q2472587":{"code":2472587,"name":"people (Q2472587)","p":-3,"type":2472587},"Q40256562":{"code":40256562,"name":"intracity district of Belarus (Q40256562)","p":-3,"type":40256562},"Q50066265":{"code":50066265,"name":"No label (Q50066265)","p":-3,"type":50066265}}