{"Q3":{"code":3,"name":"ROOT","type":634},"Q15893266":{"code":15893266,"name":"FORMER","p":3,"type":15893266},"Q24017414":{"code":24017414,"name":"MISC","p":3,"type":24017414},"Q183039":{"code":183039,"name":"COUNTRY","p":3,"type":183039},"Q56061":{"code":56061,"name":"admin","p":3,"type":56061},"Q486972":{"code":486972,"name":"settled","p":3,"type":486972},"Q2625603":{"code":2625603,"name":"population","p":3,"type":2625603},"Q51041800":{"code":51041800,"name":"religious","p":3,"type":51041800},"Q659390":{"code":659390,"name":"construct","p":3,"type":659390},"Q104098715":{"code":104098715,"name":"territorial entity type","p":3,"type":104098715},"Q2221906":{"code":2221906,"name":"geo","p":3,"type":2221906},"Q19953632":{"code":19953632,"name":"former admin","p":15893266,"type":19953632},"Q5962346":{"code":5962346,"name":"classification system","p":24017414,"type":5962346},"Q11834037":{"code":11834037,"name":"physico-geographical regionalization","p":5962346,"type":11834037},"Q25894868":{"code":25894868,"name":"place type","p":24017414,"type":25894868},"Q41710":{"code":41710,"name":"ethnic group","p":24017414,"type":41710},"Q23442":{"code":23442,"name":"island","p":25894868,"type":23442},"Q15617994":{"code":15617994,"name":"designation for an administrative territorial entity","p":24017414,"type":15617994},"Q111972893":{"code":111972893,"name":"type of structure","p":24017414,"type":111972893},"Q811979":{"code":811979,"name":"architectural structure","p":111972893,"type":811979},"Q41176":{"code":41176,"name":"building","p":811979,"type":41176},"Q96084375":{"code":96084375,"name":"former building or structure","p":41176,"type":96084375},"Q12292478":{"code":12292478,"name":"estate","p":811979,"type":12292478},"Q875157":{"code":875157,"name":"resort","p":12292478,"type":875157},"Q699405":{"code":699405,"name":"residence","p":811979,"type":699405},"Q5890494":{"code":5890494,"name":"homestead","p":699405,"type":5890494},"Q11755880":{"code":11755880,"name":"residential building","p":699405,"type":11755880},"Q113489728":{"code":113489728,"name":"OECD country","p":183039,"type":113489728},"Q1307214":{"code":1307214,"name":"form of government","p":183039,"type":1307214},"Q6256":{"code":6256,"name":"country","p":183039,"type":6256},"Q171308":{"code":171308,"name":"oblast","p":56061,"type":171308},"Q15621274":{"code":15621274,"name":"enclave or exclave","p":56061,"type":15621274},"Q3024240":{"code":3024240,"name":"historical country","p":19953632,"type":3024240},"Q12076836":{"code":12076836,"name":"of a single country","p":56061,"type":12076836},"Q2520520":{"code":2520520,"name":"administrative territorial entity of Hungary","p":12076836,"type":2520520},"Q697379":{"code":697379,"name":"administrative territorial entity of Romania","p":12076836,"type":697379},"Q15620181":{"code":15620181,"name":"administrative territorial entity of Estonia","p":12076836,"type":15620181},"Q1799794":{"code":1799794,"name":"By level","p":56061,"type":1799794},"Q788176":{"code":788176,"name":"autonomous administrative territorial entity","p":56061,"type":788176},"Q10864048":{"code":10864048,"name":"A1","p":1799794,"type":10864048},"Q13220204":{"code":13220204,"name":"A2","p":1799794,"type":13220204},"Q13221722":{"code":13221722,"name":"A3","p":1799794,"type":13221722},"Q14757767":{"code":14757767,"name":"A4","p":1799794,"type":14757767},"Q4976993":{"code":4976993,"name":"civil parish","p":14757767,"type":4976993},"Q7275":{"code":7275,"name":"state","p":56061,"type":7275},"Q702492":{"code":702492,"name":"urban area","p":486972,"type":702492},"Q515":{"code":515,"name":"city","p":486972,"type":515},"Q532":{"code":532,"name":"village","p":486972,"type":532},"Q618299":{"code":618299,"name":"settlement","p":486972,"type":618299},"Q15284":{"code":15284,"name":"municipality","p":486972,"type":15284},"Q15253706":{"code":15253706,"name":"like a city","p":486972,"type":15253706},"Q244793":{"code":244793,"name":"twin cities","p":486972,"type":244793},"Q676050":{"code":676050,"name":"old town","p":486972,"type":676050},"Q1782540":{"code":1782540,"name":"railway town","p":486972,"type":1782540},"Q98966309":{"code":98966309,"name":"classification of human settlements","p":486972,"type":98966309},"Q7930989":{"code":7930989,"name":"city or town","p":486972,"type":7930989},"Q33829":{"code":33829,"name":"human population","p":2625603,"type":33829},"Q1492823":{"code":1492823,"name":"ecclesiastical district","p":51041800,"type":1492823},"Q20926517":{"code":20926517,"name":"religious administrative territorial entity","p":51041800,"type":20926517},"Q665487":{"code":665487,"name":"diocese","p":20926517,"type":665487},"Q471855":{"code":471855,"name":"jurisdiction","p":659390,"type":471855},"Q2665272":{"code":2665272,"name":"Ecclesiastical circumscription immediately subject to the Holy See","p":471855,"type":2665272},"Q618123":{"code":618123,"name":"geographical feature","p":2221906,"type":618123},"Q1291195":{"code":1291195,"name":"place of discovery","p":618123,"type":1291195},"Q82794":{"code":82794,"name":"geographic region","p":618123,"type":82794},"Q106589819":{"code":106589819,"name":"elevation","p":618123,"type":106589819},"Q74817647":{"code":74817647,"name":"aspect in a geographic region","p":82794,"type":74817647},"Q205895":{"code":205895,"name":"landmass","p":82794,"type":205895},"Q183366":{"code":183366,"name":"territory","p":82794,"type":183366},"Q4835091":{"code":4835091,"name":"territory","p":82794,"type":4835091},"Q15642541":{"code":15642541,"name":"human-geographic territorial entity","p":183366,"type":15642541},"Q5084":{"code":5084,"name":"hamlet","p":15617994,"type":5084},"Q123480":{"code":123480,"name":"landlocked country","p":6256,"type":123480},"Q123705":{"code":123705,"name":"neighborhood","p":486972,"type":123705},"Q5119":{"code":5119,"name":"capital city","p":515,"type":5119},"Q7270":{"code":7270,"name":"republic","p":183039,"type":7270},"Q1549591":{"code":1549591,"name":"big city","p":98966309,"type":1549591},"Q179164":{"code":179164,"name":"unitary state","p":1307214,"type":179164},"Q856584":{"code":856584,"name":"library building","p":41176,"type":856584},"Q1434274":{"code":1434274,"name":"field name","p":618123,"type":1434274},"Q1631226":{"code":1631226,"name":"settlement council","p":15617994,"type":1631226},"Q1637706":{"code":1637706,"name":"million city","p":1549591,"type":1637706},"Q2340158":{"code":2340158,"name":"Zaścianek","p":532,"type":2340158},"Q3146899":{"code":3146899,"name":"diocese of the Catholic Church","p":665487,"type":3146899},"Q3257686":{"code":3257686,"name":"locality","p":486972,"type":3257686},"Q604435":{"code":604435,"name":"microdistrict","p":123705,"type":604435},"Q619610":{"code":619610,"name":"social state","p":7275,"type":619610},"Q902814":{"code":902814,"name":"border town","p":7930989,"type":902814},"Q1048835":{"code":1048835,"name":"political territorial entity","p":56061,"type":1048835},"Q2023000":{"code":2023000,"name":"khutor","p":15617994,"type":2023000},"Q2514025":{"code":2514025,"name":"posyolok","p":15617994,"type":2514025},"Q3624078":{"code":3624078,"name":"sovereign state","p":6256,"type":3624078},"Q14921981":{"code":14921981,"name":"administrative territorial entity of Belarus","p":12076836,"type":14921981},"Q22674925":{"code":22674925,"name":"former settlement","p":98966309,"type":22674925},"Q28790362":{"code":28790362,"name":"ethnic community","p":41710,"type":28790362},"Q50330360":{"code":50330360,"name":"second largest city","p":7930989,"type":50330360},"Q79324274":{"code":79324274,"name":"city of raion subordinance","p":7930989,"type":79324274},"Q79323854":{"code":79323854,"name":"city of oblast subordinance","p":7930989,"type":79323854},"Q24067406":{"code":24067406,"name":"","p":123705,"type":24067406},"Q-1":{"code":-1,"name":"INVALID","p":3,"type":-1},"Q7688":{"code":7688,"name":"raion (Q7688)","p":-1,"type":7688},"Q43229":{"code":43229,"name":"organization (Q43229)","p":-1,"type":43229},"Q49773":{"code":49773,"name":"social movement (Q49773)","p":-1,"type":49773},"Q285181":{"code":285181,"name":"eparchy (Q285181)","p":-1,"type":285181},"Q350895":{"code":350895,"name":"abandoned village (Q350895)","p":-1,"type":350895},"Q351389":{"code":351389,"name":"ethnic minority (Q351389)","p":-1,"type":351389},"Q874405":{"code":874405,"name":"social group (Q874405)","p":-1,"type":874405},"Q1165944":{"code":1165944,"name":"land use (Q1165944)","p":-1,"type":1165944},"Q1360677":{"code":1360677,"name":"crime scene (Q1360677)","p":-1,"type":1360677},"Q3320743":{"code":3320743,"name":"title of honor (Q3320743)","p":-1,"type":3320743},"Q3591867":{"code":3591867,"name":"proposed country (Q3591867)","p":-1,"type":3591867},"Q4286337":{"code":4286337,"name":"city district (Q4286337)","p":-1,"type":4286337},"Q4946461":{"code":4946461,"name":"spa town (Q4946461)","p":-1,"type":4946461},"Q10273457":{"code":10273457,"name":"equipment (Q10273457)","p":-1,"type":10273457},"Q18691599":{"code":18691599,"name":"military facility (Q18691599)","p":-1,"type":18691599},"Q28872924":{"code":28872924,"name":"designation for an administrative territorial entity of a single country (Q28872924)","p":-1,"type":28872924},"Q91730648":{"code":91730648,"name":"urban-type settlement in Belarus (Q91730648)","p":-1,"type":91730648},"Q111737478":{"code":111737478,"name":"catholic ecclesiastical district (Q111737478)","p":-1,"type":111737478},"Q-3":{"code":-3,"name":"UNLINKED","p":3,"type":-3},"Q47528":{"code":47528,"name":"radar (Q47528)","p":-3,"type":47528},"Q159438":{"code":159438,"name":"Hero City of the Soviet Union (Q159438)","p":-3,"type":159438},"Q170156":{"code":170156,"name":"confederation (Q170156)","p":-3,"type":170156},"Q209325":{"code":209325,"name":"oblast of Belarus (Q209325)","p":-3,"type":209325},"Q245016":{"code":245016,"name":"military base (Q245016)","p":-3,"type":245016},"Q484652":{"code":484652,"name":"international organization (Q484652)","p":-3,"type":484652},"Q769696":{"code":769696,"name":"ethnic minority (Q769696)","p":-3,"type":769696},"Q1335818":{"code":1335818,"name":"supranational union (Q1335818)","p":-3,"type":1335818},"Q2472587":{"code":2472587,"name":"people (Q2472587)","p":-3,"type":2472587},"Q1989945":{"code":1989945,"name":"agrotown (Q1989945)","p":-3,"type":1989945},"Q674950":{"code":674950,"name":"residential area (Q674950)","p":-3,"type":674950},"Q2043199":{"code":2043199,"name":"district of Belarus (Q2043199)","p":-3,"type":2043199},"Q15071808":{"code":15071808,"name":"sieĺsaviet of Belarus (Q15071808)","p":-3,"type":15071808},"Q65660829":{"code":65660829,"name":"chutar (Q65660829)","p":-3,"type":65660829},"Q40256562":{"code":40256562,"name":"intracity district of Belarus (Q40256562)","p":-3,"type":40256562},"Q60176300":{"code":60176300,"name":"Eastern Orthodox eparchy (Q60176300)","p":-3,"type":60176300},"Q65661087":{"code":65661087,"name":"village in Belarus (Q65661087)","p":-3,"type":65661087},"Q65665664":{"code":65665664,"name":"pasiolak (Q65665664)","p":-3,"type":65665664},"Q91733160":{"code":91733160,"name":"urban settlement in Belarus (Q91733160)","p":-3,"type":91733160},"Q91733598":{"code":91733598,"name":"resort settlement in Belarus (Q91733598)","p":-3,"type":91733598},"Q91733790":{"code":91733790,"name":"worker settlement in Belarus (Q91733790)","p":-3,"type":91733790},"Q105390172":{"code":105390172,"name":"Roman Catholic metropolitan archdiocese (Q105390172)","p":-3,"type":105390172},"Q112074700":{"code":112074700,"name":"proposed state merger (Q112074700)","p":-3,"type":112074700},"Q66307429":{"code":66307429,"name":"place of mass murder (Q66307429)","p":-3,"type":66307429},"Q50066265":{"code":50066265,"name":"No label (Q50066265)","p":-3,"type":50066265}}