{"Q3":{"code":3,"name":"ROOT","type":634},"Q183039":{"code":183039,"name":"COUNTRY","p":3,"type":183039},"Q486972":{"code":486972,"name":"settled","p":3,"type":486972},"Q51041800":{"code":51041800,"name":"religious","p":3,"type":51041800},"Q659390":{"code":659390,"name":"construct","p":3,"type":659390},"Q6256":{"code":6256,"name":"country","p":183039,"type":6256},"Q515":{"code":515,"name":"city","p":486972,"type":515},"Q15284":{"code":15284,"name":"municipality","p":486972,"type":15284},"Q7930989":{"code":7930989,"name":"city or town","p":486972,"type":7930989},"Q471855":{"code":471855,"name":"jurisdiction","p":659390,"type":471855},"Q2665272":{"code":2665272,"name":"Ecclesiastical circumscription immediately subject to the Holy See","p":471855,"type":2665272},"Q5119":{"code":5119,"name":"capital city","p":515,"type":5119},"Q203300":{"code":203300,"name":"municipality of Liechtenstein","p":15284,"type":203300},"Q902814":{"code":902814,"name":"border town","p":7930989,"type":902814},"Q3624078":{"code":3624078,"name":"sovereign state","p":6256,"type":3624078},"Q50330360":{"code":50330360,"name":"second largest city","p":7930989,"type":50330360},"Q105419665":{"code":105419665,"name":"Roman Catholic archdiocese not metropolitan","p":51041800,"type":105419665},"Q-3":{"code":-3,"name":"UNLINKED","p":3,"type":-3},"Q253019":{"code":253019,"name":"Ortsteil (Q253019)","p":-3,"type":253019}}