{"Q3":{"code":3,"name":"ROOT","type":634},"Q24017414":{"code":24017414,"name":"MISC","p":3,"type":24017414},"Q183039":{"code":183039,"name":"COUNTRY","p":3,"type":183039},"Q56061":{"code":56061,"name":"admin","p":3,"type":56061},"Q486972":{"code":486972,"name":"settled","p":3,"type":486972},"Q51041800":{"code":51041800,"name":"religious","p":3,"type":51041800},"Q659390":{"code":659390,"name":"construct","p":3,"type":659390},"Q2221906":{"code":2221906,"name":"geo","p":3,"type":2221906},"Q15617994":{"code":15617994,"name":"designation for an administrative territorial entity","p":24017414,"type":15617994},"Q1307214":{"code":1307214,"name":"form of government","p":183039,"type":1307214},"Q6256":{"code":6256,"name":"country","p":183039,"type":6256},"Q515":{"code":515,"name":"city","p":486972,"type":515},"Q532":{"code":532,"name":"village","p":486972,"type":532},"Q676050":{"code":676050,"name":"old town","p":486972,"type":676050},"Q98966309":{"code":98966309,"name":"classification of human settlements","p":486972,"type":98966309},"Q7930989":{"code":7930989,"name":"city or town","p":486972,"type":7930989},"Q471855":{"code":471855,"name":"jurisdiction","p":659390,"type":471855},"Q2665272":{"code":2665272,"name":"Ecclesiastical circumscription immediately subject to the Holy See","p":471855,"type":2665272},"Q618123":{"code":618123,"name":"geographical feature","p":2221906,"type":618123},"Q3957":{"code":3957,"name":"town","p":98966309,"type":3957},"Q5084":{"code":5084,"name":"hamlet","p":15617994,"type":5084},"Q5119":{"code":5119,"name":"capital city","p":515,"type":5119},"Q181307":{"code":181307,"name":"lieu-dit","p":618123,"type":181307},"Q192611":{"code":192611,"name":"electoral district","p":56061,"type":192611},"Q1549591":{"code":1549591,"name":"big city","p":98966309,"type":1549591},"Q3257686":{"code":3257686,"name":"locality","p":486972,"type":3257686},"Q3624078":{"code":3624078,"name":"sovereign state","p":6256,"type":3624078},"Q902814":{"code":902814,"name":"border town","p":7930989,"type":902814},"Q734818":{"code":734818,"name":"condominium","p":1307214,"type":734818},"Q2631496":{"code":2631496,"name":"constituency of the European Parliament","p":192611,"type":2631496},"Q15303838":{"code":15303838,"name":"municipality seat","p":5119,"type":15303838},"Q51929311":{"code":51929311,"name":"largest city","p":7930989,"type":51929311},"Q105419665":{"code":105419665,"name":"Roman Catholic archdiocese not metropolitan","p":51041800,"type":105419665},"Q-3":{"code":-3,"name":"UNLINKED","p":3,"type":-3},"Q23413":{"code":23413,"name":"castle (Q23413)","p":-3,"type":23413},"Q216888":{"code":216888,"name":"district of Luxembourg (Q216888)","p":-3,"type":216888},"Q1146429":{"code":1146429,"name":"canton of Luxembourg (Q1146429)","p":-3,"type":1146429},"Q3394564":{"code":3394564,"name":"quarter of Luxembourg City (Q3394564)","p":-3,"type":3394564},"Q751876":{"code":751876,"name":"château (Q751876)","p":-3,"type":751876},"Q2919801":{"code":2919801,"name":"municipality of Luxembourg (Q2919801)","p":-3,"type":2919801},"Q6456916":{"code":6456916,"name":"national economy (Q6456916)","p":-3,"type":6456916},"Q15974311":{"code":15974311,"name":"unincorporated area in Germany (Q15974311)","p":-3,"type":15974311},"Q17362920":{"code":17362920,"name":"Wikimedia duplicated page (Q17362920)","p":-3,"type":17362920},"Q18346616":{"code":18346616,"name":"part of municipality (Q18346616)","p":-3,"type":18346616}}