{"Q3":{"code":3,"name":"ROOT","type":634},"Q15893266":{"code":15893266,"name":"FORMER","p":3,"type":15893266},"Q24017414":{"code":24017414,"name":"MISC","p":3,"type":24017414},"Q183039":{"code":183039,"name":"COUNTRY","p":3,"type":183039},"Q56061":{"code":56061,"name":"admin","p":3,"type":56061},"Q486972":{"code":486972,"name":"settled","p":3,"type":486972},"Q2625603":{"code":2625603,"name":"population","p":3,"type":2625603},"Q51041800":{"code":51041800,"name":"religious","p":3,"type":51041800},"Q659390":{"code":659390,"name":"construct","p":3,"type":659390},"Q104098715":{"code":104098715,"name":"territorial entity type","p":3,"type":104098715},"Q2221906":{"code":2221906,"name":"geo","p":3,"type":2221906},"Q19953632":{"code":19953632,"name":"former admin","p":15893266,"type":19953632},"Q5962346":{"code":5962346,"name":"classification system","p":24017414,"type":5962346},"Q11834037":{"code":11834037,"name":"physico-geographical regionalization","p":5962346,"type":11834037},"Q25894868":{"code":25894868,"name":"place type","p":24017414,"type":25894868},"Q41710":{"code":41710,"name":"ethnic group","p":24017414,"type":41710},"Q23442":{"code":23442,"name":"island","p":25894868,"type":23442},"Q15617994":{"code":15617994,"name":"designation for an administrative territorial entity","p":24017414,"type":15617994},"Q111972893":{"code":111972893,"name":"type of structure","p":24017414,"type":111972893},"Q811979":{"code":811979,"name":"architectural structure","p":111972893,"type":811979},"Q41176":{"code":41176,"name":"building","p":811979,"type":41176},"Q96084375":{"code":96084375,"name":"former building or structure","p":41176,"type":96084375},"Q12292478":{"code":12292478,"name":"estate","p":811979,"type":12292478},"Q875157":{"code":875157,"name":"resort","p":12292478,"type":875157},"Q699405":{"code":699405,"name":"residence","p":811979,"type":699405},"Q5890494":{"code":5890494,"name":"homestead","p":699405,"type":5890494},"Q11755880":{"code":11755880,"name":"residential building","p":699405,"type":11755880},"Q113489728":{"code":113489728,"name":"OECD country","p":183039,"type":113489728},"Q1307214":{"code":1307214,"name":"form of government","p":183039,"type":1307214},"Q6256":{"code":6256,"name":"country","p":183039,"type":6256},"Q171308":{"code":171308,"name":"oblast","p":56061,"type":171308},"Q15621274":{"code":15621274,"name":"enclave or exclave","p":56061,"type":15621274},"Q3024240":{"code":3024240,"name":"historical country","p":19953632,"type":3024240},"Q12076836":{"code":12076836,"name":"of a single country","p":56061,"type":12076836},"Q2520520":{"code":2520520,"name":"administrative territorial entity of Hungary","p":12076836,"type":2520520},"Q697379":{"code":697379,"name":"administrative territorial entity of Romania","p":12076836,"type":697379},"Q15620181":{"code":15620181,"name":"administrative territorial entity of Estonia","p":12076836,"type":15620181},"Q1799794":{"code":1799794,"name":"By level","p":56061,"type":1799794},"Q788176":{"code":788176,"name":"autonomous administrative territorial entity","p":56061,"type":788176},"Q10864048":{"code":10864048,"name":"A1","p":1799794,"type":10864048},"Q13220204":{"code":13220204,"name":"A2","p":1799794,"type":13220204},"Q13221722":{"code":13221722,"name":"A3","p":1799794,"type":13221722},"Q14757767":{"code":14757767,"name":"A4","p":1799794,"type":14757767},"Q4976993":{"code":4976993,"name":"civil parish","p":14757767,"type":4976993},"Q7275":{"code":7275,"name":"state","p":56061,"type":7275},"Q702492":{"code":702492,"name":"urban area","p":486972,"type":702492},"Q515":{"code":515,"name":"city","p":486972,"type":515},"Q532":{"code":532,"name":"village","p":486972,"type":532},"Q618299":{"code":618299,"name":"settlement","p":486972,"type":618299},"Q15284":{"code":15284,"name":"municipality","p":486972,"type":15284},"Q15253706":{"code":15253706,"name":"like a city","p":486972,"type":15253706},"Q244793":{"code":244793,"name":"twin cities","p":486972,"type":244793},"Q676050":{"code":676050,"name":"old town","p":486972,"type":676050},"Q1782540":{"code":1782540,"name":"railway town","p":486972,"type":1782540},"Q98966309":{"code":98966309,"name":"classification of human settlements","p":486972,"type":98966309},"Q7930989":{"code":7930989,"name":"city or town","p":486972,"type":7930989},"Q33829":{"code":33829,"name":"human population","p":2625603,"type":33829},"Q1492823":{"code":1492823,"name":"ecclesiastical district","p":51041800,"type":1492823},"Q20926517":{"code":20926517,"name":"religious administrative territorial entity","p":51041800,"type":20926517},"Q665487":{"code":665487,"name":"diocese","p":20926517,"type":665487},"Q471855":{"code":471855,"name":"jurisdiction","p":659390,"type":471855},"Q2665272":{"code":2665272,"name":"Ecclesiastical circumscription immediately subject to the Holy See","p":471855,"type":2665272},"Q618123":{"code":618123,"name":"geographical feature","p":2221906,"type":618123},"Q1291195":{"code":1291195,"name":"place of discovery","p":618123,"type":1291195},"Q82794":{"code":82794,"name":"geographic region","p":618123,"type":82794},"Q106589819":{"code":106589819,"name":"elevation","p":618123,"type":106589819},"Q74817647":{"code":74817647,"name":"aspect in a geographic region","p":82794,"type":74817647},"Q205895":{"code":205895,"name":"landmass","p":82794,"type":205895},"Q183366":{"code":183366,"name":"territory","p":82794,"type":183366},"Q4835091":{"code":4835091,"name":"territory","p":82794,"type":4835091},"Q15642541":{"code":15642541,"name":"human-geographic territorial entity","p":183366,"type":15642541},"Q5119":{"code":5119,"name":"capital city","p":515,"type":5119},"Q28575":{"code":28575,"name":"county","p":15617994,"type":28575},"Q33837":{"code":33837,"name":"archipelago","p":205895,"type":33837},"Q83020":{"code":83020,"name":"provincial city","p":515,"type":83020},"Q112099":{"code":112099,"name":"island nation","p":6256,"type":112099},"Q149621":{"code":149621,"name":"district","p":15617994,"type":149621},"Q171441":{"code":171441,"name":"enclave","p":15621274,"type":171441},"Q1549591":{"code":1549591,"name":"big city","p":98966309,"type":1549591},"Q691960":{"code":691960,"name":"satellite city","p":515,"type":691960},"Q705296":{"code":705296,"name":"district of Taiwan","p":149621,"type":705296},"Q1637706":{"code":1637706,"name":"million city","p":1549591,"type":1637706},"Q706447":{"code":706447,"name":"county of Taiwan","p":10864048,"type":706447},"Q713146":{"code":713146,"name":"county-administered city","p":515,"type":713146},"Q933394":{"code":933394,"name":"exclave","p":15621274,"type":933394},"Q1907114":{"code":1907114,"name":"metropolitan area","p":56061,"type":1907114},"Q3624078":{"code":3624078,"name":"sovereign state","p":6256,"type":3624078},"Q5255892":{"code":5255892,"name":"democratic republic","p":183039,"type":5255892},"Q2264924":{"code":2264924,"name":"port settlement","p":515,"type":2264924},"Q2367508":{"code":2367508,"name":"township of Taiwan","p":515,"type":2367508},"Q3146899":{"code":3146899,"name":"diocese of the Catholic Church","p":665487,"type":3146899},"Q15634554":{"code":15634554,"name":"state with limited recognition","p":7275,"type":15634554},"Q51929311":{"code":51929311,"name":"largest city","p":7930989,"type":51929311},"Q7930614":{"code":7930614,"name":"village","p":532,"type":7930614},"Q12039044":{"code":12039044,"name":"urban township of Taiwan","p":2367508,"type":12039044},"Q15239622":{"code":15239622,"name":"disputed territory","p":183366,"type":15239622},"Q50330360":{"code":50330360,"name":"second largest city","p":7930989,"type":50330360},"Q106072002":{"code":106072002,"name":"","p":82794,"type":106072002},"Q-1":{"code":-1,"name":"INVALID","p":3,"type":-1},"Q-2":{"code":-2,"name":"EXCLUDED","p":3,"type":-2},"Q40231":{"code":40231,"name":"public election (Q40231)","p":-1,"type":40231},"Q874405":{"code":874405,"name":"social group (Q874405)","p":-1,"type":874405},"Q937228":{"code":937228,"name":"property (Q937228)","p":-1,"type":937228},"Q3702971":{"code":3702971,"name":"personal data (Q3702971)","p":-2,"type":3702971},"Q4373292":{"code":4373292,"name":"physical property (Q4373292)","p":-1,"type":4373292},"Q12084012":{"code":12084012,"name":"province level division of the Republic of China (Q12084012)","p":-1,"type":12084012},"Q15275719":{"code":15275719,"name":"recurring event (Q15275719)","p":-1,"type":15275719},"Q16334295":{"code":16334295,"name":"group of humans (Q16334295)","p":-1,"type":16334295},"Q60595545":{"code":60595545,"name":"abionym (Q60595545)","p":-1,"type":60595545},"Q75476195":{"code":75476195,"name":"local elections in Taiwan (Q75476195)","p":-1,"type":75476195},"Q107359024":{"code":107359024,"name":"class of election (Q107359024)","p":-1,"type":107359024},"Q111737478":{"code":111737478,"name":"catholic ecclesiastical district (Q111737478)","p":-1,"type":111737478},"Q-3":{"code":-3,"name":"UNLINKED","p":3,"type":-3},"Q133311":{"code":133311,"name":"tribe (Q133311)","p":-3,"type":133311},"Q152450":{"code":152450,"name":"municipal election (Q152450)","p":-3,"type":152450},"Q1431554":{"code":1431554,"name":"apostolic administration (Q1431554)","p":-3,"type":1431554},"Q2225003":{"code":2225003,"name":"special municipality (Q2225003)","p":-3,"type":2225003},"Q3117863":{"code":3117863,"name":"isolated human group (Q3117863)","p":-3,"type":3117863},"Q5354906":{"code":5354906,"name":"election in Taiwan (Q5354906)","p":-3,"type":5354906},"Q7884789":{"code":7884789,"name":"toponym (Q7884789)","p":-3,"type":7884789},"Q15280243":{"code":15280243,"name":"mayoral election (Q15280243)","p":-3,"type":15280243},"Q17334923":{"code":17334923,"name":"physical location (Q17334923)","p":-3,"type":17334923},"Q105390172":{"code":105390172,"name":"Roman Catholic metropolitan archdiocese (Q105390172)","p":-3,"type":105390172},"Q9319988":{"code":9319988,"name":"province of the Republic of China (Q9319988)","p":-3,"type":9319988},"Q10876397":{"code":10876397,"name":"Taiwan special municipality mayoral election (Q10876397)","p":-3,"type":10876397},"Q10876480":{"code":10876480,"name":"Capital of Republic of China (Taiwan) (Q10876480)","p":-3,"type":10876480},"Q11042716":{"code":11042716,"name":"Pingtung County magistrate election (Q11042716)","p":-3,"type":11042716},"Q19801853":{"code":19801853,"name":"Republic of China Presidential and Vice Presidential election (Q19801853)","p":-3,"type":19801853},"Q49637768":{"code":49637768,"name":"Taiwan county or provincial city council election (Q49637768)","p":-3,"type":49637768},"Q50291818":{"code":50291818,"name":"county magistrate or provincial city mayoral election in Taiwan (Q50291818)","p":-3,"type":50291818}}