{"Q3":{"code":3,"name":"ROOT","type":634},"Q24017414":{"code":24017414,"name":"MISC","p":3,"type":24017414},"Q183039":{"code":183039,"name":"COUNTRY","p":3,"type":183039},"Q56061":{"code":56061,"name":"admin","p":3,"type":56061},"Q486972":{"code":486972,"name":"settled","p":3,"type":486972},"Q25894868":{"code":25894868,"name":"place type","p":24017414,"type":25894868},"Q41710":{"code":41710,"name":"ethnic group","p":24017414,"type":41710},"Q23442":{"code":23442,"name":"island","p":25894868,"type":23442},"Q6256":{"code":6256,"name":"country","p":183039,"type":6256},"Q1799794":{"code":1799794,"name":"By level","p":56061,"type":1799794},"Q10864048":{"code":10864048,"name":"A1","p":1799794,"type":10864048},"Q515":{"code":515,"name":"city","p":486972,"type":515},"Q98966309":{"code":98966309,"name":"classification of human settlements","p":486972,"type":98966309},"Q5119":{"code":5119,"name":"capital city","p":515,"type":5119},"Q3957":{"code":3957,"name":"town","p":98966309,"type":3957},"Q112099":{"code":112099,"name":"island nation","p":6256,"type":112099},"Q28790362":{"code":28790362,"name":"ethnic community","p":41710,"type":28790362},"Q1753792":{"code":1753792,"name":"quarter of Saint Lucia","p":10864048,"type":1753792},"Q3624078":{"code":3624078,"name":"sovereign state","p":6256,"type":3624078},"Q-3":{"code":-3,"name":"UNLINKED","p":3,"type":-3},"Q105390172":{"code":105390172,"name":"Roman Catholic metropolitan archdiocese (Q105390172)","p":-3,"type":105390172},"Q202686":{"code":202686,"name":"Commonwealth realm (Q202686)","p":-3,"type":202686}}