{"Q3":{"code":3,"name":"ROOT","type":634},"Q15893266":{"code":15893266,"name":"FORMER","p":3,"type":15893266},"Q24017414":{"code":24017414,"name":"MISC","p":3,"type":24017414},"Q183039":{"code":183039,"name":"COUNTRY","p":3,"type":183039},"Q56061":{"code":56061,"name":"admin","p":3,"type":56061},"Q486972":{"code":486972,"name":"settled","p":3,"type":486972},"Q2221906":{"code":2221906,"name":"geo","p":3,"type":2221906},"Q19953632":{"code":19953632,"name":"former admin","p":15893266,"type":19953632},"Q25894868":{"code":25894868,"name":"place type","p":24017414,"type":25894868},"Q41710":{"code":41710,"name":"ethnic group","p":24017414,"type":41710},"Q23442":{"code":23442,"name":"island","p":25894868,"type":23442},"Q15617994":{"code":15617994,"name":"designation for an administrative territorial entity","p":24017414,"type":15617994},"Q6256":{"code":6256,"name":"country","p":183039,"type":6256},"Q3024240":{"code":3024240,"name":"historical country","p":19953632,"type":3024240},"Q1799794":{"code":1799794,"name":"By level","p":56061,"type":1799794},"Q10864048":{"code":10864048,"name":"A1","p":1799794,"type":10864048},"Q13221722":{"code":13221722,"name":"A3","p":1799794,"type":13221722},"Q702492":{"code":702492,"name":"urban area","p":486972,"type":702492},"Q515":{"code":515,"name":"city","p":486972,"type":515},"Q532":{"code":532,"name":"village","p":486972,"type":532},"Q98966309":{"code":98966309,"name":"classification of human settlements","p":486972,"type":98966309},"Q618123":{"code":618123,"name":"geographical feature","p":2221906,"type":618123},"Q1291195":{"code":1291195,"name":"place of discovery","p":618123,"type":1291195},"Q82794":{"code":82794,"name":"geographic region","p":618123,"type":82794},"Q205895":{"code":205895,"name":"landmass","p":82794,"type":205895},"Q5119":{"code":5119,"name":"capital city","p":515,"type":5119},"Q34763":{"code":34763,"name":"peninsula","p":205895,"type":34763},"Q39816":{"code":39816,"name":"valley","p":82794,"type":39816},"Q1161185":{"code":1161185,"name":"high island","p":23442,"type":1161185},"Q839954":{"code":839954,"name":"archaeological site","p":1291195,"type":839954},"Q1549591":{"code":1549591,"name":"big city","p":98966309,"type":1549591},"Q1637706":{"code":1637706,"name":"million city","p":1549591,"type":1637706},"Q3257686":{"code":3257686,"name":"locality","p":486972,"type":3257686},"Q3502482":{"code":3502482,"name":"cultural region","p":82794,"type":3502482},"Q3624078":{"code":3624078,"name":"sovereign state","p":6256,"type":3624078},"Q27554677":{"code":27554677,"name":"former capital","p":486972,"type":27554677},"Q28371991":{"code":28371991,"name":"village of Yemen","p":532,"type":28371991},"Q7551933":{"code":7551933,"name":"mahallah","p":15617994,"type":7551933},"Q-3":{"code":-3,"name":"UNLINKED","p":3,"type":-3},"Q8072":{"code":8072,"name":"volcano (Q8072)","p":-3,"type":8072},"Q331130":{"code":331130,"name":"governorate of Yemen (Q331130)","p":-3,"type":331130},"Q388330":{"code":388330,"name":"Ta'izz Governorate (Q388330)","p":-3,"type":388330},"Q28372019":{"code":28372019,"name":"neighborhood of Yemen (Q28372019)","p":-3,"type":28372019},"Q6617100":{"code":6617100,"name":"district of Yemen (Q6617100)","p":-3,"type":6617100},"Q12206807":{"code":12206807,"name":"block (Q12206807)","p":-3,"type":12206807},"Q12225020":{"code":12225020,"name":"uzlah (Q12225020)","p":-3,"type":12225020}}