{"Q3":{"code":3,"name":"ROOT","type":634},"Q15893266":{"code":15893266,"name":"FORMER","p":3,"type":15893266},"Q24017414":{"code":24017414,"name":"MISC","p":3,"type":24017414},"Q56061":{"code":56061,"name":"admin","p":3,"type":56061},"Q486972":{"code":486972,"name":"settled","p":3,"type":486972},"Q51041800":{"code":51041800,"name":"religious","p":3,"type":51041800},"Q659390":{"code":659390,"name":"construct","p":3,"type":659390},"Q2221906":{"code":2221906,"name":"geo","p":3,"type":2221906},"Q19953632":{"code":19953632,"name":"former admin","p":15893266,"type":19953632},"Q41710":{"code":41710,"name":"ethnic group","p":24017414,"type":41710},"Q1799794":{"code":1799794,"name":"By level","p":56061,"type":1799794},"Q13220204":{"code":13220204,"name":"A2","p":1799794,"type":13220204},"Q515":{"code":515,"name":"city","p":486972,"type":515},"Q532":{"code":532,"name":"village","p":486972,"type":532},"Q15284":{"code":15284,"name":"municipality","p":486972,"type":15284},"Q98966309":{"code":98966309,"name":"classification of human settlements","p":486972,"type":98966309},"Q7930989":{"code":7930989,"name":"city or town","p":486972,"type":7930989},"Q471855":{"code":471855,"name":"jurisdiction","p":659390,"type":471855},"Q2665272":{"code":2665272,"name":"Ecclesiastical circumscription immediately subject to the Holy See","p":471855,"type":2665272},"Q618123":{"code":618123,"name":"geographical feature","p":2221906,"type":618123},"Q82794":{"code":82794,"name":"geographic region","p":618123,"type":82794},"Q183366":{"code":183366,"name":"territory","p":82794,"type":183366},"Q4835091":{"code":4835091,"name":"territory","p":82794,"type":4835091},"Q3957":{"code":3957,"name":"town","p":98966309,"type":3957},"Q5119":{"code":5119,"name":"capital city","p":515,"type":5119},"Q130003":{"code":130003,"name":"ski resort","p":486972,"type":130003},"Q902814":{"code":902814,"name":"border town","p":7930989,"type":902814},"Q2989400":{"code":2989400,"name":"commune of Morocco","p":15284,"type":2989400},"Q3257686":{"code":3257686,"name":"locality","p":486972,"type":3257686},"Q3266850":{"code":3266850,"name":"commune","p":2221906,"type":3266850},"Q192611":{"code":192611,"name":"electoral district","p":56061,"type":192611},"Q2264924":{"code":2264924,"name":"port settlement","p":515,"type":2264924},"Q3327862":{"code":3327862,"name":"urban commune of Morocco","p":2989400,"type":3327862},"Q1317251":{"code":1317251,"name":"fishing village","p":532,"type":1317251},"Q1549591":{"code":1549591,"name":"big city","p":98966309,"type":1549591},"Q1637706":{"code":1637706,"name":"million city","p":1549591,"type":1637706},"Q15239622":{"code":15239622,"name":"disputed territory","p":183366,"type":15239622},"Q50330360":{"code":50330360,"name":"second largest city","p":7930989,"type":50330360},"Q55463514":{"code":55463514,"name":"tribal area","p":4835091,"type":55463514},"Q105419665":{"code":105419665,"name":"Roman Catholic archdiocese not metropolitan","p":51041800,"type":105419665},"Q25446687":{"code":25446687,"name":"former region of Morocco","p":19953632,"type":25446687},"Q17318027":{"code":17318027,"name":"rural commune of Morocco","p":2989400,"type":17318027},"Q-3":{"code":-3,"name":"UNLINKED","p":3,"type":-3},"Q43742":{"code":43742,"name":"oasis (Q43742)","p":-3,"type":43742},"Q133311":{"code":133311,"name":"tribe (Q133311)","p":-3,"type":133311},"Q845643":{"code":845643,"name":"region of Morocco (Q845643)","p":-3,"type":845643},"Q2434238":{"code":2434238,"name":"heritage (Q2434238)","p":-3,"type":2434238},"Q7315273":{"code":7315273,"name":"forest reserve (Q7315273)","p":-3,"type":7315273},"Q15623950":{"code":15623950,"name":"prefecture of Morocco (Q15623950)","p":-3,"type":15623950},"Q15629582":{"code":15629582,"name":"province of Morocco (Q15629582)","p":-3,"type":15629582},"Q16334295":{"code":16334295,"name":"group of humans (Q16334295)","p":-3,"type":16334295},"Q23925379":{"code":23925379,"name":"Prefecture of Arrondissement (Q23925379)","p":-3,"type":23925379},"Q23925390":{"code":23925390,"name":"Centre (Q23925390)","p":-3,"type":23925390},"Q23925393":{"code":23925393,"name":"douar (Q23925393)","p":-3,"type":23925393},"Q28912853":{"code":28912853,"name":"fraction (Q28912853)","p":-3,"type":28912853},"Q23019196":{"code":23019196,"name":"circle of Morocco (Q23019196)","p":-3,"type":23019196},"Q17524420":{"code":17524420,"name":"aspect of history (Q17524420)","p":-3,"type":17524420}}