{"Q3":{"code":3,"name":"ROOT","type":634},"Q15893266":{"code":15893266,"name":"FORMER","p":3,"type":15893266},"Q24017414":{"code":24017414,"name":"MISC","p":3,"type":24017414},"Q183039":{"code":183039,"name":"COUNTRY","p":3,"type":183039},"Q56061":{"code":56061,"name":"admin","p":3,"type":56061},"Q486972":{"code":486972,"name":"settled","p":3,"type":486972},"Q2625603":{"code":2625603,"name":"population","p":3,"type":2625603},"Q51041800":{"code":51041800,"name":"religious","p":3,"type":51041800},"Q659390":{"code":659390,"name":"construct","p":3,"type":659390},"Q104098715":{"code":104098715,"name":"territorial entity type","p":3,"type":104098715},"Q2221906":{"code":2221906,"name":"geo","p":3,"type":2221906},"Q19953632":{"code":19953632,"name":"former admin","p":15893266,"type":19953632},"Q5962346":{"code":5962346,"name":"classification system","p":24017414,"type":5962346},"Q11834037":{"code":11834037,"name":"physico-geographical regionalization","p":5962346,"type":11834037},"Q25894868":{"code":25894868,"name":"place type","p":24017414,"type":25894868},"Q41710":{"code":41710,"name":"ethnic group","p":24017414,"type":41710},"Q23442":{"code":23442,"name":"island","p":25894868,"type":23442},"Q15617994":{"code":15617994,"name":"designation for an administrative territorial entity","p":24017414,"type":15617994},"Q111972893":{"code":111972893,"name":"type of structure","p":24017414,"type":111972893},"Q811979":{"code":811979,"name":"architectural structure","p":111972893,"type":811979},"Q41176":{"code":41176,"name":"building","p":811979,"type":41176},"Q96084375":{"code":96084375,"name":"former building or structure","p":41176,"type":96084375},"Q12292478":{"code":12292478,"name":"estate","p":811979,"type":12292478},"Q875157":{"code":875157,"name":"resort","p":12292478,"type":875157},"Q699405":{"code":699405,"name":"residence","p":811979,"type":699405},"Q5890494":{"code":5890494,"name":"homestead","p":699405,"type":5890494},"Q11755880":{"code":11755880,"name":"residential building","p":699405,"type":11755880},"Q113489728":{"code":113489728,"name":"OECD country","p":183039,"type":113489728},"Q1307214":{"code":1307214,"name":"form of government","p":183039,"type":1307214},"Q6256":{"code":6256,"name":"country","p":183039,"type":6256},"Q171308":{"code":171308,"name":"oblast","p":56061,"type":171308},"Q15621274":{"code":15621274,"name":"enclave or exclave","p":56061,"type":15621274},"Q3024240":{"code":3024240,"name":"historical country","p":19953632,"type":3024240},"Q12076836":{"code":12076836,"name":"of a single country","p":56061,"type":12076836},"Q2520520":{"code":2520520,"name":"administrative territorial entity of Hungary","p":12076836,"type":2520520},"Q697379":{"code":697379,"name":"administrative territorial entity of Romania","p":12076836,"type":697379},"Q15620181":{"code":15620181,"name":"administrative territorial entity of Estonia","p":12076836,"type":15620181},"Q1799794":{"code":1799794,"name":"By level","p":56061,"type":1799794},"Q788176":{"code":788176,"name":"autonomous administrative territorial entity","p":56061,"type":788176},"Q10864048":{"code":10864048,"name":"A1","p":1799794,"type":10864048},"Q13220204":{"code":13220204,"name":"A2","p":1799794,"type":13220204},"Q13221722":{"code":13221722,"name":"A3","p":1799794,"type":13221722},"Q14757767":{"code":14757767,"name":"A4","p":1799794,"type":14757767},"Q4976993":{"code":4976993,"name":"civil parish","p":14757767,"type":4976993},"Q7275":{"code":7275,"name":"state","p":56061,"type":7275},"Q702492":{"code":702492,"name":"urban area","p":486972,"type":702492},"Q515":{"code":515,"name":"city","p":486972,"type":515},"Q532":{"code":532,"name":"village","p":486972,"type":532},"Q618299":{"code":618299,"name":"settlement","p":486972,"type":618299},"Q15284":{"code":15284,"name":"municipality","p":486972,"type":15284},"Q15253706":{"code":15253706,"name":"like a city","p":486972,"type":15253706},"Q244793":{"code":244793,"name":"twin cities","p":486972,"type":244793},"Q676050":{"code":676050,"name":"old town","p":486972,"type":676050},"Q1782540":{"code":1782540,"name":"railway town","p":486972,"type":1782540},"Q98966309":{"code":98966309,"name":"classification of human settlements","p":486972,"type":98966309},"Q7930989":{"code":7930989,"name":"city or town","p":486972,"type":7930989},"Q33829":{"code":33829,"name":"human population","p":2625603,"type":33829},"Q1492823":{"code":1492823,"name":"ecclesiastical district","p":51041800,"type":1492823},"Q20926517":{"code":20926517,"name":"religious administrative territorial entity","p":51041800,"type":20926517},"Q665487":{"code":665487,"name":"diocese","p":20926517,"type":665487},"Q471855":{"code":471855,"name":"jurisdiction","p":659390,"type":471855},"Q2665272":{"code":2665272,"name":"Ecclesiastical circumscription immediately subject to the Holy See","p":471855,"type":2665272},"Q618123":{"code":618123,"name":"geographical feature","p":2221906,"type":618123},"Q1291195":{"code":1291195,"name":"place of discovery","p":618123,"type":1291195},"Q82794":{"code":82794,"name":"geographic region","p":618123,"type":82794},"Q106589819":{"code":106589819,"name":"elevation","p":618123,"type":106589819},"Q74817647":{"code":74817647,"name":"aspect in a geographic region","p":82794,"type":74817647},"Q205895":{"code":205895,"name":"landmass","p":82794,"type":205895},"Q183366":{"code":183366,"name":"territory","p":82794,"type":183366},"Q4835091":{"code":4835091,"name":"territory","p":82794,"type":4835091},"Q15642541":{"code":15642541,"name":"human-geographic territorial entity","p":183366,"type":15642541},"Q3957":{"code":3957,"name":"town","p":98966309,"type":3957},"Q5119":{"code":5119,"name":"capital city","p":515,"type":5119},"Q130003":{"code":130003,"name":"ski resort","p":486972,"type":130003},"Q192611":{"code":192611,"name":"electoral district","p":56061,"type":192611},"Q902814":{"code":902814,"name":"border town","p":7930989,"type":902814},"Q1317251":{"code":1317251,"name":"fishing village","p":532,"type":1317251},"Q1549591":{"code":1549591,"name":"big city","p":98966309,"type":1549591},"Q1637706":{"code":1637706,"name":"million city","p":1549591,"type":1637706},"Q2264924":{"code":2264924,"name":"port settlement","p":515,"type":2264924},"Q2989400":{"code":2989400,"name":"commune of Morocco","p":15284,"type":2989400},"Q3257686":{"code":3257686,"name":"locality","p":486972,"type":3257686},"Q3266850":{"code":3266850,"name":"commune","p":2221906,"type":3266850},"Q3327862":{"code":3327862,"name":"urban commune of Morocco","p":2989400,"type":3327862},"Q15239622":{"code":15239622,"name":"disputed territory","p":183366,"type":15239622},"Q17318027":{"code":17318027,"name":"rural commune of Morocco","p":2989400,"type":17318027},"Q50330360":{"code":50330360,"name":"second largest city","p":7930989,"type":50330360},"Q55463514":{"code":55463514,"name":"tribal area","p":4835091,"type":55463514},"Q105419665":{"code":105419665,"name":"Roman Catholic archdiocese not metropolitan","p":51041800,"type":105419665},"Q25446687":{"code":25446687,"name":"former region of Morocco","p":19953632,"type":25446687},"Q-1":{"code":-1,"name":"INVALID","p":3,"type":-1},"Q-2":{"code":-2,"name":"EXCLUDED","p":3,"type":-2},"Q4421":{"code":4421,"name":"forest (Q4421)","p":-1,"type":4421},"Q5084":{"code":5084,"name":"hamlet (Q5084)","p":-1,"type":5084},"Q34876":{"code":34876,"name":"province (Q34876)","p":-1,"type":34876},"Q149621":{"code":149621,"name":"district (Q149621)","p":-1,"type":149621},"Q488383":{"code":488383,"name":"object (Q488383)","p":-1,"type":488383},"Q515716":{"code":515716,"name":"prefecture (Q515716)","p":-1,"type":515716},"Q874405":{"code":874405,"name":"social group (Q874405)","p":-1,"type":874405},"Q3702971":{"code":3702971,"name":"personal data (Q3702971)","p":-2,"type":3702971},"Q4115671":{"code":4115671,"name":"administrative territorial entity of Morocco (Q4115671)","p":-1,"type":4115671},"Q16334298":{"code":16334298,"name":"group of living things (Q16334298)","p":-1,"type":16334298},"Q19361238":{"code":19361238,"name":"Wikidata metaclass (Q19361238)","p":-1,"type":19361238},"Q20719696":{"code":20719696,"name":"physico-geographical object (Q20719696)","p":-1,"type":20719696},"Q-3":{"code":-3,"name":"UNLINKED","p":3,"type":-3},"Q43742":{"code":43742,"name":"oasis (Q43742)","p":-3,"type":43742},"Q133311":{"code":133311,"name":"tribe (Q133311)","p":-3,"type":133311},"Q845643":{"code":845643,"name":"region of Morocco (Q845643)","p":-3,"type":845643},"Q2434238":{"code":2434238,"name":"heritage (Q2434238)","p":-3,"type":2434238},"Q7315273":{"code":7315273,"name":"forest reserve (Q7315273)","p":-3,"type":7315273},"Q15623950":{"code":15623950,"name":"prefecture of Morocco (Q15623950)","p":-3,"type":15623950},"Q15629582":{"code":15629582,"name":"province of Morocco (Q15629582)","p":-3,"type":15629582},"Q23019196":{"code":23019196,"name":"circle of Morocco (Q23019196)","p":-3,"type":23019196},"Q16334295":{"code":16334295,"name":"group of humans (Q16334295)","p":-3,"type":16334295},"Q17524420":{"code":17524420,"name":"aspect of history (Q17524420)","p":-3,"type":17524420},"Q23925393":{"code":23925393,"name":"douar (Q23925393)","p":-3,"type":23925393},"Q23925379":{"code":23925379,"name":"Prefecture of Arrondissement (Q23925379)","p":-3,"type":23925379},"Q23925390":{"code":23925390,"name":"Centre (Q23925390)","p":-3,"type":23925390},"Q28912853":{"code":28912853,"name":"fraction (Q28912853)","p":-3,"type":28912853}}