{"Q3":{"code":3,"name":"ROOT","type":634},"Q15893266":{"code":15893266,"name":"FORMER","p":3,"type":15893266},"Q24017414":{"code":24017414,"name":"MISC","p":3,"type":24017414},"Q183039":{"code":183039,"name":"COUNTRY","p":3,"type":183039},"Q56061":{"code":56061,"name":"admin","p":3,"type":56061},"Q486972":{"code":486972,"name":"settled","p":3,"type":486972},"Q2625603":{"code":2625603,"name":"population","p":3,"type":2625603},"Q51041800":{"code":51041800,"name":"religious","p":3,"type":51041800},"Q659390":{"code":659390,"name":"construct","p":3,"type":659390},"Q2221906":{"code":2221906,"name":"geo","p":3,"type":2221906},"Q19953632":{"code":19953632,"name":"former admin","p":15893266,"type":19953632},"Q25894868":{"code":25894868,"name":"place type","p":24017414,"type":25894868},"Q41710":{"code":41710,"name":"ethnic group","p":24017414,"type":41710},"Q23442":{"code":23442,"name":"island","p":25894868,"type":23442},"Q15617994":{"code":15617994,"name":"designation for an administrative territorial entity","p":24017414,"type":15617994},"Q111972893":{"code":111972893,"name":"type of structure","p":24017414,"type":111972893},"Q811979":{"code":811979,"name":"architectural structure","p":111972893,"type":811979},"Q41176":{"code":41176,"name":"building","p":811979,"type":41176},"Q12292478":{"code":12292478,"name":"estate","p":811979,"type":12292478},"Q875157":{"code":875157,"name":"resort","p":12292478,"type":875157},"Q1307214":{"code":1307214,"name":"form of government","p":183039,"type":1307214},"Q6256":{"code":6256,"name":"country","p":183039,"type":6256},"Q15621274":{"code":15621274,"name":"enclave or exclave","p":56061,"type":15621274},"Q3024240":{"code":3024240,"name":"historical country","p":19953632,"type":3024240},"Q12076836":{"code":12076836,"name":"of a single country","p":56061,"type":12076836},"Q1799794":{"code":1799794,"name":"By level","p":56061,"type":1799794},"Q10864048":{"code":10864048,"name":"A1","p":1799794,"type":10864048},"Q13221722":{"code":13221722,"name":"A3","p":1799794,"type":13221722},"Q7275":{"code":7275,"name":"state","p":56061,"type":7275},"Q702492":{"code":702492,"name":"urban area","p":486972,"type":702492},"Q515":{"code":515,"name":"city","p":486972,"type":515},"Q532":{"code":532,"name":"village","p":486972,"type":532},"Q15284":{"code":15284,"name":"municipality","p":486972,"type":15284},"Q244793":{"code":244793,"name":"twin cities","p":486972,"type":244793},"Q676050":{"code":676050,"name":"old town","p":486972,"type":676050},"Q1782540":{"code":1782540,"name":"railway town","p":486972,"type":1782540},"Q98966309":{"code":98966309,"name":"classification of human settlements","p":486972,"type":98966309},"Q7930989":{"code":7930989,"name":"city or town","p":486972,"type":7930989},"Q33829":{"code":33829,"name":"human population","p":2625603,"type":33829},"Q1492823":{"code":1492823,"name":"ecclesiastical district","p":51041800,"type":1492823},"Q20926517":{"code":20926517,"name":"religious administrative territorial entity","p":51041800,"type":20926517},"Q665487":{"code":665487,"name":"diocese","p":20926517,"type":665487},"Q471855":{"code":471855,"name":"jurisdiction","p":659390,"type":471855},"Q2665272":{"code":2665272,"name":"Ecclesiastical circumscription immediately subject to the Holy See","p":471855,"type":2665272},"Q618123":{"code":618123,"name":"geographical feature","p":2221906,"type":618123},"Q1291195":{"code":1291195,"name":"place of discovery","p":618123,"type":1291195},"Q82794":{"code":82794,"name":"geographic region","p":618123,"type":82794},"Q106589819":{"code":106589819,"name":"elevation","p":618123,"type":106589819},"Q205895":{"code":205895,"name":"landmass","p":82794,"type":205895},"Q183366":{"code":183366,"name":"territory","p":82794,"type":183366},"Q4835091":{"code":4835091,"name":"territory","p":82794,"type":4835091},"Q15642541":{"code":15642541,"name":"human-geographic territorial entity","p":183366,"type":15642541},"Q74047":{"code":74047,"name":"ghost town","p":98966309,"type":74047},"Q123705":{"code":123705,"name":"neighborhood","p":486972,"type":123705},"Q75848":{"code":75848,"name":"gated community","p":123705,"type":75848},"Q171441":{"code":171441,"name":"enclave","p":15621274,"type":171441},"Q130003":{"code":130003,"name":"ski resort","p":486972,"type":130003},"Q133004":{"code":133004,"name":"diaspora","p":24017414,"type":133004},"Q149621":{"code":149621,"name":"district","p":15617994,"type":149621},"Q162602":{"code":162602,"name":"river island","p":23442,"type":162602},"Q192611":{"code":192611,"name":"electoral district","p":56061,"type":192611},"Q200250":{"code":200250,"name":"metropolis","p":486972,"type":200250},"Q207524":{"code":207524,"name":"islet","p":23442,"type":207524},"Q933394":{"code":933394,"name":"exclave","p":15621274,"type":933394},"Q1021711":{"code":1021711,"name":"seaside resort","p":486972,"type":1021711},"Q208511":{"code":208511,"name":"global city","p":515,"type":208511},"Q1076486":{"code":1076486,"name":"sports venue","p":811979,"type":1076486},"Q1048525":{"code":1048525,"name":"golf course","p":1076486,"type":1048525},"Q1048835":{"code":1048835,"name":"political territorial entity","p":56061,"type":1048835},"Q1093829":{"code":1093829,"name":"city in the United States","p":515,"type":1093829},"Q251749":{"code":251749,"name":"pueblo","p":532,"type":251749},"Q1050303":{"code":1050303,"name":"downtown","p":123705,"type":1050303},"Q269528":{"code":269528,"name":"unincorporated area","p":486972,"type":269528},"Q1062177":{"code":1062177,"name":"capital region","p":4835091,"type":1062177},"Q1074523":{"code":1074523,"name":"planned community","p":486972,"type":1074523},"Q1115575":{"code":1115575,"name":"civil parish","p":56061,"type":1115575},"Q373074":{"code":373074,"name":"suffragan diocese","p":15617994,"type":373074},"Q462778":{"code":462778,"name":"insular area","p":618123,"type":462778},"Q471822":{"code":471822,"name":"megalopolis","p":702492,"type":471822},"Q1133961":{"code":1133961,"name":"commercial district","p":123705,"type":1133961},"Q1187811":{"code":1187811,"name":"college town","p":515,"type":1187811},"Q475050":{"code":475050,"name":"federal district","p":15617994,"type":475050},"Q3957":{"code":3957,"name":"town","p":98966309,"type":3957},"Q317548":{"code":317548,"name":"resort town","p":3957,"type":317548},"Q555937":{"code":555937,"name":"tidal island","p":23442,"type":555937},"Q1266029":{"code":1266029,"name":"edge city","p":515,"type":1266029},"Q1520223":{"code":1520223,"name":"constitutional republic","p":183039,"type":1520223},"Q1266818":{"code":1266818,"name":"independent city","p":1093829,"type":1266818},"Q1549591":{"code":1549591,"name":"big city","p":98966309,"type":1549591},"Q1969642":{"code":1969642,"name":"neighborhood of San Francisco","p":123705,"type":1969642},"Q498162":{"code":498162,"name":"census-designated place in the United States","p":486972,"type":498162},"Q329683":{"code":329683,"name":"industrial zone","p":82794,"type":329683},"Q350895":{"code":350895,"name":"abandoned village","p":98966309,"type":350895},"Q473972":{"code":473972,"name":"protected area","p":56061,"type":473972},"Q1161185":{"code":1161185,"name":"high island","p":23442,"type":1161185},"Q1205140":{"code":1205140,"name":"barrier island","p":23442,"type":1205140},"Q852446":{"code":852446,"name":"administrative territorial entity of the United States","p":12076836,"type":852446},"Q518261":{"code":518261,"name":"cultural area","p":4835091,"type":518261},"Q2264924":{"code":2264924,"name":"port settlement","p":515,"type":2264924},"Q3146899":{"code":3146899,"name":"diocese of the Catholic Church","p":665487,"type":3146899},"Q3257686":{"code":3257686,"name":"locality","p":486972,"type":3257686},"Q512187":{"code":512187,"name":"federal republic","p":1307214,"type":512187},"Q609591":{"code":609591,"name":"Commonwealth","p":462778,"type":609591},"Q610237":{"code":610237,"name":"special-purpose district of the United States","p":852446,"type":610237},"Q1402592":{"code":1402592,"name":"island group","p":82794,"type":1402592},"Q1414991":{"code":1414991,"name":"area","p":4835091,"type":1414991},"Q6266":{"code":6266,"name":"nation","p":659390,"type":6266},"Q1489259":{"code":1489259,"name":"superpower","p":6266,"type":1489259},"Q1550680":{"code":1550680,"name":"unorganized territory","p":852446,"type":1550680},"Q1778235":{"code":1778235,"name":"territorial abbey","p":1492823,"type":1778235},"Q6925559":{"code":6925559,"name":"mountain resort","p":875157,"type":6925559},"Q6988097":{"code":6988097,"name":"neighborhoods of Jacksonville","p":123705,"type":6988097},"Q1907114":{"code":1907114,"name":"metropolitan area","p":56061,"type":1907114},"Q1768043":{"code":1768043,"name":"Metropolitan Statistical Area","p":1907114,"type":1768043},"Q3301455":{"code":3301455,"name":"precinct","p":192611,"type":3301455},"Q748198":{"code":748198,"name":"gay village","p":123705,"type":748198},"Q3413329":{"code":3413329,"name":"neighborhood in Boston","p":123705,"type":3413329},"Q3677932":{"code":3677932,"name":"barrio of Puerto Rico","p":13221722,"type":3677932},"Q3732788":{"code":3732788,"name":"apostolic exarchate","p":1492823,"type":3732788},"Q4012861":{"code":4012861,"name":"mill town","p":486972,"type":4012861},"Q1664473":{"code":1664473,"name":"chain of islands","p":1402592,"type":1664473},"Q3298871":{"code":3298871,"name":"sundown town","p":15284,"type":3298871},"Q622499":{"code":622499,"name":"refugee camp","p":486972,"type":622499},"Q691960":{"code":691960,"name":"satellite city","p":515,"type":691960},"Q734818":{"code":734818,"name":"condominium","p":1307214,"type":734818},"Q863284":{"code":863284,"name":"Indigenous people in Canada","p":41710,"type":863284},"Q654710":{"code":654710,"name":"local particular church","p":51041800,"type":654710},"Q738570":{"code":738570,"name":"central business district","p":123705,"type":738570},"Q839954":{"code":839954,"name":"archaeological site","p":1291195,"type":839954},"Q1637706":{"code":1637706,"name":"million city","p":1549591,"type":1637706},"Q902814":{"code":902814,"name":"border town","p":7930989,"type":902814},"Q3502482":{"code":3502482,"name":"cultural region","p":82794,"type":3502482},"Q3559019":{"code":3559019,"name":"urban village","p":486972,"type":3559019},"Q3559093":{"code":3559093,"name":"sanctuary city","p":515,"type":3559093},"Q3624078":{"code":3624078,"name":"sovereign state","p":6256,"type":3624078},"Q16933701":{"code":16933701,"name":"principal city","p":515,"type":16933701},"Q16936588":{"code":16936588,"name":"village of Pennsylvania","p":532,"type":16936588},"Q17015330":{"code":17015330,"name":"Neighborhoods of Minneapolis","p":123705,"type":17015330},"Q17152565":{"code":17152565,"name":"international zone","p":56061,"type":17152565},"Q17166756":{"code":17166756,"name":"United States congressional district","p":192611,"type":17166756},"Q13218357":{"code":13218357,"name":"city of California","p":1093829,"type":13218357},"Q57237926":{"code":57237926,"name":"reservation","p":56061,"type":57237926},"Q5398059":{"code":5398059,"name":"Indian reservation of the United States","p":57237926,"type":5398059},"Q5255892":{"code":5255892,"name":"democratic republic","p":183039,"type":5255892},"Q820254":{"code":820254,"name":"mining community","p":486972,"type":820254},"Q2714144":{"code":2714144,"name":"bird sanctuary","p":473972,"type":2714144},"Q2974552":{"code":2974552,"name":"city in New Jersey","p":1093829,"type":2974552},"Q2985090":{"code":2985090,"name":"Combined Statistical Area","p":82794,"type":2985090},"Q5020994":{"code":5020994,"name":"California State Assembly district","p":192611,"type":5020994},"Q5021078":{"code":5021078,"name":"California State Senate district","p":192611,"type":5021078},"Q5195043":{"code":5195043,"name":"borough","p":15617994,"type":5195043},"Q5084":{"code":5084,"name":"hamlet","p":98966309,"type":5084},"Q12063697":{"code":12063697,"name":"neighborhood of Washington, D.C.","p":123705,"type":12063697},"Q21518270":{"code":21518270,"name":"state or insular area capital of the United States","p":852446,"type":21518270},"Q17343829":{"code":17343829,"name":"unincorporated community in the United States","p":269528,"type":17343829},"Q22674925":{"code":22674925,"name":"former settlement","p":98966309,"type":22674925},"Q22674939":{"code":22674939,"name":"sunken settlement","p":22674925,"type":22674939},"Q7840353":{"code":7840353,"name":"federally recognized Native American tribe in the United States","p":471855,"type":7840353},"Q11197007":{"code":11197007,"name":"ethnoreligious group","p":41710,"type":11197007},"Q5119":{"code":5119,"name":"capital city","p":515,"type":5119},"Q15303838":{"code":15303838,"name":"municipality seat","p":5119,"type":15303838},"Q15411644":{"code":15411644,"name":"town of Virginia","p":515,"type":15411644},"Q15613737":{"code":15613737,"name":"municipality of the Northern Mariana Islands","p":852446,"type":15613737},"Q15618465":{"code":15618465,"name":"district of American Samoa","p":149621,"type":15618465},"Q42523":{"code":42523,"name":"atoll","p":23442,"type":42523},"Q15629617":{"code":15629617,"name":"unorganized atoll of American Samoa","p":42523,"type":15629617},"Q20203616":{"code":20203616,"name":"Indian reservation","p":15617994,"type":20203616},"Q15063600":{"code":15063600,"name":"home rule city of Michigan","p":515,"type":15063600},"Q15127012":{"code":15127012,"name":"town in the United States","p":3957,"type":15127012},"Q19610511":{"code":19610511,"name":"township","p":15617994,"type":19610511},"Q19730508":{"code":19730508,"name":"former municipality","p":15284,"type":19730508},"Q20725872":{"code":20725872,"name":"Eastern Catholic eparchy","p":20926517,"type":20725872},"Q21010817":{"code":21010817,"name":"city of Pennsylvania","p":1093829,"type":21010817},"Q21507948":{"code":21507948,"name":"former village","p":532,"type":21507948},"Q50330360":{"code":50330360,"name":"second largest city","p":7930989,"type":50330360},"Q51929311":{"code":51929311,"name":"largest city","p":7930989,"type":51929311},"Q96857311":{"code":96857311,"name":"Village of Guam","p":15284,"type":96857311},"Q99541706":{"code":99541706,"name":"historical unrecognized state","p":3024240,"type":99541706},"Q104774075":{"code":104774075,"name":"urbanized area","p":702492,"type":104774075},"Q104774089":{"code":104774089,"name":"urban cluster","p":702492,"type":104774089},"Q105388829":{"code":105388829,"name":"Latin Catholic diocese","p":20926517,"type":105388829},"Q105389481":{"code":105389481,"name":"Greek-Catholic eparchy","p":51041800,"type":105389481},"Q8502":{"code":8502,"name":"mountain","p":106589819,"type":8502},"Q28111":{"code":28111,"name":"township in the United States","p":852446,"type":28111},"Q55237813":{"code":55237813,"name":"village of New York","p":15617994,"type":55237813},"Q39816":{"code":39816,"name":"valley","p":82794,"type":39816},"Q52154375":{"code":52154375,"name":"district or neighborhood of Los Angeles","p":3257686,"type":52154375},"Q34763":{"code":34763,"name":"peninsula","p":205895,"type":34763},"Q15243209":{"code":15243209,"name":"historic district","p":149621,"type":15243209},"Q55612423":{"code":55612423,"name":"general law municipality","p":1093829,"type":55612423},"Q56152103":{"code":56152103,"name":"Greenbelt town","p":1074523,"type":56152103},"Q25377665":{"code":25377665,"name":"gambling city","p":515,"type":25377665},"Q26934845":{"code":26934845,"name":"integral overseas territory","p":56061,"type":26934845},"Q27702623":{"code":27702623,"name":"academic enclave","p":123705,"type":27702623},"Q28790362":{"code":28790362,"name":"ethnic community","p":41710,"type":28790362},"Q76514543":{"code":76514543,"name":"municipality of Georgia","p":15284,"type":76514543},"Q68889614":{"code":68889614,"name":"rural municipality","p":15617994,"type":68889614},"Q13691":{"code":13691,"name":"artificial island","p":23442,"type":13691},"Q33837":{"code":33837,"name":"archipelago","p":205895,"type":33837},"Q36747":{"code":36747,"name":"indigenous peoples of the Americas","p":41710,"type":36747},"Q15221256":{"code":15221256,"name":"city of Wisconsin","p":1093829,"type":15221256},"Q15239622":{"code":15239622,"name":"disputed territory","p":183366,"type":15239622},"Q5500414":{"code":5500414,"name":"freedmen's town","p":486972,"type":5500414},"Q5586091":{"code":5586091,"name":"gore","p":269528,"type":5586091},"Q108788952":{"code":108788952,"name":"ethnic group by residency","p":41710,"type":108788952},"Q49297":{"code":49297,"name":"Native Americans in the United States","p":108788952,"type":49297},"Q54050":{"code":54050,"name":"hill","p":106589819,"type":54050},"Q110798863":{"code":110798863,"name":"neighborhood of Pittsburgh","p":123705,"type":110798863},"Q114496982":{"code":114496982,"name":"political city","p":98966309,"type":114496982},"Q108569710":{"code":108569710,"name":"city of Ohio","p":1093829,"type":108569710},"Q108822885":{"code":108822885,"name":"Catholic Metropolitan Archieparchy","p":51041800,"type":108822885},"Q108871638":{"code":108871638,"name":"Hispanic American neighborhood","p":123705,"type":108871638},"Q110010841":{"code":110010841,"name":"hamlet of New York","p":5084,"type":110010841},"Q110071194":{"code":110071194,"name":"city of Illinois","p":1093829,"type":110071194},"Q-3":{"code":-3,"name":"UNLINKED","p":3,"type":-3},"Q103817":{"code":103817,"name":"indigenous people (Q103817)","p":-3,"type":103817},"Q166247":{"code":166247,"name":"American Viticultural Area (Q166247)","p":-3,"type":166247},"Q166735":{"code":166735,"name":"swamp (Q166735)","p":-3,"type":166735},"Q174844":{"code":174844,"name":"megacity (Q174844)","p":-3,"type":174844},"Q131263":{"code":131263,"name":"barracks (Q131263)","p":-3,"type":131263},"Q131681":{"code":131681,"name":"reservoir (Q131681)","p":-3,"type":131681},"Q133311":{"code":133311,"name":"tribe (Q133311)","p":-3,"type":133311},"Q152081":{"code":152081,"name":"concentration camp (Q152081)","p":-3,"type":152081},"Q160091":{"code":160091,"name":"plain (Q160091)","p":-3,"type":160091},"Q160742":{"code":160742,"name":"abbey (Q160742)","p":-3,"type":160742},"Q164142":{"code":164142,"name":"protectorate (Q164142)","p":-3,"type":164142},"Q175331":{"code":175331,"name":"demonstration (Q175331)","p":-3,"type":175331},"Q177634":{"code":177634,"name":"community (Q177634)","p":-3,"type":177634},"Q184358":{"code":184358,"name":"reef (Q184358)","p":-3,"type":184358},"Q185113":{"code":185113,"name":"cape (Q185113)","p":-3,"type":185113},"Q188443":{"code":188443,"name":"micronation (Q188443)","p":-3,"type":188443},"Q188509":{"code":188509,"name":"suburb (Q188509)","p":-3,"type":188509},"Q189004":{"code":189004,"name":"college (Q189004)","p":-3,"type":189004},"Q188913":{"code":188913,"name":"plantation (Q188913)","p":-3,"type":188913},"Q194188":{"code":194188,"name":"spaceport (Q194188)","p":-3,"type":194188},"Q202509":{"code":202509,"name":"Chinatown (Q202509)","p":-3,"type":202509},"Q1017546":{"code":1017546,"name":"list of districts and neighborhoods of Los Angeles (Q1017546)","p":-3,"type":1017546},"Q1080794":{"code":1080794,"name":"state school (Q1080794)","p":-3,"type":1080794},"Q263639":{"code":263639,"name":"municipality of Puerto Rico (Q263639)","p":-3,"type":263639},"Q231002":{"code":231002,"name":"nationality (Q231002)","p":-3,"type":231002},"Q245016":{"code":245016,"name":"military base (Q245016)","p":-3,"type":245016},"Q1129474":{"code":1129474,"name":"cultural landscape (Q1129474)","p":-3,"type":1129474},"Q209148":{"code":209148,"name":"Pima people (Q209148)","p":-3,"type":209148},"Q209465":{"code":209465,"name":"campus (Q209465)","p":-3,"type":209465},"Q408804":{"code":408804,"name":"borough of New York City (Q408804)","p":-3,"type":408804},"Q1138494":{"code":1138494,"name":"historic county of England (Q1138494)","p":-3,"type":1138494},"Q1145276":{"code":1145276,"name":"fictional country (Q1145276)","p":-3,"type":1145276},"Q1200957":{"code":1200957,"name":"tourist destination (Q1200957)","p":-3,"type":1200957},"Q2472587":{"code":2472587,"name":"people (Q2472587)","p":-3,"type":2472587},"Q271669":{"code":271669,"name":"landform (Q271669)","p":-3,"type":271669},"Q283202":{"code":283202,"name":"harbor (Q283202)","p":-3,"type":283202},"Q570116":{"code":570116,"name":"tourist attraction (Q570116)","p":-3,"type":570116},"Q1276556":{"code":1276556,"name":"plantation (Q1276556)","p":-3,"type":1276556},"Q1352230":{"code":1352230,"name":"territory of the United States (Q1352230)","p":-3,"type":1352230},"Q1544543":{"code":1544543,"name":"Greektown (Q1544543)","p":-3,"type":1544543},"Q1269448":{"code":1269448,"name":"retirement community (Q1269448)","p":-3,"type":1269448},"Q1964689":{"code":1964689,"name":"fictional city (Q1964689)","p":-3,"type":1964689},"Q1967454":{"code":1967454,"name":"National Memorial of the United States (Q1967454)","p":-3,"type":1967454},"Q2097994":{"code":2097994,"name":"municipal corporation (Q2097994)","p":-3,"type":2097994},"Q331367":{"code":331367,"name":"submarine base (Q331367)","p":-3,"type":331367},"Q502074":{"code":502074,"name":"heliport (Q502074)","p":-3,"type":502074},"Q623319":{"code":623319,"name":"mesa (Q623319)","p":-3,"type":623319},"Q1248784":{"code":1248784,"name":"airport (Q1248784)","p":-3,"type":1248784},"Q1377182":{"code":1377182,"name":"liberal arts college (Q1377182)","p":-3,"type":1377182},"Q1394476":{"code":1394476,"name":"civil township (Q1394476)","p":-3,"type":1394476},"Q2154459":{"code":2154459,"name":"no label (Q2154459)","p":-3,"type":2154459},"Q517760":{"code":517760,"name":"no label (Q517760)","p":-3,"type":517760},"Q740445":{"code":740445,"name":"no label (Q740445)","p":-3,"type":740445},"Q744913":{"code":744913,"name":"no label (Q744913)","p":-3,"type":744913},"Q2232001":{"code":2232001,"name":"no label (Q2232001)","p":-3,"type":2232001},"Q3113369":{"code":3113369,"name":"no label (Q3113369)","p":-3,"type":3113369},"Q6583066":{"code":6583066,"name":"no label (Q6583066)","p":-3,"type":6583066},"Q6643834":{"code":6643834,"name":"no label (Q6643834)","p":-3,"type":6643834},"Q503481":{"code":503481,"name":"no label (Q503481)","p":-3,"type":503481},"Q615150":{"code":615150,"name":"no label (Q615150)","p":-3,"type":615150},"Q2531956":{"code":2531956,"name":"no label (Q2531956)","p":-3,"type":2531956},"Q7830213":{"code":7830213,"name":"no label (Q7830213)","p":-3,"type":7830213},"Q7829892":{"code":7829892,"name":"no label (Q7829892)","p":-3,"type":7829892},"Q6643832":{"code":6643832,"name":"no label (Q6643832)","p":-3,"type":6643832},"Q1778846":{"code":1778846,"name":"no label (Q1778846)","p":-3,"type":1778846},"Q1785071":{"code":1785071,"name":"no label (Q1785071)","p":-3,"type":1785071},"Q7252696":{"code":7252696,"name":"no label (Q7252696)","p":-3,"type":7252696},"Q7432476":{"code":7432476,"name":"no label (Q7432476)","p":-3,"type":7432476},"Q7647102":{"code":7647102,"name":"no label (Q7647102)","p":-3,"type":7647102},"Q751708":{"code":751708,"name":"no label (Q751708)","p":-3,"type":751708},"Q3394132":{"code":3394132,"name":"no label (Q3394132)","p":-3,"type":3394132},"Q4691828":{"code":4691828,"name":"no label (Q4691828)","p":-3,"type":4691828},"Q860582":{"code":860582,"name":"no label (Q860582)","p":-3,"type":860582},"Q902104":{"code":902104,"name":"no label (Q902104)","p":-3,"type":902104},"Q1662024":{"code":1662024,"name":"no label (Q1662024)","p":-3,"type":1662024},"Q1743327":{"code":1743327,"name":"no label (Q1743327)","p":-3,"type":1743327},"Q2373919":{"code":2373919,"name":"no label (Q2373919)","p":-3,"type":2373919},"Q2385804":{"code":2385804,"name":"no label (Q2385804)","p":-3,"type":2385804},"Q3270419":{"code":3270419,"name":"no label (Q3270419)","p":-3,"type":3270419},"Q3301053":{"code":3301053,"name":"no label (Q3301053)","p":-3,"type":3301053},"Q695850":{"code":695850,"name":"no label (Q695850)","p":-3,"type":695850},"Q718893":{"code":718893,"name":"no label (Q718893)","p":-3,"type":718893},"Q745456":{"code":745456,"name":"no label (Q745456)","p":-3,"type":745456},"Q863454":{"code":863454,"name":"no label (Q863454)","p":-3,"type":863454},"Q867738":{"code":867738,"name":"no label (Q867738)","p":-3,"type":867738},"Q2610088":{"code":2610088,"name":"no label (Q2610088)","p":-3,"type":2610088},"Q637251":{"code":637251,"name":"no label (Q637251)","p":-3,"type":637251},"Q1620945":{"code":1620945,"name":"no label (Q1620945)","p":-3,"type":1620945},"Q1797194":{"code":1797194,"name":"no label (Q1797194)","p":-3,"type":1797194},"Q1901835":{"code":1901835,"name":"no label (Q1901835)","p":-3,"type":1901835},"Q769696":{"code":769696,"name":"no label (Q769696)","p":-3,"type":769696},"Q904319":{"code":904319,"name":"no label (Q904319)","p":-3,"type":904319},"Q907231":{"code":907231,"name":"no label (Q907231)","p":-3,"type":907231},"Q13414764":{"code":13414764,"name":"no label (Q13414764)","p":-3,"type":13414764},"Q13414765":{"code":13414765,"name":"no label (Q13414765)","p":-3,"type":13414765},"Q15936437":{"code":15936437,"name":"no label (Q15936437)","p":-3,"type":15936437},"Q18691599":{"code":18691599,"name":"no label (Q18691599)","p":-3,"type":18691599},"Q19558910":{"code":19558910,"name":"no label (Q19558910)","p":-3,"type":19558910},"Q13414759":{"code":13414759,"name":"no label (Q13414759)","p":-3,"type":13414759},"Q13414763":{"code":13414763,"name":"no label (Q13414763)","p":-3,"type":13414763},"Q13415366":{"code":13415366,"name":"no label (Q13415366)","p":-3,"type":13415366},"Q13414760":{"code":13414760,"name":"no label (Q13414760)","p":-3,"type":13414760},"Q13414758":{"code":13414758,"name":"no label (Q13414758)","p":-3,"type":13414758},"Q13415365":{"code":13415365,"name":"no label (Q13415365)","p":-3,"type":13415365},"Q13414761":{"code":13414761,"name":"no label (Q13414761)","p":-3,"type":13414761},"Q17198524":{"code":17198524,"name":"no label (Q17198524)","p":-3,"type":17198524},"Q17198545":{"code":17198545,"name":"no label (Q17198545)","p":-3,"type":17198545},"Q17198620":{"code":17198620,"name":"no label (Q17198620)","p":-3,"type":17198620},"Q13217186":{"code":13217186,"name":"no label (Q13217186)","p":-3,"type":13217186},"Q13218391":{"code":13218391,"name":"no label (Q13218391)","p":-3,"type":13218391},"Q13287658":{"code":13287658,"name":"no label (Q13287658)","p":-3,"type":13287658},"Q13410400":{"code":13410400,"name":"no label (Q13410400)","p":-3,"type":13410400},"Q13410403":{"code":13410403,"name":"no label (Q13410403)","p":-3,"type":13410403},"Q777120":{"code":777120,"name":"no label (Q777120)","p":-3,"type":777120},"Q2911266":{"code":2911266,"name":"no label (Q2911266)","p":-3,"type":2911266},"Q782673":{"code":782673,"name":"no label (Q782673)","p":-3,"type":782673},"Q783733":{"code":783733,"name":"no label (Q783733)","p":-3,"type":783733},"Q820477":{"code":820477,"name":"no label (Q820477)","p":-3,"type":820477},"Q875538":{"code":875538,"name":"no label (Q875538)","p":-3,"type":875538},"Q2679045":{"code":2679045,"name":"no label (Q2679045)","p":-3,"type":2679045},"Q2881650":{"code":2881650,"name":"no label (Q2881650)","p":-3,"type":2881650},"Q2933979":{"code":2933979,"name":"no label (Q2933979)","p":-3,"type":2933979},"Q2943502":{"code":2943502,"name":"no label (Q2943502)","p":-3,"type":2943502},"Q4943467":{"code":4943467,"name":"no label (Q4943467)","p":-3,"type":4943467},"Q4946304":{"code":4946304,"name":"no label (Q4946304)","p":-3,"type":4946304},"Q5086782":{"code":5086782,"name":"no label (Q5086782)","p":-3,"type":5086782},"Q6270791":{"code":6270791,"name":"no label (Q6270791)","p":-3,"type":6270791},"Q5982983":{"code":5982983,"name":"no label (Q5982983)","p":-3,"type":5982983},"Q6023558":{"code":6023558,"name":"no label (Q6023558)","p":-3,"type":6023558},"Q6028003":{"code":6028003,"name":"no label (Q6028003)","p":-3,"type":6028003},"Q6269493":{"code":6269493,"name":"no label (Q6269493)","p":-3,"type":6269493},"Q6532502":{"code":6532502,"name":"no label (Q6532502)","p":-3,"type":6532502},"Q6540832":{"code":6540832,"name":"no label (Q6540832)","p":-3,"type":6540832},"Q11111030":{"code":11111030,"name":"no label (Q11111030)","p":-3,"type":11111030},"Q13410454":{"code":13410454,"name":"no label (Q13410454)","p":-3,"type":13410454},"Q13410464":{"code":13410464,"name":"no label (Q13410464)","p":-3,"type":13410464},"Q13410485":{"code":13410485,"name":"no label (Q13410485)","p":-3,"type":13410485},"Q11774149":{"code":11774149,"name":"no label (Q11774149)","p":-3,"type":11774149},"Q16659538":{"code":16659538,"name":"no label (Q16659538)","p":-3,"type":16659538},"Q16887380":{"code":16887380,"name":"no label (Q16887380)","p":-3,"type":16887380},"Q11812346":{"code":11812346,"name":"no label (Q11812346)","p":-3,"type":11812346},"Q12037308":{"code":12037308,"name":"no label (Q12037308)","p":-3,"type":12037308},"Q12178655":{"code":12178655,"name":"no label (Q12178655)","p":-3,"type":12178655},"Q4421":{"code":4421,"name":"no label (Q4421)","p":-3,"type":4421},"Q1428":{"code":1428,"name":"no label (Q1428)","p":-3,"type":1428},"Q23002039":{"code":23002039,"name":"no label (Q23002039)","p":-3,"type":23002039},"Q17351697":{"code":17351697,"name":"no label (Q17351697)","p":-3,"type":17351697},"Q17351862":{"code":17351862,"name":"no label (Q17351862)","p":-3,"type":17351862},"Q17362920":{"code":17362920,"name":"no label (Q17362920)","p":-3,"type":17362920},"Q13410428":{"code":13410428,"name":"no label (Q13410428)","p":-3,"type":13410428},"Q13410411":{"code":13410411,"name":"no label (Q13410411)","p":-3,"type":13410411},"Q13410422":{"code":13410422,"name":"no label (Q13410422)","p":-3,"type":13410422},"Q7881897":{"code":7881897,"name":"no label (Q7881897)","p":-3,"type":7881897},"Q7885250":{"code":7885250,"name":"no label (Q7885250)","p":-3,"type":7885250},"Q7892861":{"code":7892861,"name":"no label (Q7892861)","p":-3,"type":7892861},"Q7930612":{"code":7930612,"name":"no label (Q7930612)","p":-3,"type":7930612},"Q7930615":{"code":7930615,"name":"no label (Q7930615)","p":-3,"type":7930615},"Q9035798":{"code":9035798,"name":"no label (Q9035798)","p":-3,"type":9035798},"Q9059549":{"code":9059549,"name":"no label (Q9059549)","p":-3,"type":9059549},"Q11774062":{"code":11774062,"name":"no label (Q11774062)","p":-3,"type":11774062},"Q11774097":{"code":11774097,"name":"no label (Q11774097)","p":-3,"type":11774097},"Q13410433":{"code":13410433,"name":"no label (Q13410433)","p":-3,"type":13410433},"Q13410438":{"code":13410438,"name":"no label (Q13410438)","p":-3,"type":13410438},"Q13410431":{"code":13410431,"name":"no label (Q13410431)","p":-3,"type":13410431},"Q13410447":{"code":13410447,"name":"no label (Q13410447)","p":-3,"type":13410447},"Q13410444":{"code":13410444,"name":"no label (Q13410444)","p":-3,"type":13410444},"Q13410496":{"code":13410496,"name":"no label (Q13410496)","p":-3,"type":13410496},"Q13410508":{"code":13410508,"name":"no label (Q13410508)","p":-3,"type":13410508},"Q13410520":{"code":13410520,"name":"no label (Q13410520)","p":-3,"type":13410520},"Q13410522":{"code":13410522,"name":"no label (Q13410522)","p":-3,"type":13410522},"Q13410524":{"code":13410524,"name":"no label (Q13410524)","p":-3,"type":13410524},"Q13414753":{"code":13414753,"name":"no label (Q13414753)","p":-3,"type":13414753},"Q13414754":{"code":13414754,"name":"no label (Q13414754)","p":-3,"type":13414754},"Q13414755":{"code":13414755,"name":"no label (Q13414755)","p":-3,"type":13414755},"Q13414757":{"code":13414757,"name":"no label (Q13414757)","p":-3,"type":13414757},"Q13415371":{"code":13415371,"name":"no label (Q13415371)","p":-3,"type":13415371},"Q13426043":{"code":13426043,"name":"no label (Q13426043)","p":-3,"type":13426043},"Q13644398":{"code":13644398,"name":"no label (Q13644398)","p":-3,"type":13644398},"Q15042037":{"code":15042037,"name":"no label (Q15042037)","p":-3,"type":15042037},"Q15411479":{"code":15411479,"name":"no label (Q15411479)","p":-3,"type":15411479},"Q358":{"code":358,"name":"no label (Q358)","p":-3,"type":358},"Q13415368":{"code":13415368,"name":"no label (Q13415368)","p":-3,"type":13415368},"Q13415367":{"code":13415367,"name":"no label (Q13415367)","p":-3,"type":13415367},"Q13415370":{"code":13415370,"name":"no label (Q13415370)","p":-3,"type":13415370},"Q9259":{"code":9259,"name":"no label (Q9259)","p":-3,"type":9259},"Q13415369":{"code":13415369,"name":"no label (Q13415369)","p":-3,"type":13415369},"Q15063142":{"code":15063142,"name":"no label (Q15063142)","p":-3,"type":15063142},"Q15063611":{"code":15063611,"name":"no label (Q15063611)","p":-3,"type":15063611},"Q9826":{"code":9826,"name":"no label (Q9826)","p":-3,"type":9826},"Q22698":{"code":22698,"name":"no label (Q22698)","p":-3,"type":22698},"Q15150553":{"code":15150553,"name":"no label (Q15150553)","p":-3,"type":15150553},"Q17201685":{"code":17201685,"name":"no label (Q17201685)","p":-3,"type":17201685},"Q17205621":{"code":17205621,"name":"no label (Q17205621)","p":-3,"type":17205621},"Q17205735":{"code":17205735,"name":"no label (Q17205735)","p":-3,"type":17205735},"Q17205774":{"code":17205774,"name":"no label (Q17205774)","p":-3,"type":17205774},"Q12178928":{"code":12178928,"name":"no label (Q12178928)","p":-3,"type":12178928},"Q12262532":{"code":12262532,"name":"no label (Q12262532)","p":-3,"type":12262532},"Q12858028":{"code":12858028,"name":"no label (Q12858028)","p":-3,"type":12858028},"Q13212489":{"code":13212489,"name":"no label (Q13212489)","p":-3,"type":13212489},"Q17334923":{"code":17334923,"name":"no label (Q17334923)","p":-3,"type":17334923},"Q13414354":{"code":13414354,"name":"no label (Q13414354)","p":-3,"type":13414354},"Q13414358":{"code":13414358,"name":"no label (Q13414358)","p":-3,"type":13414358},"Q13414361":{"code":13414361,"name":"no label (Q13414361)","p":-3,"type":13414361},"Q13414369":{"code":13414369,"name":"no label (Q13414369)","p":-3,"type":13414369},"Q19832914":{"code":19832914,"name":"no label (Q19832914)","p":-3,"type":19832914},"Q19844914":{"code":19844914,"name":"no label (Q19844914)","p":-3,"type":19844914},"Q20830236":{"code":20830236,"name":"no label (Q20830236)","p":-3,"type":20830236},"Q20856087":{"code":20856087,"name":"no label (Q20856087)","p":-3,"type":20856087},"Q98449544":{"code":98449544,"name":"no label (Q98449544)","p":-3,"type":98449544},"Q21512251":{"code":21512251,"name":"no label (Q21512251)","p":-3,"type":21512251},"Q51883617":{"code":51883617,"name":"no label (Q51883617)","p":-3,"type":51883617},"Q102121698":{"code":102121698,"name":"no label (Q102121698)","p":-3,"type":102121698},"Q102126612":{"code":102126612,"name":"no label (Q102126612)","p":-3,"type":102126612},"Q22746":{"code":22746,"name":"no label (Q22746)","p":-3,"type":22746},"Q23397":{"code":23397,"name":"no label (Q23397)","p":-3,"type":23397},"Q27686":{"code":27686,"name":"no label (Q27686)","p":-3,"type":27686},"Q3918":{"code":3918,"name":"no label (Q3918)","p":-3,"type":3918},"Q42211429":{"code":42211429,"name":"no label (Q42211429)","p":-3,"type":42211429},"Q56064719":{"code":56064719,"name":"no label (Q56064719)","p":-3,"type":56064719},"Q56257551":{"code":56257551,"name":"no label (Q56257551)","p":-3,"type":56257551},"Q56670380":{"code":56670380,"name":"no label (Q56670380)","p":-3,"type":56670380},"Q57766005":{"code":57766005,"name":"no label (Q57766005)","p":-3,"type":57766005},"Q57889455":{"code":57889455,"name":"no label (Q57889455)","p":-3,"type":57889455},"Q61016951":{"code":61016951,"name":"no label (Q61016951)","p":-3,"type":61016951},"Q61297932":{"code":61297932,"name":"no label (Q61297932)","p":-3,"type":61297932},"Q23002054":{"code":23002054,"name":"no label (Q23002054)","p":-3,"type":23002054},"Q61298024":{"code":61298024,"name":"no label (Q61298024)","p":-3,"type":61298024},"Q61298104":{"code":61298104,"name":"no label (Q61298104)","p":-3,"type":61298104},"Q23334891":{"code":23334891,"name":"no label (Q23334891)","p":-3,"type":23334891},"Q24027556":{"code":24027556,"name":"no label (Q24027556)","p":-3,"type":24027556},"Q27916659":{"code":27916659,"name":"no label (Q27916659)","p":-3,"type":27916659},"Q29918961":{"code":29918961,"name":"no label (Q29918961)","p":-3,"type":29918961},"Q30326995":{"code":30326995,"name":"no label (Q30326995)","p":-3,"type":30326995},"Q42058748":{"code":42058748,"name":"no label (Q42058748)","p":-3,"type":42058748},"Q42298422":{"code":42298422,"name":"no label (Q42298422)","p":-3,"type":42298422},"Q45400320":{"code":45400320,"name":"no label (Q45400320)","p":-3,"type":45400320},"Q47488809":{"code":47488809,"name":"no label (Q47488809)","p":-3,"type":47488809},"Q61298320":{"code":61298320,"name":"no label (Q61298320)","p":-3,"type":61298320},"Q61729985":{"code":61729985,"name":"no label (Q61729985)","p":-3,"type":61729985},"Q63440326":{"code":63440326,"name":"no label (Q63440326)","p":-3,"type":63440326},"Q63567309":{"code":63567309,"name":"no label (Q63567309)","p":-3,"type":63567309},"Q64001169":{"code":64001169,"name":"no label (Q64001169)","p":-3,"type":64001169},"Q64138263":{"code":64138263,"name":"no label (Q64138263)","p":-3,"type":64138263},"Q65630486":{"code":65630486,"name":"no label (Q65630486)","p":-3,"type":65630486},"Q84505224":{"code":84505224,"name":"no label (Q84505224)","p":-3,"type":84505224},"Q94993988":{"code":94993988,"name":"no label (Q94993988)","p":-3,"type":94993988},"Q11292":{"code":11292,"name":"no label (Q11292)","p":-3,"type":11292},"Q35657":{"code":35657,"name":"no label (Q35657)","p":-3,"type":35657},"Q106071004":{"code":106071004,"name":"no label (Q106071004)","p":-3,"type":106071004},"Q40080":{"code":40080,"name":"no label (Q40080)","p":-3,"type":40080},"Q105390172":{"code":105390172,"name":"no label (Q105390172)","p":-3,"type":105390172},"Q15219655":{"code":15219655,"name":"no label (Q15219655)","p":-3,"type":15219655},"Q15221242":{"code":15221242,"name":"no label (Q15221242)","p":-3,"type":15221242},"Q15221304":{"code":15221304,"name":"no label (Q15221304)","p":-3,"type":15221304},"Q15221310":{"code":15221310,"name":"no label (Q15221310)","p":-3,"type":15221310},"Q15221370":{"code":15221370,"name":"no label (Q15221370)","p":-3,"type":15221370},"Q15221373":{"code":15221373,"name":"no label (Q15221373)","p":-3,"type":15221373},"Q5616099":{"code":5616099,"name":"no label (Q5616099)","p":-3,"type":5616099},"Q5888666":{"code":5888666,"name":"no label (Q5888666)","p":-3,"type":5888666},"Q16917":{"code":16917,"name":"no label (Q16917)","p":-3,"type":16917},"Q40357":{"code":40357,"name":"no label (Q40357)","p":-3,"type":40357},"Q62049":{"code":62049,"name":"no label (Q62049)","p":-3,"type":62049},"Q43229":{"code":43229,"name":"no label (Q43229)","p":-3,"type":43229},"Q55488":{"code":55488,"name":"no label (Q55488)","p":-3,"type":55488},"Q106072745":{"code":106072745,"name":"no label (Q106072745)","p":-3,"type":106072745},"Q106921111":{"code":106921111,"name":"no label (Q106921111)","p":-3,"type":106921111},"Q111669224":{"code":111669224,"name":"no label (Q111669224)","p":-3,"type":111669224},"Q115140070":{"code":115140070,"name":"no label (Q115140070)","p":-3,"type":115140070},"Q108569739":{"code":108569739,"name":"no label (Q108569739)","p":-3,"type":108569739},"Q110266204":{"code":110266204,"name":"no label (Q110266204)","p":-3,"type":110266204},"Q110266206":{"code":110266206,"name":"no label (Q110266206)","p":-3,"type":110266206},"Q110266209":{"code":110266209,"name":"no label (Q110266209)","p":-3,"type":110266209},"Q110292529":{"code":110292529,"name":"no label (Q110292529)","p":-3,"type":110292529},"Q110071217":{"code":110071217,"name":"no label (Q110071217)","p":-3,"type":110071217},"Q110071230":{"code":110071230,"name":"no label (Q110071230)","p":-3,"type":110071230},"Q110256876":{"code":110256876,"name":"no label (Q110256876)","p":-3,"type":110256876},"Q110265747":{"code":110265747,"name":"no label (Q110265747)","p":-3,"type":110265747}}