{"Q3":{"code":3,"name":"ROOT","type":634},"Q24017414":{"code":24017414,"name":"MISC","p":3,"type":24017414},"Q183039":{"code":183039,"name":"COUNTRY","p":3,"type":183039},"Q56061":{"code":56061,"name":"admin","p":3,"type":56061},"Q486972":{"code":486972,"name":"settled","p":3,"type":486972},"Q51041800":{"code":51041800,"name":"religious","p":3,"type":51041800},"Q41710":{"code":41710,"name":"ethnic group","p":24017414,"type":41710},"Q15617994":{"code":15617994,"name":"designation for an administrative territorial entity","p":24017414,"type":15617994},"Q6256":{"code":6256,"name":"country","p":183039,"type":6256},"Q12076836":{"code":12076836,"name":"of a single country","p":56061,"type":12076836},"Q1799794":{"code":1799794,"name":"By level","p":56061,"type":1799794},"Q10864048":{"code":10864048,"name":"A1","p":1799794,"type":10864048},"Q13220204":{"code":13220204,"name":"A2","p":1799794,"type":13220204},"Q515":{"code":515,"name":"city","p":486972,"type":515},"Q98966309":{"code":98966309,"name":"classification of human settlements","p":486972,"type":98966309},"Q7930989":{"code":7930989,"name":"city or town","p":486972,"type":7930989},"Q20926517":{"code":20926517,"name":"religious administrative territorial entity","p":51041800,"type":20926517},"Q665487":{"code":665487,"name":"diocese","p":20926517,"type":665487},"Q5119":{"code":5119,"name":"capital city","p":515,"type":5119},"Q499073":{"code":499073,"name":"direct-controlled municipality","p":15617994,"type":499073},"Q902814":{"code":902814,"name":"border town","p":7930989,"type":902814},"Q1549591":{"code":1549591,"name":"big city","p":98966309,"type":1549591},"Q41386":{"code":41386,"name":"administrative territorial entity of North Korea","p":12076836,"type":41386},"Q1637706":{"code":1637706,"name":"million city","p":1549591,"type":1637706},"Q2264924":{"code":2264924,"name":"port settlement","p":515,"type":2264924},"Q3146899":{"code":3146899,"name":"diocese of the Catholic Church","p":665487,"type":3146899},"Q18534049":{"code":18534049,"name":"county of North Korea","p":41386,"type":18534049},"Q28659128":{"code":28659128,"name":"city of North Korea","p":515,"type":28659128},"Q50330360":{"code":50330360,"name":"second largest city","p":7930989,"type":50330360},"Q51929311":{"code":51929311,"name":"largest city","p":7930989,"type":51929311},"Q3624078":{"code":3624078,"name":"sovereign state","p":6256,"type":3624078},"Q6754979":{"code":6754979,"name":"Special-level city in North Korea","p":41386,"type":6754979},"Q-3":{"code":-3,"name":"UNLINKED","p":3,"type":-3},"Q465613":{"code":465613,"name":"people's republic (Q465613)","p":-3,"type":465613},"Q1309121":{"code":1309121,"name":"hermit kingdom (Q1309121)","p":-3,"type":1309121},"Q15620174":{"code":15620174,"name":"province of North Korea (Q15620174)","p":-3,"type":15620174},"Q152081":{"code":152081,"name":"concentration camp (Q152081)","p":-3,"type":152081},"Q6027980":{"code":6027980,"name":"industrial region (Q6027980)","p":-3,"type":6027980}}