{"Q3":{"code":3,"name":"ROOT","type":634},"Q24017414":{"code":24017414,"name":"MISC","p":3,"type":24017414},"Q183039":{"code":183039,"name":"COUNTRY","p":3,"type":183039},"Q56061":{"code":56061,"name":"admin","p":3,"type":56061},"Q486972":{"code":486972,"name":"settled","p":3,"type":486972},"Q51041800":{"code":51041800,"name":"religious","p":3,"type":51041800},"Q659390":{"code":659390,"name":"construct","p":3,"type":659390},"Q41710":{"code":41710,"name":"ethnic group","p":24017414,"type":41710},"Q15617994":{"code":15617994,"name":"designation for an administrative territorial entity","p":24017414,"type":15617994},"Q113489728":{"code":113489728,"name":"OECD country","p":183039,"type":113489728},"Q6256":{"code":6256,"name":"country","p":183039,"type":6256},"Q1799794":{"code":1799794,"name":"By level","p":56061,"type":1799794},"Q13220204":{"code":13220204,"name":"A2","p":1799794,"type":13220204},"Q515":{"code":515,"name":"city","p":486972,"type":515},"Q532":{"code":532,"name":"village","p":486972,"type":532},"Q15284":{"code":15284,"name":"municipality","p":486972,"type":15284},"Q244793":{"code":244793,"name":"twin cities","p":486972,"type":244793},"Q98966309":{"code":98966309,"name":"classification of human settlements","p":486972,"type":98966309},"Q7930989":{"code":7930989,"name":"city or town","p":486972,"type":7930989},"Q20926517":{"code":20926517,"name":"religious administrative territorial entity","p":51041800,"type":20926517},"Q665487":{"code":665487,"name":"diocese","p":20926517,"type":665487},"Q3957":{"code":3957,"name":"town","p":98966309,"type":3957},"Q5084":{"code":5084,"name":"hamlet","p":15617994,"type":5084},"Q5119":{"code":5119,"name":"capital city","p":515,"type":5119},"Q6266":{"code":6266,"name":"nation","p":659390,"type":6266},"Q902814":{"code":902814,"name":"border town","p":7930989,"type":902814},"Q1549591":{"code":1549591,"name":"big city","p":98966309,"type":1549591},"Q1620908":{"code":1620908,"name":"historical region","p":56061,"type":1620908},"Q2983893":{"code":2983893,"name":"quarter","p":56061,"type":2983893},"Q3146899":{"code":3146899,"name":"diocese of the Catholic Church","p":665487,"type":3146899},"Q3624078":{"code":3624078,"name":"sovereign state","p":6256,"type":3624078},"Q5195043":{"code":5195043,"name":"borough","p":15617994,"type":5195043},"Q19832712":{"code":19832712,"name":"historical administrative division","p":56061,"type":19832712},"Q22674925":{"code":22674925,"name":"former settlement","p":98966309,"type":22674925},"Q50330360":{"code":50330360,"name":"second largest city","p":7930989,"type":50330360},"Q51576574":{"code":51576574,"name":"Mediterranean country","p":6256,"type":51576574},"Q51929311":{"code":51929311,"name":"largest city","p":7930989,"type":51929311},"Q67123843":{"code":67123843,"name":"town divided by border","p":244793,"type":67123843},"Q-3":{"code":-3,"name":"UNLINKED","p":3,"type":-3},"Q328584":{"code":328584,"name":"municipality of Slovenia (Q328584)","p":-3,"type":328584},"Q18564289":{"code":18564289,"name":"cultural heritage site in Slovenia (Q18564289)","p":-3,"type":18564289},"Q1474320":{"code":1474320,"name":"statistical region of Slovenia (Q1474320)","p":-3,"type":1474320},"Q1553237":{"code":1553237,"name":"settlement (Q1553237)","p":-3,"type":1553237},"Q2531956":{"code":2531956,"name":"ethnic group (Q2531956)","p":-3,"type":2531956},"Q3931974":{"code":3931974,"name":"list of historical regions of Central Europe (Q3931974)","p":-3,"type":3931974},"Q6960199":{"code":6960199,"name":"city municipality of Slovenia (Q6960199)","p":-3,"type":6960199},"Q105390172":{"code":105390172,"name":"Roman Catholic metropolitan archdiocese (Q105390172)","p":-3,"type":105390172}}