{"Q3":{"code":3,"name":"ROOT","type":634},"Q15893266":{"code":15893266,"name":"FORMER","p":3,"type":15893266},"Q24017414":{"code":24017414,"name":"MISC","p":3,"type":24017414},"Q183039":{"code":183039,"name":"COUNTRY","p":3,"type":183039},"Q56061":{"code":56061,"name":"admin","p":3,"type":56061},"Q486972":{"code":486972,"name":"settled","p":3,"type":486972},"Q51041800":{"code":51041800,"name":"religious","p":3,"type":51041800},"Q2221906":{"code":2221906,"name":"geo","p":3,"type":2221906},"Q19953632":{"code":19953632,"name":"former admin","p":15893266,"type":19953632},"Q41710":{"code":41710,"name":"ethnic group","p":24017414,"type":41710},"Q15617994":{"code":15617994,"name":"designation for an administrative territorial entity","p":24017414,"type":15617994},"Q6256":{"code":6256,"name":"country","p":183039,"type":6256},"Q3024240":{"code":3024240,"name":"historical country","p":19953632,"type":3024240},"Q515":{"code":515,"name":"city","p":486972,"type":515},"Q532":{"code":532,"name":"village","p":486972,"type":532},"Q98966309":{"code":98966309,"name":"classification of human settlements","p":486972,"type":98966309},"Q20926517":{"code":20926517,"name":"religious administrative territorial entity","p":51041800,"type":20926517},"Q618123":{"code":618123,"name":"geographical feature","p":2221906,"type":618123},"Q82794":{"code":82794,"name":"geographic region","p":618123,"type":82794},"Q175185":{"code":175185,"name":"rural area","p":82794,"type":175185},"Q105388829":{"code":105388829,"name":"Latin Catholic diocese","p":20926517,"type":105388829},"Q3624078":{"code":3624078,"name":"sovereign state","p":6256,"type":3624078},"Q373074":{"code":373074,"name":"suffragan diocese","p":15617994,"type":373074},"Q1549591":{"code":1549591,"name":"big city","p":98966309,"type":1549591},"Q-3":{"code":-3,"name":"UNLINKED","p":3,"type":-3},"Q105390172":{"code":105390172,"name":"Roman Catholic metropolitan archdiocese (Q105390172)","p":-3,"type":105390172},"Q1067116":{"code":1067116,"name":"region of Guinea (Q1067116)","p":-3,"type":1067116},"Q1853398":{"code":1853398,"name":"subprefecture of Guinea (Q1853398)","p":-3,"type":1853398}}