{"Q3":{"code":3,"name":"ROOT","type":634},"Q15893266":{"code":15893266,"name":"FORMER","p":3,"type":15893266},"Q24017414":{"code":24017414,"name":"MISC","p":3,"type":24017414},"Q183039":{"code":183039,"name":"COUNTRY","p":3,"type":183039},"Q56061":{"code":56061,"name":"admin","p":3,"type":56061},"Q486972":{"code":486972,"name":"settled","p":3,"type":486972},"Q2625603":{"code":2625603,"name":"population","p":3,"type":2625603},"Q51041800":{"code":51041800,"name":"religious","p":3,"type":51041800},"Q659390":{"code":659390,"name":"construct","p":3,"type":659390},"Q104098715":{"code":104098715,"name":"territorial entity type","p":3,"type":104098715},"Q2221906":{"code":2221906,"name":"geo","p":3,"type":2221906},"Q19953632":{"code":19953632,"name":"former admin","p":15893266,"type":19953632},"Q5962346":{"code":5962346,"name":"classification system","p":24017414,"type":5962346},"Q11834037":{"code":11834037,"name":"physico-geographical regionalization","p":5962346,"type":11834037},"Q25894868":{"code":25894868,"name":"place type","p":24017414,"type":25894868},"Q41710":{"code":41710,"name":"ethnic group","p":24017414,"type":41710},"Q23442":{"code":23442,"name":"island","p":25894868,"type":23442},"Q15617994":{"code":15617994,"name":"designation for an administrative territorial entity","p":24017414,"type":15617994},"Q111972893":{"code":111972893,"name":"type of structure","p":24017414,"type":111972893},"Q811979":{"code":811979,"name":"architectural structure","p":111972893,"type":811979},"Q41176":{"code":41176,"name":"building","p":811979,"type":41176},"Q96084375":{"code":96084375,"name":"former building or structure","p":41176,"type":96084375},"Q12292478":{"code":12292478,"name":"estate","p":811979,"type":12292478},"Q875157":{"code":875157,"name":"resort","p":12292478,"type":875157},"Q699405":{"code":699405,"name":"residence","p":811979,"type":699405},"Q5890494":{"code":5890494,"name":"homestead","p":699405,"type":5890494},"Q11755880":{"code":11755880,"name":"residential building","p":699405,"type":11755880},"Q113489728":{"code":113489728,"name":"OECD country","p":183039,"type":113489728},"Q1307214":{"code":1307214,"name":"form of government","p":183039,"type":1307214},"Q6256":{"code":6256,"name":"country","p":183039,"type":6256},"Q171308":{"code":171308,"name":"oblast","p":56061,"type":171308},"Q15621274":{"code":15621274,"name":"enclave or exclave","p":56061,"type":15621274},"Q3024240":{"code":3024240,"name":"historical country","p":19953632,"type":3024240},"Q12076836":{"code":12076836,"name":"of a single country","p":56061,"type":12076836},"Q2520520":{"code":2520520,"name":"administrative territorial entity of Hungary","p":12076836,"type":2520520},"Q697379":{"code":697379,"name":"administrative territorial entity of Romania","p":12076836,"type":697379},"Q15620181":{"code":15620181,"name":"administrative territorial entity of Estonia","p":12076836,"type":15620181},"Q1799794":{"code":1799794,"name":"By level","p":56061,"type":1799794},"Q788176":{"code":788176,"name":"autonomous administrative territorial entity","p":56061,"type":788176},"Q10864048":{"code":10864048,"name":"A1","p":1799794,"type":10864048},"Q13220204":{"code":13220204,"name":"A2","p":1799794,"type":13220204},"Q13221722":{"code":13221722,"name":"A3","p":1799794,"type":13221722},"Q14757767":{"code":14757767,"name":"A4","p":1799794,"type":14757767},"Q4976993":{"code":4976993,"name":"civil parish","p":14757767,"type":4976993},"Q7275":{"code":7275,"name":"state","p":56061,"type":7275},"Q702492":{"code":702492,"name":"urban area","p":486972,"type":702492},"Q515":{"code":515,"name":"city","p":486972,"type":515},"Q532":{"code":532,"name":"village","p":486972,"type":532},"Q618299":{"code":618299,"name":"settlement","p":486972,"type":618299},"Q15284":{"code":15284,"name":"municipality","p":486972,"type":15284},"Q15253706":{"code":15253706,"name":"like a city","p":486972,"type":15253706},"Q244793":{"code":244793,"name":"twin cities","p":486972,"type":244793},"Q676050":{"code":676050,"name":"old town","p":486972,"type":676050},"Q1782540":{"code":1782540,"name":"railway town","p":486972,"type":1782540},"Q98966309":{"code":98966309,"name":"classification of human settlements","p":486972,"type":98966309},"Q7930989":{"code":7930989,"name":"city or town","p":486972,"type":7930989},"Q33829":{"code":33829,"name":"human population","p":2625603,"type":33829},"Q1492823":{"code":1492823,"name":"ecclesiastical district","p":51041800,"type":1492823},"Q20926517":{"code":20926517,"name":"religious administrative territorial entity","p":51041800,"type":20926517},"Q665487":{"code":665487,"name":"diocese","p":20926517,"type":665487},"Q471855":{"code":471855,"name":"jurisdiction","p":659390,"type":471855},"Q2665272":{"code":2665272,"name":"Ecclesiastical circumscription immediately subject to the Holy See","p":471855,"type":2665272},"Q618123":{"code":618123,"name":"geographical feature","p":2221906,"type":618123},"Q1291195":{"code":1291195,"name":"place of discovery","p":618123,"type":1291195},"Q82794":{"code":82794,"name":"geographic region","p":618123,"type":82794},"Q106589819":{"code":106589819,"name":"elevation","p":618123,"type":106589819},"Q74817647":{"code":74817647,"name":"aspect in a geographic region","p":82794,"type":74817647},"Q205895":{"code":205895,"name":"landmass","p":82794,"type":205895},"Q183366":{"code":183366,"name":"territory","p":82794,"type":183366},"Q4835091":{"code":4835091,"name":"territory","p":82794,"type":4835091},"Q15642541":{"code":15642541,"name":"human-geographic territorial entity","p":183366,"type":15642541},"Q5084":{"code":5084,"name":"hamlet","p":15617994,"type":5084},"Q3957":{"code":3957,"name":"town","p":98966309,"type":3957},"Q5107":{"code":5107,"name":"continent","p":205895,"type":5107},"Q5119":{"code":5119,"name":"capital city","p":515,"type":5119},"Q6266":{"code":6266,"name":"nation","p":659390,"type":6266},"Q8502":{"code":8502,"name":"mountain","p":106589819,"type":8502},"Q74047":{"code":74047,"name":"ghost town","p":98966309,"type":74047},"Q123705":{"code":123705,"name":"neighborhood","p":486972,"type":123705},"Q200250":{"code":200250,"name":"metropolis","p":486972,"type":200250},"Q208511":{"code":208511,"name":"global city","p":515,"type":208511},"Q373074":{"code":373074,"name":"suffragan diocese","p":15617994,"type":373074},"Q512187":{"code":512187,"name":"federal republic","p":1307214,"type":512187},"Q839954":{"code":839954,"name":"archaeological site","p":1291195,"type":839954},"Q855697":{"code":855697,"name":"subcontinent","p":82794,"type":855697},"Q902814":{"code":902814,"name":"border town","p":7930989,"type":902814},"Q1021711":{"code":1021711,"name":"seaside resort","p":486972,"type":1021711},"Q1549591":{"code":1549591,"name":"big city","p":98966309,"type":1549591},"Q1637706":{"code":1637706,"name":"million city","p":1549591,"type":1637706},"Q1520223":{"code":1520223,"name":"constitutional republic","p":183039,"type":1520223},"Q1907114":{"code":1907114,"name":"metropolitan area","p":56061,"type":1907114},"Q2264924":{"code":2264924,"name":"port settlement","p":515,"type":2264924},"Q2514025":{"code":2514025,"name":"posyolok","p":15617994,"type":2514025},"Q3146899":{"code":3146899,"name":"diocese of the Catholic Church","p":665487,"type":3146899},"Q3257686":{"code":3257686,"name":"locality","p":486972,"type":3257686},"Q3624078":{"code":3624078,"name":"sovereign state","p":6256,"type":3624078},"Q5255892":{"code":5255892,"name":"democratic republic","p":183039,"type":5255892},"Q51929311":{"code":51929311,"name":"largest city","p":7930989,"type":51929311},"Q75883519":{"code":75883519,"name":"colonia","p":56061,"type":75883519},"Q105388829":{"code":105388829,"name":"Latin Catholic diocese","p":20926517,"type":105388829},"Q105389481":{"code":105389481,"name":"Greek-Catholic eparchy","p":20926517,"type":105389481},"Q-1":{"code":-1,"name":"INVALID","p":3,"type":-1},"Q-2":{"code":-2,"name":"EXCLUDED","p":3,"type":-2},"Q3918":{"code":3918,"name":"university (Q3918)","p":-1,"type":3918},"Q43229":{"code":43229,"name":"organization (Q43229)","p":-1,"type":43229},"Q107390":{"code":107390,"name":"federated state (Q107390)","p":-1,"type":107390},"Q112865":{"code":112865,"name":"administrative territorial entity of Mexico (Q112865)","p":-1,"type":112865},"Q187587":{"code":187587,"name":"empire (Q187587)","p":-1,"type":187587},"Q874405":{"code":874405,"name":"social group (Q874405)","p":-1,"type":874405},"Q960648":{"code":960648,"name":"point of interest (Q960648)","p":-1,"type":960648},"Q1128340":{"code":1128340,"name":"subject heading (Q1128340)","p":-1,"type":1128340},"Q1799072":{"code":1799072,"name":"method (Q1799072)","p":-1,"type":1799072},"Q3702971":{"code":3702971,"name":"personal data (Q3702971)","p":-2,"type":3702971},"Q13406463":{"code":13406463,"name":"Wikimedia list article (Q13406463)","p":-1,"type":13406463},"Q15303838":{"code":15303838,"name":"municipality seat (Q15303838)","p":-1,"type":15303838},"Q15646667":{"code":15646667,"name":"administrative territorial entity of more than one country (Q15646667)","p":-1,"type":15646667},"Q15700808":{"code":15700808,"name":"urban unit definition (Q15700808)","p":-1,"type":15700808},"Q17524420":{"code":17524420,"name":"aspect of history (Q17524420)","p":-1,"type":17524420},"Q23847174":{"code":23847174,"name":"religious concept (Q23847174)","p":-1,"type":23847174},"Q29025902":{"code":29025902,"name":"volcanic landform (Q29025902)","p":-1,"type":29025902},"Q111737478":{"code":111737478,"name":"catholic ecclesiastical district (Q111737478)","p":-1,"type":111737478},"Q-3":{"code":-3,"name":"UNLINKED","p":3,"type":-3},"Q8072":{"code":8072,"name":"volcano (Q8072)","p":-3,"type":8072},"Q48349":{"code":48349,"name":"empire (Q48349)","p":-3,"type":48349},"Q174844":{"code":174844,"name":"megacity (Q174844)","p":-3,"type":174844},"Q188509":{"code":188509,"name":"suburb (Q188509)","p":-3,"type":188509},"Q212057":{"code":212057,"name":"shield volcano (Q212057)","p":-3,"type":212057},"Q384003":{"code":384003,"name":"apostolic prefecture (Q384003)","p":-3,"type":384003},"Q570116":{"code":570116,"name":"tourist attraction (Q570116)","p":-3,"type":570116},"Q611214":{"code":611214,"name":"Next Eleven (Q611214)","p":-3,"type":611214},"Q620225":{"code":620225,"name":"apostolic vicariate (Q620225)","p":-3,"type":620225},"Q1321919":{"code":1321919,"name":"ejido (Q1321919)","p":-3,"type":1321919},"Q1952852":{"code":1952852,"name":"municipality of Mexico (Q1952852)","p":-3,"type":1952852},"Q2061186":{"code":2061186,"name":"religious order (Q2061186)","p":-3,"type":2061186},"Q2472587":{"code":2472587,"name":"people (Q2472587)","p":-3,"type":2472587},"Q2633744":{"code":2633744,"name":"territorial prelature (Q2633744)","p":-3,"type":2633744},"Q2668072":{"code":2668072,"name":"collection (Q2668072)","p":-3,"type":2668072},"Q2734310":{"code":2734310,"name":"alcaldía of Mexico City (Q2734310)","p":-3,"type":2734310},"Q3201456":{"code":3201456,"name":"metropolitan areas of Mexico (Q3201456)","p":-3,"type":3201456},"Q3500564":{"code":3500564,"name":"municipality of Nuevo León (Q3500564)","p":-3,"type":3500564},"Q3631316":{"code":3631316,"name":"Punjabi University (Q3631316)","p":-3,"type":3631316},"Q8254378":{"code":8254378,"name":"cabecera municipal (Q8254378)","p":-3,"type":8254378},"Q15149663":{"code":15149663,"name":"state of Mexico (Q15149663)","p":-3,"type":15149663},"Q20202352":{"code":20202352,"name":"locality of Mexico (Q20202352)","p":-3,"type":20202352},"Q105390172":{"code":105390172,"name":"Roman Catholic metropolitan archdiocese (Q105390172)","p":-3,"type":105390172},"Q20528428":{"code":20528428,"name":"federative entity of Mexico (Q20528428)","p":-3,"type":20528428}}