{"Q3":{"code":3,"name":"ROOT","type":634},"Q24017414":{"code":24017414,"name":"MISC","p":3,"type":24017414},"Q183039":{"code":183039,"name":"COUNTRY","p":3,"type":183039},"Q56061":{"code":56061,"name":"admin","p":3,"type":56061},"Q486972":{"code":486972,"name":"settled","p":3,"type":486972},"Q2625603":{"code":2625603,"name":"population","p":3,"type":2625603},"Q2221906":{"code":2221906,"name":"geo","p":3,"type":2221906},"Q41710":{"code":41710,"name":"ethnic group","p":24017414,"type":41710},"Q15617994":{"code":15617994,"name":"designation for an administrative territorial entity","p":24017414,"type":15617994},"Q6256":{"code":6256,"name":"country","p":183039,"type":6256},"Q12076836":{"code":12076836,"name":"of a single country","p":56061,"type":12076836},"Q515":{"code":515,"name":"city","p":486972,"type":515},"Q532":{"code":532,"name":"village","p":486972,"type":532},"Q98966309":{"code":98966309,"name":"classification of human settlements","p":486972,"type":98966309},"Q7930989":{"code":7930989,"name":"city or town","p":486972,"type":7930989},"Q33829":{"code":33829,"name":"human population","p":2625603,"type":33829},"Q618123":{"code":618123,"name":"geographical feature","p":2221906,"type":618123},"Q1291195":{"code":1291195,"name":"place of discovery","p":618123,"type":1291195},"Q82794":{"code":82794,"name":"geographic region","p":618123,"type":82794},"Q183366":{"code":183366,"name":"territory","p":82794,"type":183366},"Q5084":{"code":5084,"name":"hamlet","p":98966309,"type":5084},"Q3957":{"code":3957,"name":"town","p":98966309,"type":3957},"Q5119":{"code":5119,"name":"capital city","p":515,"type":5119},"Q123480":{"code":123480,"name":"landlocked country","p":6256,"type":123480},"Q244339":{"code":244339,"name":"administrative territorial entity of Georgia","p":12076836,"type":244339},"Q317548":{"code":317548,"name":"resort town","p":3957,"type":317548},"Q149621":{"code":149621,"name":"district","p":15617994,"type":149621},"Q2989457":{"code":2989457,"name":"urban-type settlement","p":486972,"type":2989457},"Q3624078":{"code":3624078,"name":"sovereign state","p":6256,"type":3624078},"Q11197007":{"code":11197007,"name":"ethnoreligious group","p":41710,"type":11197007},"Q839954":{"code":839954,"name":"archaeological site","p":1291195,"type":839954},"Q2066872":{"code":2066872,"name":"sacrebulo","p":244339,"type":2066872},"Q902814":{"code":902814,"name":"border town","p":7930989,"type":902814},"Q28790362":{"code":28790362,"name":"ethnic community","p":41710,"type":28790362},"Q15008703":{"code":15008703,"name":"daba","p":486972,"type":15008703},"Q15239622":{"code":15239622,"name":"disputed territory","p":183366,"type":15239622},"Q50330360":{"code":50330360,"name":"second largest city","p":7930989,"type":50330360},"Q1210300":{"code":1210300,"name":"mkhare","p":15617994,"type":1210300},"Q1549591":{"code":1549591,"name":"big city","p":98966309,"type":1549591},"Q4313794":{"code":4313794,"name":"populated place in Georgia","p":486972,"type":4313794},"Q1637706":{"code":1637706,"name":"million city","p":1549591,"type":1637706},"Q-3":{"code":-3,"name":"UNLINKED","p":3,"type":-3},"Q57831":{"code":57831,"name":"fortress (Q57831)","p":-3,"type":57831},"Q2655841":{"code":2655841,"name":"municipality of Georgia (Q2655841)","p":-3,"type":2655841},"Q2472587":{"code":2472587,"name":"people (Q2472587)","p":-3,"type":2472587},"Q164240":{"code":164240,"name":"megalith (Q164240)","p":-3,"type":164240},"Q2065736":{"code":2065736,"name":"cultural property (Q2065736)","p":-3,"type":2065736},"Q15634554":{"code":15634554,"name":"state with limited recognition (Q15634554)","p":-3,"type":15634554},"Q13220372":{"code":13220372,"name":"district of Abkhazia (Q13220372)","p":-3,"type":13220372},"Q4167410":{"code":4167410,"name":"Wikimedia disambiguation page (Q4167410)","p":-3,"type":4167410},"Q1431554":{"code":1431554,"name":"apostolic administration (Q1431554)","p":-3,"type":1431554},"Q5624766":{"code":5624766,"name":"Category:Populated places (Q5624766)","p":-3,"type":5624766}}