{"Q3":{"code":3,"name":"ROOT","type":634},"Q24017414":{"code":24017414,"name":"MISC","p":3,"type":24017414},"Q183039":{"code":183039,"name":"COUNTRY","p":3,"type":183039},"Q56061":{"code":56061,"name":"admin","p":3,"type":56061},"Q486972":{"code":486972,"name":"settled","p":3,"type":486972},"Q2221906":{"code":2221906,"name":"geo","p":3,"type":2221906},"Q25894868":{"code":25894868,"name":"place type","p":24017414,"type":25894868},"Q23442":{"code":23442,"name":"island","p":25894868,"type":23442},"Q15617994":{"code":15617994,"name":"designation for an administrative territorial entity","p":24017414,"type":15617994},"Q6256":{"code":6256,"name":"country","p":183039,"type":6256},"Q15621274":{"code":15621274,"name":"enclave or exclave","p":56061,"type":15621274},"Q515":{"code":515,"name":"city","p":486972,"type":515},"Q98966309":{"code":98966309,"name":"classification of human settlements","p":486972,"type":98966309},"Q7930989":{"code":7930989,"name":"city or town","p":486972,"type":7930989},"Q618123":{"code":618123,"name":"geographical feature","p":2221906,"type":618123},"Q82794":{"code":82794,"name":"geographic region","p":618123,"type":82794},"Q205895":{"code":205895,"name":"landmass","p":82794,"type":205895},"Q3957":{"code":3957,"name":"town","p":98966309,"type":3957},"Q5119":{"code":5119,"name":"capital city","p":515,"type":5119},"Q34763":{"code":34763,"name":"peninsula","p":205895,"type":34763},"Q171441":{"code":171441,"name":"enclave","p":15621274,"type":171441},"Q933394":{"code":933394,"name":"exclave","p":15621274,"type":933394},"Q1549591":{"code":1549591,"name":"big city","p":98966309,"type":1549591},"Q1764608":{"code":1764608,"name":"muhafazah","p":15617994,"type":1764608},"Q641078":{"code":641078,"name":"governorate of Oman","p":1764608,"type":641078},"Q902814":{"code":902814,"name":"border town","p":7930989,"type":902814},"Q3624078":{"code":3624078,"name":"sovereign state","p":6256,"type":3624078},"Q3250615":{"code":3250615,"name":"province of Oman","p":56061,"type":3250615},"Q3502482":{"code":3502482,"name":"cultural region","p":82794,"type":3502482},"Q-3":{"code":-3,"name":"UNLINKED","p":3,"type":-3},"Q18592743":{"code":18592743,"name":"region of Oman (Q18592743)","p":-3,"type":18592743},"Q12759805":{"code":12759805,"name":"sultanate (Q12759805)","p":-3,"type":12759805},"Q2472587":{"code":2472587,"name":"people (Q2472587)","p":-3,"type":2472587}}