{"Q3":{"code":3,"name":"ROOT","type":634},"Q24017414":{"code":24017414,"name":"MISC","p":3,"type":24017414},"Q183039":{"code":183039,"name":"COUNTRY","p":3,"type":183039},"Q56061":{"code":56061,"name":"admin","p":3,"type":56061},"Q486972":{"code":486972,"name":"settled","p":3,"type":486972},"Q51041800":{"code":51041800,"name":"religious","p":3,"type":51041800},"Q2221906":{"code":2221906,"name":"geo","p":3,"type":2221906},"Q25894868":{"code":25894868,"name":"place type","p":24017414,"type":25894868},"Q23442":{"code":23442,"name":"island","p":25894868,"type":23442},"Q6256":{"code":6256,"name":"country","p":183039,"type":6256},"Q1799794":{"code":1799794,"name":"By level","p":56061,"type":1799794},"Q10864048":{"code":10864048,"name":"A1","p":1799794,"type":10864048},"Q702492":{"code":702492,"name":"urban area","p":486972,"type":702492},"Q515":{"code":515,"name":"city","p":486972,"type":515},"Q532":{"code":532,"name":"village","p":486972,"type":532},"Q676050":{"code":676050,"name":"old town","p":486972,"type":676050},"Q98966309":{"code":98966309,"name":"classification of human settlements","p":486972,"type":98966309},"Q7930989":{"code":7930989,"name":"city or town","p":486972,"type":7930989},"Q20926517":{"code":20926517,"name":"religious administrative territorial entity","p":51041800,"type":20926517},"Q665487":{"code":665487,"name":"diocese","p":20926517,"type":665487},"Q618123":{"code":618123,"name":"geographical feature","p":2221906,"type":618123},"Q82794":{"code":82794,"name":"geographic region","p":618123,"type":82794},"Q205895":{"code":205895,"name":"landmass","p":82794,"type":205895},"Q3957":{"code":3957,"name":"town","p":98966309,"type":3957},"Q5119":{"code":5119,"name":"capital city","p":515,"type":5119},"Q34763":{"code":34763,"name":"peninsula","p":205895,"type":34763},"Q1549591":{"code":1549591,"name":"big city","p":98966309,"type":1549591},"Q1637706":{"code":1637706,"name":"million city","p":1549591,"type":1637706},"Q3146899":{"code":3146899,"name":"diocese of the Catholic Church","p":665487,"type":3146899},"Q3624078":{"code":3624078,"name":"sovereign state","p":6256,"type":3624078},"Q50330360":{"code":50330360,"name":"second largest city","p":7930989,"type":50330360},"Q-3":{"code":-3,"name":"UNLINKED","p":3,"type":-3},"Q365":{"code":365,"name":"Cologne (Q365)","p":-3,"type":365},"Q40080":{"code":40080,"name":"beach (Q40080)","p":-3,"type":40080},"Q217101":{"code":217101,"name":"spit (Q217101)","p":-3,"type":217101},"Q115291":{"code":115291,"name":"province of Cuba (Q115291)","p":-3,"type":115291},"Q174782":{"code":174782,"name":"square (Q174782)","p":-3,"type":174782},"Q558330":{"code":558330,"name":"municipality of Cuba (Q558330)","p":-3,"type":558330},"Q105390172":{"code":105390172,"name":"Roman Catholic metropolitan archdiocese (Q105390172)","p":-3,"type":105390172}}