{"Q3":{"code":3,"name":"ROOT","type":634},"Q24017414":{"code":24017414,"name":"MISC","p":3,"type":24017414},"Q183039":{"code":183039,"name":"COUNTRY","p":3,"type":183039},"Q56061":{"code":56061,"name":"admin","p":3,"type":56061},"Q486972":{"code":486972,"name":"settled","p":3,"type":486972},"Q2625603":{"code":2625603,"name":"population","p":3,"type":2625603},"Q51041800":{"code":51041800,"name":"religious","p":3,"type":51041800},"Q659390":{"code":659390,"name":"construct","p":3,"type":659390},"Q2221906":{"code":2221906,"name":"geo","p":3,"type":2221906},"Q41710":{"code":41710,"name":"ethnic group","p":24017414,"type":41710},"Q1307214":{"code":1307214,"name":"form of government","p":183039,"type":1307214},"Q6256":{"code":6256,"name":"country","p":183039,"type":6256},"Q1799794":{"code":1799794,"name":"By level","p":56061,"type":1799794},"Q10864048":{"code":10864048,"name":"A1","p":1799794,"type":10864048},"Q13220204":{"code":13220204,"name":"A2","p":1799794,"type":13220204},"Q7275":{"code":7275,"name":"state","p":56061,"type":7275},"Q515":{"code":515,"name":"city","p":486972,"type":515},"Q532":{"code":532,"name":"village","p":486972,"type":532},"Q15284":{"code":15284,"name":"municipality","p":486972,"type":15284},"Q98966309":{"code":98966309,"name":"classification of human settlements","p":486972,"type":98966309},"Q7930989":{"code":7930989,"name":"city or town","p":486972,"type":7930989},"Q33829":{"code":33829,"name":"human population","p":2625603,"type":33829},"Q20926517":{"code":20926517,"name":"religious administrative territorial entity","p":51041800,"type":20926517},"Q665487":{"code":665487,"name":"diocese","p":20926517,"type":665487},"Q471855":{"code":471855,"name":"jurisdiction","p":659390,"type":471855},"Q2665272":{"code":2665272,"name":"Ecclesiastical circumscription immediately subject to the Holy See","p":471855,"type":2665272},"Q618123":{"code":618123,"name":"geographical feature","p":2221906,"type":618123},"Q82794":{"code":82794,"name":"geographic region","p":618123,"type":82794},"Q183366":{"code":183366,"name":"territory","p":82794,"type":183366},"Q3957":{"code":3957,"name":"town","p":98966309,"type":3957},"Q5119":{"code":5119,"name":"capital city","p":515,"type":5119},"Q123480":{"code":123480,"name":"landlocked country","p":6256,"type":123480},"Q619610":{"code":619610,"name":"social state","p":7275,"type":619610},"Q179164":{"code":179164,"name":"unitary state","p":1307214,"type":179164},"Q859563":{"code":859563,"name":"secular state","p":1307214,"type":859563},"Q902814":{"code":902814,"name":"border town","p":7930989,"type":902814},"Q123705":{"code":123705,"name":"neighborhood","p":486972,"type":123705},"Q3146899":{"code":3146899,"name":"diocese of the Catholic Church","p":665487,"type":3146899},"Q3624078":{"code":3624078,"name":"sovereign state","p":6256,"type":3624078},"Q1549591":{"code":1549591,"name":"big city","p":98966309,"type":1549591},"Q4286337":{"code":4286337,"name":"city district","p":56061,"type":4286337},"Q15239622":{"code":15239622,"name":"disputed territory","p":183366,"type":15239622},"Q2989457":{"code":2989457,"name":"urban-type settlement","p":486972,"type":2989457},"Q-3":{"code":-3,"name":"UNLINKED","p":3,"type":-3},"Q55488":{"code":55488,"name":"railway station (Q55488)","p":-3,"type":55488},"Q4413925":{"code":4413925,"name":"seat village (Q4413925)","p":-3,"type":4413925},"Q4826865":{"code":4826865,"name":"autonomous territorial unit of Moldova (Q4826865)","p":-3,"type":4826865},"Q1963041":{"code":1963041,"name":"municipality of Moldova (Q1963041)","p":-3,"type":1963041},"Q2472587":{"code":2472587,"name":"people (Q2472587)","p":-3,"type":2472587},"Q4209223":{"code":4209223,"name":"Rechtsstaat (Q4209223)","p":-3,"type":4209223},"Q4229812":{"code":4229812,"name":"commune of Moldova (Q4229812)","p":-3,"type":4229812},"Q15068450":{"code":15068450,"name":"District of Moldova (Q15068450)","p":-3,"type":15068450},"Q2738074":{"code":2738074,"name":"political movement (Q2738074)","p":-3,"type":2738074},"Q15634554":{"code":15634554,"name":"state with limited recognition (Q15634554)","p":-3,"type":15634554},"Q20719675":{"code":20719675,"name":"raion of the Soviet Union (Q20719675)","p":-3,"type":20719675},"Q112074700":{"code":112074700,"name":"proposed state merger (Q112074700)","p":-3,"type":112074700}}