{"Q3":{"code":3,"name":"ROOT","type":634},"Q24017414":{"code":24017414,"name":"MISC","p":3,"type":24017414},"Q183039":{"code":183039,"name":"COUNTRY","p":3,"type":183039},"Q56061":{"code":56061,"name":"admin","p":3,"type":56061},"Q486972":{"code":486972,"name":"settled","p":3,"type":486972},"Q25894868":{"code":25894868,"name":"place type","p":24017414,"type":25894868},"Q23442":{"code":23442,"name":"island","p":25894868,"type":23442},"Q6256":{"code":6256,"name":"country","p":183039,"type":6256},"Q515":{"code":515,"name":"city","p":486972,"type":515},"Q5119":{"code":5119,"name":"capital city","p":515,"type":5119},"Q42523":{"code":42523,"name":"atoll","p":23442,"type":42523},"Q112099":{"code":112099,"name":"island nation","p":6256,"type":112099},"Q207524":{"code":207524,"name":"islet","p":23442,"type":207524},"Q1324426":{"code":1324426,"name":"coral island","p":23442,"type":1324426},"Q3624078":{"code":3624078,"name":"sovereign state","p":6256,"type":3624078},"Q13107770":{"code":13107770,"name":"archipelagic state","p":112099,"type":13107770},"Q-3":{"code":-3,"name":"UNLINKED","p":3,"type":-3},"Q384003":{"code":384003,"name":"apostolic prefecture (Q384003)","p":-3,"type":384003}}