{"Q3":{"code":3,"name":"ROOT","type":634},"Q15893266":{"code":15893266,"name":"FORMER","p":3,"type":15893266},"Q24017414":{"code":24017414,"name":"MISC","p":3,"type":24017414},"Q183039":{"code":183039,"name":"COUNTRY","p":3,"type":183039},"Q56061":{"code":56061,"name":"admin","p":3,"type":56061},"Q486972":{"code":486972,"name":"settled","p":3,"type":486972},"Q2625603":{"code":2625603,"name":"population","p":3,"type":2625603},"Q51041800":{"code":51041800,"name":"religious","p":3,"type":51041800},"Q659390":{"code":659390,"name":"construct","p":3,"type":659390},"Q104098715":{"code":104098715,"name":"territorial entity type","p":3,"type":104098715},"Q2221906":{"code":2221906,"name":"geo","p":3,"type":2221906},"Q19953632":{"code":19953632,"name":"former admin","p":15893266,"type":19953632},"Q5962346":{"code":5962346,"name":"classification system","p":24017414,"type":5962346},"Q11834037":{"code":11834037,"name":"physico-geographical regionalization","p":5962346,"type":11834037},"Q25894868":{"code":25894868,"name":"place type","p":24017414,"type":25894868},"Q41710":{"code":41710,"name":"ethnic group","p":24017414,"type":41710},"Q23442":{"code":23442,"name":"island","p":25894868,"type":23442},"Q15617994":{"code":15617994,"name":"designation for an administrative territorial entity","p":24017414,"type":15617994},"Q111972893":{"code":111972893,"name":"type of structure","p":24017414,"type":111972893},"Q811979":{"code":811979,"name":"architectural structure","p":111972893,"type":811979},"Q41176":{"code":41176,"name":"building","p":811979,"type":41176},"Q96084375":{"code":96084375,"name":"former building or structure","p":41176,"type":96084375},"Q12292478":{"code":12292478,"name":"estate","p":811979,"type":12292478},"Q875157":{"code":875157,"name":"resort","p":12292478,"type":875157},"Q699405":{"code":699405,"name":"residence","p":811979,"type":699405},"Q5890494":{"code":5890494,"name":"homestead","p":699405,"type":5890494},"Q11755880":{"code":11755880,"name":"residential building","p":699405,"type":11755880},"Q113489728":{"code":113489728,"name":"OECD country","p":183039,"type":113489728},"Q1307214":{"code":1307214,"name":"form of government","p":183039,"type":1307214},"Q6256":{"code":6256,"name":"country","p":183039,"type":6256},"Q171308":{"code":171308,"name":"oblast","p":56061,"type":171308},"Q15621274":{"code":15621274,"name":"enclave or exclave","p":56061,"type":15621274},"Q3024240":{"code":3024240,"name":"historical country","p":19953632,"type":3024240},"Q12076836":{"code":12076836,"name":"of a single country","p":56061,"type":12076836},"Q2520520":{"code":2520520,"name":"administrative territorial entity of Hungary","p":12076836,"type":2520520},"Q697379":{"code":697379,"name":"administrative territorial entity of Romania","p":12076836,"type":697379},"Q15620181":{"code":15620181,"name":"administrative territorial entity of Estonia","p":12076836,"type":15620181},"Q1799794":{"code":1799794,"name":"By level","p":56061,"type":1799794},"Q788176":{"code":788176,"name":"autonomous administrative territorial entity","p":56061,"type":788176},"Q10864048":{"code":10864048,"name":"A1","p":1799794,"type":10864048},"Q13220204":{"code":13220204,"name":"A2","p":1799794,"type":13220204},"Q13221722":{"code":13221722,"name":"A3","p":1799794,"type":13221722},"Q14757767":{"code":14757767,"name":"A4","p":1799794,"type":14757767},"Q4976993":{"code":4976993,"name":"civil parish","p":14757767,"type":4976993},"Q7275":{"code":7275,"name":"state","p":56061,"type":7275},"Q702492":{"code":702492,"name":"urban area","p":486972,"type":702492},"Q515":{"code":515,"name":"city","p":486972,"type":515},"Q532":{"code":532,"name":"village","p":486972,"type":532},"Q618299":{"code":618299,"name":"settlement","p":486972,"type":618299},"Q15284":{"code":15284,"name":"municipality","p":486972,"type":15284},"Q15253706":{"code":15253706,"name":"like a city","p":486972,"type":15253706},"Q244793":{"code":244793,"name":"twin cities","p":486972,"type":244793},"Q676050":{"code":676050,"name":"old town","p":486972,"type":676050},"Q1782540":{"code":1782540,"name":"railway town","p":486972,"type":1782540},"Q98966309":{"code":98966309,"name":"classification of human settlements","p":486972,"type":98966309},"Q7930989":{"code":7930989,"name":"city or town","p":486972,"type":7930989},"Q33829":{"code":33829,"name":"human population","p":2625603,"type":33829},"Q1492823":{"code":1492823,"name":"ecclesiastical district","p":51041800,"type":1492823},"Q20926517":{"code":20926517,"name":"religious administrative territorial entity","p":51041800,"type":20926517},"Q665487":{"code":665487,"name":"diocese","p":20926517,"type":665487},"Q471855":{"code":471855,"name":"jurisdiction","p":659390,"type":471855},"Q2665272":{"code":2665272,"name":"Ecclesiastical circumscription immediately subject to the Holy See","p":471855,"type":2665272},"Q618123":{"code":618123,"name":"geographical feature","p":2221906,"type":618123},"Q1291195":{"code":1291195,"name":"place of discovery","p":618123,"type":1291195},"Q82794":{"code":82794,"name":"geographic region","p":618123,"type":82794},"Q106589819":{"code":106589819,"name":"elevation","p":618123,"type":106589819},"Q74817647":{"code":74817647,"name":"aspect in a geographic region","p":82794,"type":74817647},"Q205895":{"code":205895,"name":"landmass","p":82794,"type":205895},"Q183366":{"code":183366,"name":"territory","p":82794,"type":183366},"Q4835091":{"code":4835091,"name":"territory","p":82794,"type":4835091},"Q15642541":{"code":15642541,"name":"human-geographic territorial entity","p":183366,"type":15642541},"Q123705":{"code":123705,"name":"neighborhood","p":486972,"type":123705},"Q133156":{"code":133156,"name":"colony","p":82794,"type":133156},"Q161243":{"code":161243,"name":"dependent territory","p":15617994,"type":161243},"Q164142":{"code":164142,"name":"protectorate","p":161243,"type":164142},"Q149621":{"code":149621,"name":"district","p":15617994,"type":149621},"Q162602":{"code":162602,"name":"river island","p":23442,"type":162602},"Q171441":{"code":171441,"name":"enclave","p":15621274,"type":171441},"Q130003":{"code":130003,"name":"ski resort","p":486972,"type":130003},"Q192611":{"code":192611,"name":"electoral district","p":56061,"type":192611},"Q208511":{"code":208511,"name":"global city","p":515,"type":208511},"Q8502":{"code":8502,"name":"mountain","p":106589819,"type":8502},"Q192498":{"code":192498,"name":"administrative territorial entity of France","p":15617994,"type":192498},"Q350895":{"code":350895,"name":"abandoned village","p":98966309,"type":350895},"Q3957":{"code":3957,"name":"town","p":98966309,"type":3957},"Q555937":{"code":555937,"name":"tidal island","p":23442,"type":555937},"Q200250":{"code":200250,"name":"metropolis","p":486972,"type":200250},"Q5084":{"code":5084,"name":"hamlet","p":15617994,"type":5084},"Q373074":{"code":373074,"name":"suffragan diocese","p":15617994,"type":373074},"Q473972":{"code":473972,"name":"protected area","p":56061,"type":473972},"Q839954":{"code":839954,"name":"archaeological site","p":1291195,"type":839954},"Q13691":{"code":13691,"name":"artificial island","p":23442,"type":13691},"Q734818":{"code":734818,"name":"condominium","p":1307214,"type":734818},"Q738570":{"code":738570,"name":"central business district","p":123705,"type":738570},"Q622499":{"code":622499,"name":"refugee camp","p":486972,"type":622499},"Q1074523":{"code":1074523,"name":"planned community","p":486972,"type":1074523},"Q207524":{"code":207524,"name":"islet","p":23442,"type":207524},"Q1149061":{"code":1149061,"name":"Sprachraum","p":82794,"type":1149061},"Q1151616":{"code":1151616,"name":"stateless nation","p":6256,"type":1151616},"Q902814":{"code":902814,"name":"border town","p":7930989,"type":902814},"Q18524218":{"code":18524218,"name":"canton of France","p":192498,"type":18524218},"Q34876":{"code":34876,"name":"province","p":15617994,"type":34876},"Q33837":{"code":33837,"name":"archipelago","p":205895,"type":33837},"Q39816":{"code":39816,"name":"valley","p":82794,"type":39816},"Q42523":{"code":42523,"name":"atoll","p":23442,"type":42523},"Q933394":{"code":933394,"name":"exclave","p":15621274,"type":933394},"Q1048835":{"code":1048835,"name":"political territorial entity","p":56061,"type":1048835},"Q1065592":{"code":1065592,"name":"desert island","p":23442,"type":1065592},"Q1066984":{"code":1066984,"name":"financial centre","p":208511,"type":1066984},"Q1187811":{"code":1187811,"name":"college town","p":515,"type":1187811},"Q1402592":{"code":1402592,"name":"island group","p":82794,"type":1402592},"Q1620908":{"code":1620908,"name":"historical region","p":56061,"type":1620908},"Q1549591":{"code":1549591,"name":"big city","p":98966309,"type":1549591},"Q1637706":{"code":1637706,"name":"million city","p":1549591,"type":1637706},"Q1973416":{"code":1973416,"name":"type locality","p":618123,"type":1973416},"Q2072238":{"code":2072238,"name":"archdiocese","p":665487,"type":2072238},"Q2264924":{"code":2264924,"name":"port settlement","p":515,"type":2264924},"Q4946461":{"code":4946461,"name":"spa town","p":486972,"type":4946461},"Q34763":{"code":34763,"name":"peninsula","p":205895,"type":34763},"Q5119":{"code":5119,"name":"capital city","p":515,"type":5119},"Q7270":{"code":7270,"name":"republic","p":183039,"type":7270},"Q1907114":{"code":1907114,"name":"metropolitan area","p":56061,"type":1907114},"Q2342385":{"code":2342385,"name":"urban area","p":1907114,"type":2342385},"Q2362867":{"code":2362867,"name":"presque-isle","p":34763,"type":2362867},"Q19730508":{"code":19730508,"name":"former municipality","p":15284,"type":19730508},"Q18821702":{"code":18821702,"name":"former commune of France","p":19730508,"type":18821702},"Q21869758":{"code":21869758,"name":"delegated commune","p":192498,"type":21869758},"Q3455524":{"code":3455524,"name":"administrative region","p":15617994,"type":3455524},"Q7285116":{"code":7285116,"name":"raised coral atoll","p":23442,"type":7285116},"Q11197007":{"code":11197007,"name":"ethnoreligious group","p":41710,"type":11197007},"Q1762524":{"code":1762524,"name":"planned community in France","p":1074523,"type":1762524},"Q5770868":{"code":5770868,"name":"medieval city","p":515,"type":5770868},"Q20725872":{"code":20725872,"name":"Eastern Catholic eparchy","p":20926517,"type":20725872},"Q46831":{"code":46831,"name":"mountain range","p":82794,"type":46831},"Q2828309":{"code":2828309,"name":"protected area of France","p":473972,"type":2828309},"Q2983893":{"code":2983893,"name":"quarter","p":56061,"type":2983893},"Q4632675":{"code":4632675,"name":"dwelling place","p":486972,"type":4632675},"Q14616455":{"code":14616455,"name":"destroyed city","p":98966309,"type":14616455},"Q15239622":{"code":15239622,"name":"disputed territory","p":183366,"type":15239622},"Q51929311":{"code":51929311,"name":"largest city","p":7930989,"type":51929311},"Q52103661":{"code":52103661,"name":"former island","p":23442,"type":52103661},"Q67123843":{"code":67123843,"name":"town divided by border","p":244793,"type":67123843},"Q84598477":{"code":84598477,"name":"commune of French Polynesia","p":486972,"type":84598477},"Q22927616":{"code":22927616,"name":"commune of France with specific status","p":56061,"type":22927616},"Q26714626":{"code":26714626,"name":"large village","p":486972,"type":26714626},"Q26807495":{"code":26807495,"name":"district of the French Southern and Antarctic Lands","p":12076836,"type":26807495},"Q3146899":{"code":3146899,"name":"diocese of the Catholic Church","p":665487,"type":3146899},"Q27780831":{"code":27780831,"name":"lost Roman Catholic diocese","p":3146899,"type":27780831},"Q28107315":{"code":28107315,"name":"quartier of Saint Barthélemy","p":486972,"type":28107315},"Q57318":{"code":57318,"name":"free imperial city","p":15617994,"type":57318},"Q57821":{"code":57821,"name":"fortification","p":811979,"type":57821},"Q1785071":{"code":1785071,"name":"fort","p":57821,"type":1785071},"Q104964763":{"code":104964763,"name":"archdiocese not metropolitan","p":665487,"type":104964763},"Q105072138":{"code":105072138,"name":"Catholic archdiocese","p":51041800,"type":105072138},"Q105072162":{"code":105072162,"name":"Catholic archdiocese not metropolitan","p":51041800,"type":105072162},"Q105388829":{"code":105388829,"name":"Latin Catholic diocese","p":20926517,"type":105388829},"Q17152565":{"code":17152565,"name":"international zone","p":56061,"type":17152565},"Q105389481":{"code":105389481,"name":"Greek-Catholic eparchy","p":20926517,"type":105389481},"Q3157225":{"code":3157225,"name":"Romance-speaking world","p":41710,"type":3157225},"Q3257686":{"code":3257686,"name":"locality","p":486972,"type":3257686},"Q3502482":{"code":3502482,"name":"cultural region","p":82794,"type":3502482},"Q3624078":{"code":3624078,"name":"sovereign state","p":6256,"type":3624078},"Q22670030":{"code":22670030,"name":"former French region","p":19953632,"type":22670030},"Q22674925":{"code":22674925,"name":"former settlement","p":98966309,"type":22674925},"Q50330360":{"code":50330360,"name":"second largest city","p":7930989,"type":50330360},"Q51576574":{"code":51576574,"name":"Mediterranean country","p":6256,"type":51576574},"Q105419665":{"code":105419665,"name":"Roman Catholic archdiocese not metropolitan","p":51041800,"type":105419665},"Q110544132":{"code":110544132,"name":"free flight site","p":618123,"type":110544132},"Q-1":{"code":-1,"name":"INVALID","p":3,"type":-1},"Q-2":{"code":-2,"name":"EXCLUDED","p":3,"type":-2},"Q9444":{"code":9444,"name":"rainforest (Q9444)","p":-1,"type":9444},"Q28108":{"code":28108,"name":"political system (Q28108)","p":-1,"type":28108},"Q30059":{"code":30059,"name":"arrondissement (Q30059)","p":-1,"type":30059},"Q30103":{"code":30103,"name":"minority group (Q30103)","p":-1,"type":30103},"Q35120":{"code":35120,"name":"entity (Q35120)","p":-1,"type":35120},"Q37813":{"code":37813,"name":"ecosystem (Q37813)","p":-1,"type":37813},"Q44782":{"code":44782,"name":"port (Q44782)","p":-1,"type":44782},"Q74047":{"code":74047,"name":"ghost town (Q74047)","p":-1,"type":74047},"Q107425":{"code":107425,"name":"landscape (Q107425)","p":-1,"type":107425},"Q130989":{"code":130989,"name":"neologism (Q130989)","p":-1,"type":130989},"Q151885":{"code":151885,"name":"concept (Q151885)","p":-1,"type":151885},"Q170321":{"code":170321,"name":"wetland (Q170321)","p":-1,"type":170321},"Q186081":{"code":186081,"name":"time interval (Q186081)","p":-1,"type":186081},"Q203396":{"code":203396,"name":"Overseas France (Q203396)","p":-1,"type":203396},"Q216353":{"code":216353,"name":"title (Q216353)","p":-1,"type":216353},"Q295469":{"code":295469,"name":"ecoregion (Q295469)","p":-1,"type":295469},"Q386426":{"code":386426,"name":"natural heritage (Q386426)","p":-1,"type":386426},"Q546080":{"code":546080,"name":"administrative territorial entity of New Caledonia (Q546080)","p":-1,"type":546080},"Q874405":{"code":874405,"name":"social group (Q874405)","p":-1,"type":874405},"Q937228":{"code":937228,"name":"property (Q937228)","p":-1,"type":937228},"Q960648":{"code":960648,"name":"point of interest (Q960648)","p":-1,"type":960648},"Q1250464":{"code":1250464,"name":"realm (Q1250464)","p":-1,"type":1250464},"Q1263068":{"code":1263068,"name":"duplicate entry (Q1263068)","p":-1,"type":1263068},"Q1269299":{"code":1269299,"name":"type of business entity (Q1269299)","p":-1,"type":1269299},"Q1739545":{"code":1739545,"name":"nuclear facility (Q1739545)","p":-1,"type":1739545},"Q1970725":{"code":1970725,"name":"natural region (Q1970725)","p":-1,"type":1970725},"Q2742167":{"code":2742167,"name":"religious community (Q2742167)","p":-1,"type":2742167},"Q3591564":{"code":3591564,"name":"établissement public de coopération intercommunale (Q3591564)","p":-1,"type":3591564},"Q3702971":{"code":3702971,"name":"personal data (Q3702971)","p":-2,"type":3702971},"Q4656150":{"code":4656150,"name":"Wikimedia project policies and guidelines (Q4656150)","p":-1,"type":4656150},"Q5162954":{"code":5162954,"name":"conservation designation (Q5162954)","p":-1,"type":5162954},"Q11637434":{"code":11637434,"name":"military reservation (Q11637434)","p":-1,"type":11637434},"Q15042037":{"code":15042037,"name":"statistical territorial entity (Q15042037)","p":-1,"type":15042037},"Q15661340":{"code":15661340,"name":"ancient city (Q15661340)","p":-1,"type":15661340},"Q15700808":{"code":15700808,"name":"urban unit definition (Q15700808)","p":-1,"type":15700808},"Q19361238":{"code":19361238,"name":"Wikidata metaclass (Q19361238)","p":-1,"type":19361238},"Q19478619":{"code":19478619,"name":"metaclass (Q19478619)","p":-1,"type":19478619},"Q19832712":{"code":19832712,"name":"historical administrative division (Q19832712)","p":-1,"type":19832712},"Q20667921":{"code":20667921,"name":"type of French administrative division (Q20667921)","p":-1,"type":20667921},"Q22575704":{"code":22575704,"name":"administrative quarter (Q22575704)","p":-1,"type":22575704},"Q26832826":{"code":26832826,"name":"constituency of France (Q26832826)","p":-1,"type":26832826},"Q29025902":{"code":29025902,"name":"volcanic landform (Q29025902)","p":-1,"type":29025902},"Q29028649":{"code":29028649,"name":"economic concept (Q29028649)","p":-1,"type":29028649},"Q33104069":{"code":33104069,"name":"political concept (Q33104069)","p":-1,"type":33104069},"Q41768503":{"code":41768503,"name":"former French legislative constituency (Q41768503)","p":-1,"type":41768503},"Q56427813":{"code":56427813,"name":"type of legal entity in France (Q56427813)","p":-1,"type":56427813},"Q60029820":{"code":60029820,"name":"FFH-Habitat (Q60029820)","p":-1,"type":60029820},"Q85785387":{"code":85785387,"name":"migrant crisis (Q85785387)","p":-1,"type":85785387},"Q96196009":{"code":96196009,"name":"state (former or current) (Q96196009)","p":-1,"type":96196009},"Q108028209":{"code":108028209,"name":"designation type (Q108028209)","p":-1,"type":108028209},"Q111737478":{"code":111737478,"name":"undefined (Q111737478)","p":-1,"type":111737478},"Q-3":{"code":-3,"name":"UNLINKED","p":3,"type":-3},"Q103817":{"code":103817,"name":"indigenous people (Q103817)","p":-3,"type":103817},"Q184358":{"code":184358,"name":"reef (Q184358)","p":-3,"type":184358},"Q209495":{"code":209495,"name":"historical province of France (Q209495)","p":-3,"type":209495},"Q184188":{"code":184188,"name":"canton of France (until 2015) (Q184188)","p":-3,"type":184188},"Q174844":{"code":174844,"name":"megacity (Q174844)","p":-3,"type":174844},"Q194203":{"code":194203,"name":"arrondissement of France (Q194203)","p":-3,"type":194203},"Q188443":{"code":188443,"name":"micronation (Q188443)","p":-3,"type":188443},"Q252916":{"code":252916,"name":"administrative quarter of Paris (Q252916)","p":-3,"type":252916},"Q572995":{"code":572995,"name":"natural region of France (Q572995)","p":-3,"type":572995},"Q583865":{"code":583865,"name":"territorial collectivity of France (Q583865)","p":-3,"type":583865},"Q620225":{"code":620225,"name":"apostolic vicariate (Q620225)","p":-3,"type":620225},"Q231002":{"code":231002,"name":"nationality (Q231002)","p":-3,"type":231002},"Q6266":{"code":6266,"name":"nation (Q6266)","p":-3,"type":6266},"Q570116":{"code":570116,"name":"tourist attraction (Q570116)","p":-3,"type":570116},"Q199403":{"code":199403,"name":"tropical forest (Q199403)","p":-3,"type":199403},"Q8072":{"code":8072,"name":"volcano (Q8072)","p":-3,"type":8072},"Q702842":{"code":702842,"name":"municipal arrondissement (Q702842)","p":-3,"type":702842},"Q702875":{"code":702875,"name":"municipal arrondissement of Marseille (Q702875)","p":-3,"type":702875},"Q719487":{"code":719487,"name":"French overseas collectivity (Q719487)","p":-3,"type":719487},"Q202216":{"code":202216,"name":"overseas department and region of France (Q202216)","p":-3,"type":202216},"Q484170":{"code":484170,"name":"commune of France (Q484170)","p":-3,"type":484170},"Q666943":{"code":666943,"name":"associated commune (Q666943)","p":-3,"type":666943},"Q1128397":{"code":1128397,"name":"convent (Q1128397)","p":-3,"type":1128397},"Q1129474":{"code":1129474,"name":"cultural landscape (Q1129474)","p":-3,"type":1129474},"Q534282":{"code":534282,"name":"lava dome (Q534282)","p":-3,"type":534282},"Q921061":{"code":921061,"name":"Book town (Q921061)","p":-3,"type":921061},"Q6465":{"code":6465,"name":"department of France (Q6465)","p":-3,"type":6465},"Q36784":{"code":36784,"name":"region of France (Q36784)","p":-3,"type":36784},"Q1324355":{"code":1324355,"name":"geopark (Q1324355)","p":-3,"type":1324355},"Q1397926":{"code":1397926,"name":"refugee crisis (Q1397926)","p":-3,"type":1397926},"Q1200957":{"code":1200957,"name":"tourist destination (Q1200957)","p":-3,"type":1200957},"Q1420027":{"code":1420027,"name":"fishing port (Q1420027)","p":-3,"type":1420027},"Q1479822":{"code":1479822,"name":"urban unit (Q1479822)","p":-3,"type":1479822},"Q1681353":{"code":1681353,"name":"bog (Q1681353)","p":-3,"type":1681353},"Q17524420":{"code":17524420,"name":"aspect of history (Q17524420)","p":-3,"type":17524420},"Q18706073":{"code":18706073,"name":"Public institution of intermunicipal cooperation with own taxation (Q18706073)","p":-3,"type":18706073},"Q30198":{"code":30198,"name":"marsh (Q30198)","p":-3,"type":30198},"Q43229":{"code":43229,"name":"organization (Q43229)","p":-3,"type":43229},"Q2472587":{"code":2472587,"name":"people (Q2472587)","p":-3,"type":2472587},"Q3333855":{"code":3333855,"name":"Métropole (Q3333855)","p":-3,"type":3333855},"Q3408484":{"code":3408484,"name":"province of New Caledonia (Q3408484)","p":-3,"type":3408484},"Q11177275":{"code":11177275,"name":"riparian forest (Q11177275)","p":-3,"type":11177275},"Q11514315":{"code":11514315,"name":"historical period (Q11514315)","p":-3,"type":11514315},"Q1818761":{"code":1818761,"name":"regional natural park (Q1818761)","p":-3,"type":1818761},"Q5589178":{"code":5589178,"name":"regime (Q5589178)","p":-3,"type":5589178},"Q6617741":{"code":6617741,"name":"WWF ecoregion (Q6617741)","p":-3,"type":6617741},"Q19945036":{"code":19945036,"name":"établissement public territorial (Q19945036)","p":-3,"type":19945036},"Q20653619":{"code":20653619,"name":"Zone to Defend (Q20653619)","p":-3,"type":20653619},"Q21286738":{"code":21286738,"name":"Wikimedia permanent duplicate item (Q21286738)","p":-3,"type":21286738},"Q2202509":{"code":2202509,"name":"Roman city (Q2202509)","p":-3,"type":2202509},"Q2633744":{"code":2633744,"name":"no label (Q2633744)","p":-3,"type":2633744},"Q2864343":{"code":2864343,"name":"no label (Q2864343)","p":-3,"type":2864343},"Q2973941":{"code":2973941,"name":"no label (Q2973941)","p":-3,"type":2973941},"Q4167836":{"code":4167836,"name":"no label (Q4167836)","p":-3,"type":4167836},"Q16887380":{"code":16887380,"name":"no label (Q16887380)","p":-3,"type":16887380},"Q53732481":{"code":53732481,"name":"no label (Q53732481)","p":-3,"type":53732481},"Q65952434":{"code":65952434,"name":"no label (Q65952434)","p":-3,"type":65952434},"Q84669937":{"code":84669937,"name":"no label (Q84669937)","p":-3,"type":84669937},"Q84671480":{"code":84671480,"name":"no label (Q84671480)","p":-3,"type":84671480},"Q87410915":{"code":87410915,"name":"no label (Q87410915)","p":-3,"type":87410915},"Q22674930":{"code":22674930,"name":"no label (Q22674930)","p":-3,"type":22674930},"Q22923920":{"code":22923920,"name":"no label (Q22923920)","p":-3,"type":22923920},"Q30319807":{"code":30319807,"name":"no label (Q30319807)","p":-3,"type":30319807},"Q1778846":{"code":1778846,"name":"no label (Q1778846)","p":-3,"type":1778846},"Q87542664":{"code":87542664,"name":"no label (Q87542664)","p":-3,"type":87542664},"Q17362920":{"code":17362920,"name":"no label (Q17362920)","p":-3,"type":17362920},"Q105390172":{"code":105390172,"name":"no label (Q105390172)","p":-3,"type":105390172},"Q3508373":{"code":3508373,"name":"no label (Q3508373)","p":-3,"type":3508373},"Q3573632":{"code":3573632,"name":"no label (Q3573632)","p":-3,"type":3573632},"Q16040909":{"code":16040909,"name":"no label (Q16040909)","p":-3,"type":16040909},"Q47508609":{"code":47508609,"name":"no label (Q47508609)","p":-3,"type":47508609},"Q108921116":{"code":108921116,"name":"no label (Q108921116)","p":-3,"type":108921116},"Q84599126":{"code":84599126,"name":"no label (Q84599126)","p":-3,"type":84599126}}