{"Q3":{"code":3,"name":"ROOT","type":634},"Q24017414":{"code":24017414,"name":"MISC","p":3,"type":24017414},"Q183039":{"code":183039,"name":"COUNTRY","p":3,"type":183039},"Q56061":{"code":56061,"name":"admin","p":3,"type":56061},"Q486972":{"code":486972,"name":"settled","p":3,"type":486972},"Q2625603":{"code":2625603,"name":"population","p":3,"type":2625603},"Q51041800":{"code":51041800,"name":"religious","p":3,"type":51041800},"Q2221906":{"code":2221906,"name":"geo","p":3,"type":2221906},"Q25894868":{"code":25894868,"name":"place type","p":24017414,"type":25894868},"Q41710":{"code":41710,"name":"ethnic group","p":24017414,"type":41710},"Q23442":{"code":23442,"name":"island","p":25894868,"type":23442},"Q6256":{"code":6256,"name":"country","p":183039,"type":6256},"Q1799794":{"code":1799794,"name":"By level","p":56061,"type":1799794},"Q13221722":{"code":13221722,"name":"A3","p":1799794,"type":13221722},"Q515":{"code":515,"name":"city","p":486972,"type":515},"Q532":{"code":532,"name":"village","p":486972,"type":532},"Q15284":{"code":15284,"name":"municipality","p":486972,"type":15284},"Q244793":{"code":244793,"name":"twin cities","p":486972,"type":244793},"Q98966309":{"code":98966309,"name":"classification of human settlements","p":486972,"type":98966309},"Q7930989":{"code":7930989,"name":"city or town","p":486972,"type":7930989},"Q33829":{"code":33829,"name":"human population","p":2625603,"type":33829},"Q618123":{"code":618123,"name":"geographical feature","p":2221906,"type":618123},"Q82794":{"code":82794,"name":"geographic region","p":618123,"type":82794},"Q3957":{"code":3957,"name":"town","p":98966309,"type":3957},"Q5119":{"code":5119,"name":"capital city","p":515,"type":5119},"Q74047":{"code":74047,"name":"ghost town","p":98966309,"type":74047},"Q123705":{"code":123705,"name":"neighborhood","p":486972,"type":123705},"Q1549591":{"code":1549591,"name":"big city","p":98966309,"type":1549591},"Q902814":{"code":902814,"name":"border town","p":7930989,"type":902814},"Q29463880":{"code":29463880,"name":"Quarter of Limassol Municipality","p":13221722,"type":29463880},"Q2264924":{"code":2264924,"name":"port settlement","p":515,"type":2264924},"Q2983893":{"code":2983893,"name":"quarter","p":56061,"type":2983893},"Q3502482":{"code":3502482,"name":"cultural region","p":82794,"type":3502482},"Q3624078":{"code":3624078,"name":"sovereign state","p":6256,"type":3624078},"Q67123843":{"code":67123843,"name":"town divided by border","p":244793,"type":67123843},"Q108822950":{"code":108822950,"name":"Catholic Archieparchy","p":51041800,"type":108822950},"Q47326257":{"code":47326257,"name":"Quarter of Dromolaxia-Meneou Municipality","p":13221722,"type":47326257},"Q47328627":{"code":47328627,"name":"Parish of Famagusta Municipality","p":13221722,"type":47328627},"Q50330360":{"code":50330360,"name":"second largest city","p":7930989,"type":50330360},"Q54809707":{"code":54809707,"name":"Quarter of Kato Polemidia Municipality","p":13221722,"type":54809707},"Q54864872":{"code":54864872,"name":"Quarter of Mesa Geitonia Municipality","p":13221722,"type":54864872},"Q54865711":{"code":54865711,"name":"Quarter of Yermasoyia Municipality","p":13221722,"type":54865711},"Q54867049":{"code":54867049,"name":"Quarter of Ayios Athanasios Municipality","p":13221722,"type":54867049},"Q29556224":{"code":29556224,"name":"city in Cyprus","p":515,"type":29556224},"Q47320699":{"code":47320699,"name":"Parish of Nicosia Municipality","p":13221722,"type":47320699},"Q47320766":{"code":47320766,"name":"Parish of  Ayios Dhometios Municipality","p":13221722,"type":47320766},"Q47320775":{"code":47320775,"name":"Parish of Strovolos Municipality","p":13221722,"type":47320775},"Q47320785":{"code":47320785,"name":"Parish of Lakatamia Municipality","p":13221722,"type":47320785},"Q47320794":{"code":47320794,"name":"Parish of Latsia Municipality","p":13221722,"type":47320794},"Q47320804":{"code":47320804,"name":"Parish of Dali Municipality","p":13221722,"type":47320804},"Q47320814":{"code":47320814,"name":"Parish of Kythrea Municipality","p":13221722,"type":47320814},"Q47320908":{"code":47320908,"name":"Parish of  Morphou Municipality","p":13221722,"type":47320908},"Q47320938":{"code":47320938,"name":"Parish of Spilia","p":13221722,"type":47320938},"Q47325770":{"code":47325770,"name":"Parish of Paphos Municipality","p":13221722,"type":47325770},"Q47325870":{"code":47325870,"name":"Parish of Yeroskipou Municipality","p":13221722,"type":47325870},"Q47325959":{"code":47325959,"name":"Parish of Polis Chrysochous Municipality","p":13221722,"type":47325959},"Q47326153":{"code":47326153,"name":"Quarter of Larnaca Municipality","p":13221722,"type":47326153},"Q47326217":{"code":47326217,"name":"Quarter of Aradippou Municipality","p":13221722,"type":47326217},"Q-3":{"code":-3,"name":"UNLINKED","p":3,"type":-3},"Q59136":{"code":59136,"name":"district of Cyprus (Q59136)","p":-3,"type":59136},"Q16739079":{"code":16739079,"name":"municipalities of Cyprus Republic (Q16739079)","p":-3,"type":16739079},"Q29414133":{"code":29414133,"name":"Communities of Cyprus Republic (Q29414133)","p":-3,"type":29414133},"Q2561694":{"code":2561694,"name":"city-kingdom of Cyprus (Q2561694)","p":-3,"type":2561694}}