{"Q3":{"code":3,"name":"ROOT","type":634},"Q24017414":{"code":24017414,"name":"MISC","p":3,"type":24017414},"Q183039":{"code":183039,"name":"COUNTRY","p":3,"type":183039},"Q56061":{"code":56061,"name":"admin","p":3,"type":56061},"Q486972":{"code":486972,"name":"settled","p":3,"type":486972},"Q51041800":{"code":51041800,"name":"religious","p":3,"type":51041800},"Q659390":{"code":659390,"name":"construct","p":3,"type":659390},"Q2221906":{"code":2221906,"name":"geo","p":3,"type":2221906},"Q25894868":{"code":25894868,"name":"place type","p":24017414,"type":25894868},"Q41710":{"code":41710,"name":"ethnic group","p":24017414,"type":41710},"Q23442":{"code":23442,"name":"island","p":25894868,"type":23442},"Q15617994":{"code":15617994,"name":"designation for an administrative territorial entity","p":24017414,"type":15617994},"Q113489728":{"code":113489728,"name":"OECD country","p":183039,"type":113489728},"Q1307214":{"code":1307214,"name":"form of government","p":183039,"type":1307214},"Q6256":{"code":6256,"name":"country","p":183039,"type":6256},"Q15621274":{"code":15621274,"name":"enclave or exclave","p":56061,"type":15621274},"Q12076836":{"code":12076836,"name":"of a single country","p":56061,"type":12076836},"Q1799794":{"code":1799794,"name":"By level","p":56061,"type":1799794},"Q788176":{"code":788176,"name":"autonomous administrative territorial entity","p":56061,"type":788176},"Q13220204":{"code":13220204,"name":"A2","p":1799794,"type":13220204},"Q702492":{"code":702492,"name":"urban area","p":486972,"type":702492},"Q515":{"code":515,"name":"city","p":486972,"type":515},"Q532":{"code":532,"name":"village","p":486972,"type":532},"Q15284":{"code":15284,"name":"municipality","p":486972,"type":15284},"Q244793":{"code":244793,"name":"twin cities","p":486972,"type":244793},"Q676050":{"code":676050,"name":"old town","p":486972,"type":676050},"Q1782540":{"code":1782540,"name":"railway town","p":486972,"type":1782540},"Q98966309":{"code":98966309,"name":"classification of human settlements","p":486972,"type":98966309},"Q7930989":{"code":7930989,"name":"city or town","p":486972,"type":7930989},"Q20926517":{"code":20926517,"name":"religious administrative territorial entity","p":51041800,"type":20926517},"Q471855":{"code":471855,"name":"jurisdiction","p":659390,"type":471855},"Q2665272":{"code":2665272,"name":"Ecclesiastical circumscription immediately subject to the Holy See","p":471855,"type":2665272},"Q618123":{"code":618123,"name":"geographical feature","p":2221906,"type":618123},"Q82794":{"code":82794,"name":"geographic region","p":618123,"type":82794},"Q205895":{"code":205895,"name":"landmass","p":82794,"type":205895},"Q183366":{"code":183366,"name":"territory","p":82794,"type":183366},"Q3957":{"code":3957,"name":"town","p":98966309,"type":3957},"Q5084":{"code":5084,"name":"hamlet","p":15617994,"type":5084},"Q5119":{"code":5119,"name":"capital city","p":515,"type":5119},"Q33837":{"code":33837,"name":"archipelago","p":205895,"type":33837},"Q41691":{"code":41691,"name":"demilitarized zone","p":56061,"type":41691},"Q86622":{"code":86622,"name":"governorate","p":15617994,"type":86622},"Q123705":{"code":123705,"name":"neighborhood","p":486972,"type":123705},"Q179164":{"code":179164,"name":"unitary state","p":1307214,"type":179164},"Q171441":{"code":171441,"name":"enclave","p":15621274,"type":171441},"Q200250":{"code":200250,"name":"metropolis","p":486972,"type":200250},"Q149621":{"code":149621,"name":"district","p":15617994,"type":149621},"Q207524":{"code":207524,"name":"islet","p":23442,"type":207524},"Q192287":{"code":192287,"name":"subdivision of Russia","p":12076836,"type":192287},"Q902814":{"code":902814,"name":"border town","p":7930989,"type":902814},"Q933394":{"code":933394,"name":"exclave","p":15621274,"type":933394},"Q1306755":{"code":1306755,"name":"administrative centre","p":2221906,"type":1306755},"Q1549591":{"code":1549591,"name":"big city","p":98966309,"type":1549591},"Q1048835":{"code":1048835,"name":"political territorial entity","p":56061,"type":1048835},"Q3624078":{"code":3624078,"name":"sovereign state","p":6256,"type":3624078},"Q2264924":{"code":2264924,"name":"port settlement","p":515,"type":2264924},"Q13539802":{"code":13539802,"name":"place with town rights and privileges","p":15284,"type":13539802},"Q3920906":{"code":3920906,"name":"ethnic territory","p":183366,"type":3920906},"Q378636":{"code":378636,"name":"village with a church","p":532,"type":378636},"Q15078955":{"code":15078955,"name":"urban-type settlement in Russia","p":192287,"type":15078955},"Q15642599":{"code":15642599,"name":"urban district","p":149621,"type":15642599},"Q15715406":{"code":15715406,"name":"neighbourhood of Helsinki","p":123705,"type":15715406},"Q4286337":{"code":4286337,"name":"city district","p":56061,"type":4286337},"Q2514025":{"code":2514025,"name":"posyolok","p":15617994,"type":2514025},"Q2983893":{"code":2983893,"name":"quarter","p":56061,"type":2983893},"Q856076":{"code":856076,"name":"municipality of Finland","p":15284,"type":856076},"Q17468479":{"code":17468479,"name":"district of Oulu","p":123705,"type":17468479},"Q17468533":{"code":17468533,"name":"former municipality of Finland","p":856076,"type":17468533},"Q3502482":{"code":3502482,"name":"cultural region","p":82794,"type":3502482},"Q50330360":{"code":50330360,"name":"second largest city","p":7930989,"type":50330360},"Q51929311":{"code":51929311,"name":"largest city","p":7930989,"type":51929311},"Q52103661":{"code":52103661,"name":"former island","p":23442,"type":52103661},"Q3455524":{"code":3455524,"name":"administrative region","p":15617994,"type":3455524},"Q18511725":{"code":18511725,"name":"market town","p":3957,"type":18511725},"Q63134896":{"code":63134896,"name":"Helsinki district","p":56061,"type":63134896},"Q63135297":{"code":63135297,"name":"Helsinki great district","p":56061,"type":63135297},"Q63791824":{"code":63791824,"name":"country bordering the Baltic Sea","p":3624078,"type":63791824},"Q67123843":{"code":67123843,"name":"town divided by border","p":244793,"type":67123843},"Q6566301":{"code":6566301,"name":"urban area in Nordic countries","p":702492,"type":6566301},"Q29968027":{"code":29968027,"name":"lighthouse island","p":23442,"type":29968027},"Q47254761":{"code":47254761,"name":"village in Finland","p":532,"type":47254761},"Q21130185":{"code":21130185,"name":"an existing village of a former municipality in Finland","p":532,"type":21130185},"Q23541388":{"code":23541388,"name":"city district of Lappeenranta","p":123705,"type":23541388},"Q105388829":{"code":105388829,"name":"Latin Catholic diocese","p":20926517,"type":105388829},"Q108319959":{"code":108319959,"name":"district of Vaasa","p":56061,"type":108319959},"Q108321096":{"code":108321096,"name":"major district of Vaasa","p":56061,"type":108321096},"Q18691318":{"code":18691318,"name":"","p":532,"type":18691318},"Q30503904":{"code":30503904,"name":"","p":532,"type":30503904},"Q-3":{"code":-3,"name":"UNLINKED","p":3,"type":-3},"Q39594":{"code":39594,"name":"bay (Q39594)","p":-3,"type":39594},"Q193512":{"code":193512,"name":"region of Finland (Q193512)","p":-3,"type":193512},"Q634099":{"code":634099,"name":"rural settlement of Russia (Q634099)","p":-3,"type":634099},"Q209465":{"code":209465,"name":"campus (Q209465)","p":-3,"type":209465},"Q762882":{"code":762882,"name":"subregion of Finland (Q762882)","p":-3,"type":762882},"Q1976594":{"code":1976594,"name":"science park (Q1976594)","p":-3,"type":1976594},"Q15042037":{"code":15042037,"name":"statistical territorial entity (Q15042037)","p":-3,"type":15042037},"Q3735314":{"code":3735314,"name":"administrative territorial entity of Oulu (Q3735314)","p":-3,"type":3735314},"Q3926693":{"code":3926693,"name":"district of Turku (Q3926693)","p":-3,"type":3926693},"Q217691":{"code":217691,"name":"province of Finland (Q217691)","p":-3,"type":217691},"Q406957":{"code":406957,"name":"first-level NUTS of the European Union (Q406957)","p":-3,"type":406957},"Q15069452":{"code":15069452,"name":"Natura 2000 protected area (Q15069452)","p":-3,"type":15069452},"Q4830453":{"code":4830453,"name":"business (Q4830453)","p":-3,"type":4830453},"Q18867465":{"code":18867465,"name":"uyezd of the Russian Empire (Q18867465)","p":-3,"type":18867465},"Q61492541":{"code":61492541,"name":"urban area in Finland (Q61492541)","p":-3,"type":61492541},"Q64188950":{"code":64188950,"name":"district of Järvenpää (Q64188950)","p":-3,"type":64188950},"Q65620281":{"code":65620281,"name":"statistical area of Lappeenranta (Q65620281)","p":-3,"type":65620281},"Q65770082":{"code":65770082,"name":"uyezd of RSFSR (Q65770082)","p":-3,"type":65770082},"Q79696253":{"code":79696253,"name":"subdivision of a neighborhood of Helsinki (Q79696253)","p":-3,"type":79696253},"Q103910131":{"code":103910131,"name":"part of city or town or population centre (Q103910131)","p":-3,"type":103910131},"Q103910177":{"code":103910177,"name":"city or town or population centre (Q103910177)","p":-3,"type":103910177},"Q5283513":{"code":5283513,"name":"district of Espoo (Q5283513)","p":-3,"type":5283513},"Q5283515":{"code":5283515,"name":"district of Jyväskylä (Q5283515)","p":-3,"type":5283515},"Q10571400":{"code":10571400,"name":"köping (Q10571400)","p":-3,"type":10571400},"Q11900232":{"code":11900232,"name":"nationally valuable landscapes in Finland (Q11900232)","p":-3,"type":11900232},"Q12261428":{"code":12261428,"name":"district of Kemi (Q12261428)","p":-3,"type":12261428},"Q103910453":{"code":103910453,"name":"village or neigbourhood (Q103910453)","p":-3,"type":103910453},"Q28480345":{"code":28480345,"name":"district of Vantaa (Q28480345)","p":-3,"type":28480345},"Q28480407":{"code":28480407,"name":"district of Kuopio (Q28480407)","p":-3,"type":28480407},"Q21484471":{"code":21484471,"name":"Wikipedia article covering multiple topics (Q21484471)","p":-3,"type":21484471},"Q21682724":{"code":21682724,"name":"municipal district of Finland (Q21682724)","p":-3,"type":21682724}}