{"Q3":{"code":3,"name":"ROOT","type":634},"Q15893266":{"code":15893266,"name":"FORMER","p":3,"type":15893266},"Q24017414":{"code":24017414,"name":"MISC","p":3,"type":24017414},"Q183039":{"code":183039,"name":"COUNTRY","p":3,"type":183039},"Q56061":{"code":56061,"name":"admin","p":3,"type":56061},"Q486972":{"code":486972,"name":"settled","p":3,"type":486972},"Q2625603":{"code":2625603,"name":"population","p":3,"type":2625603},"Q51041800":{"code":51041800,"name":"religious","p":3,"type":51041800},"Q659390":{"code":659390,"name":"construct","p":3,"type":659390},"Q104098715":{"code":104098715,"name":"territorial entity type","p":3,"type":104098715},"Q2221906":{"code":2221906,"name":"geo","p":3,"type":2221906},"Q19953632":{"code":19953632,"name":"former admin","p":15893266,"type":19953632},"Q5962346":{"code":5962346,"name":"classification system","p":24017414,"type":5962346},"Q11834037":{"code":11834037,"name":"physico-geographical regionalization","p":5962346,"type":11834037},"Q25894868":{"code":25894868,"name":"place type","p":24017414,"type":25894868},"Q41710":{"code":41710,"name":"ethnic group","p":24017414,"type":41710},"Q23442":{"code":23442,"name":"island","p":25894868,"type":23442},"Q15617994":{"code":15617994,"name":"designation for an administrative territorial entity","p":24017414,"type":15617994},"Q111972893":{"code":111972893,"name":"type of structure","p":24017414,"type":111972893},"Q811979":{"code":811979,"name":"architectural structure","p":111972893,"type":811979},"Q41176":{"code":41176,"name":"building","p":811979,"type":41176},"Q96084375":{"code":96084375,"name":"former building or structure","p":41176,"type":96084375},"Q12292478":{"code":12292478,"name":"estate","p":811979,"type":12292478},"Q875157":{"code":875157,"name":"resort","p":12292478,"type":875157},"Q699405":{"code":699405,"name":"residence","p":811979,"type":699405},"Q5890494":{"code":5890494,"name":"homestead","p":699405,"type":5890494},"Q11755880":{"code":11755880,"name":"residential building","p":699405,"type":11755880},"Q113489728":{"code":113489728,"name":"OECD country","p":183039,"type":113489728},"Q1307214":{"code":1307214,"name":"form of government","p":183039,"type":1307214},"Q6256":{"code":6256,"name":"country","p":183039,"type":6256},"Q171308":{"code":171308,"name":"oblast","p":56061,"type":171308},"Q15621274":{"code":15621274,"name":"enclave or exclave","p":56061,"type":15621274},"Q3024240":{"code":3024240,"name":"historical country","p":19953632,"type":3024240},"Q12076836":{"code":12076836,"name":"of a single country","p":56061,"type":12076836},"Q2520520":{"code":2520520,"name":"administrative territorial entity of Hungary","p":12076836,"type":2520520},"Q697379":{"code":697379,"name":"administrative territorial entity of Romania","p":12076836,"type":697379},"Q15620181":{"code":15620181,"name":"administrative territorial entity of Estonia","p":12076836,"type":15620181},"Q1799794":{"code":1799794,"name":"By level","p":56061,"type":1799794},"Q788176":{"code":788176,"name":"autonomous administrative territorial entity","p":56061,"type":788176},"Q10864048":{"code":10864048,"name":"A1","p":1799794,"type":10864048},"Q13220204":{"code":13220204,"name":"A2","p":1799794,"type":13220204},"Q13221722":{"code":13221722,"name":"A3","p":1799794,"type":13221722},"Q14757767":{"code":14757767,"name":"A4","p":1799794,"type":14757767},"Q4976993":{"code":4976993,"name":"civil parish","p":14757767,"type":4976993},"Q7275":{"code":7275,"name":"state","p":56061,"type":7275},"Q702492":{"code":702492,"name":"urban area","p":486972,"type":702492},"Q515":{"code":515,"name":"city","p":486972,"type":515},"Q532":{"code":532,"name":"village","p":486972,"type":532},"Q618299":{"code":618299,"name":"settlement","p":486972,"type":618299},"Q15284":{"code":15284,"name":"municipality","p":486972,"type":15284},"Q15253706":{"code":15253706,"name":"like a city","p":486972,"type":15253706},"Q244793":{"code":244793,"name":"twin cities","p":486972,"type":244793},"Q676050":{"code":676050,"name":"old town","p":486972,"type":676050},"Q1782540":{"code":1782540,"name":"railway town","p":486972,"type":1782540},"Q98966309":{"code":98966309,"name":"classification of human settlements","p":486972,"type":98966309},"Q7930989":{"code":7930989,"name":"city or town","p":486972,"type":7930989},"Q33829":{"code":33829,"name":"human population","p":2625603,"type":33829},"Q1492823":{"code":1492823,"name":"ecclesiastical district","p":51041800,"type":1492823},"Q20926517":{"code":20926517,"name":"religious administrative territorial entity","p":51041800,"type":20926517},"Q665487":{"code":665487,"name":"diocese","p":20926517,"type":665487},"Q471855":{"code":471855,"name":"jurisdiction","p":659390,"type":471855},"Q2665272":{"code":2665272,"name":"Ecclesiastical circumscription immediately subject to the Holy See","p":471855,"type":2665272},"Q618123":{"code":618123,"name":"geographical feature","p":2221906,"type":618123},"Q1291195":{"code":1291195,"name":"place of discovery","p":618123,"type":1291195},"Q82794":{"code":82794,"name":"geographic region","p":618123,"type":82794},"Q106589819":{"code":106589819,"name":"elevation","p":618123,"type":106589819},"Q74817647":{"code":74817647,"name":"aspect in a geographic region","p":82794,"type":74817647},"Q205895":{"code":205895,"name":"landmass","p":82794,"type":205895},"Q183366":{"code":183366,"name":"territory","p":82794,"type":183366},"Q4835091":{"code":4835091,"name":"territory","p":82794,"type":4835091},"Q15642541":{"code":15642541,"name":"human-geographic territorial entity","p":183366,"type":15642541},"Q74047":{"code":74047,"name":"ghost town","p":98966309,"type":74047},"Q123705":{"code":123705,"name":"neighborhood","p":486972,"type":123705},"Q159313":{"code":159313,"name":"urban agglomeration","p":702492,"type":159313},"Q162602":{"code":162602,"name":"river island","p":23442,"type":162602},"Q171441":{"code":171441,"name":"enclave","p":15621274,"type":171441},"Q3957":{"code":3957,"name":"town","p":98966309,"type":3957},"Q192611":{"code":192611,"name":"electoral district","p":56061,"type":192611},"Q269528":{"code":269528,"name":"unincorporated area","p":486972,"type":269528},"Q33837":{"code":33837,"name":"archipelago","p":205895,"type":33837},"Q200250":{"code":200250,"name":"metropolis","p":486972,"type":200250},"Q5084":{"code":5084,"name":"hamlet","p":15617994,"type":5084},"Q738570":{"code":738570,"name":"central business district","p":123705,"type":738570},"Q839954":{"code":839954,"name":"archaeological site","p":1291195,"type":839954},"Q1074523":{"code":1074523,"name":"planned community","p":486972,"type":1074523},"Q1187811":{"code":1187811,"name":"college town","p":515,"type":1187811},"Q5119":{"code":5119,"name":"capital city","p":515,"type":5119},"Q7209617":{"code":7209617,"name":"police village","p":269528,"type":7209617},"Q7574919":{"code":7574919,"name":"specialized municipality in Alberta","p":15284,"type":7574919},"Q11197007":{"code":11197007,"name":"ethnoreligious group","p":41710,"type":11197007},"Q5107":{"code":5107,"name":"continent","p":205895,"type":5107},"Q855697":{"code":855697,"name":"subcontinent","p":82794,"type":855697},"Q36747":{"code":36747,"name":"indigenous peoples of the Americas","p":41710,"type":36747},"Q2288631":{"code":2288631,"name":"archeparchy","p":20926517,"type":2288631},"Q15092400":{"code":15092400,"name":"independent city","p":515,"type":15092400},"Q863284":{"code":863284,"name":"Indigenous people in Canada","p":41710,"type":863284},"Q902814":{"code":902814,"name":"border town","p":7930989,"type":902814},"Q1402592":{"code":1402592,"name":"island group","p":82794,"type":1402592},"Q2973938":{"code":2973938,"name":"electoral district of Canada","p":192611,"type":2973938},"Q2983893":{"code":2983893,"name":"quarter","p":56061,"type":2983893},"Q2989457":{"code":2989457,"name":"urban-type settlement","p":486972,"type":2989457},"Q3327874":{"code":3327874,"name":"rural municipality of Canada","p":15617994,"type":3327874},"Q1048835":{"code":1048835,"name":"political territorial entity","p":56061,"type":1048835},"Q3327899":{"code":3327899,"name":"municipality of Ontario","p":1048835,"type":3327899},"Q3558965":{"code":3558965,"name":"Cree village","p":532,"type":3558965},"Q3624078":{"code":3624078,"name":"sovereign state","p":6256,"type":3624078},"Q3146899":{"code":3146899,"name":"diocese of the Catholic Church","p":665487,"type":3146899},"Q27780831":{"code":27780831,"name":"lost Roman Catholic diocese","p":3146899,"type":27780831},"Q28203007":{"code":28203007,"name":"administrative sector","p":56061,"type":28203007},"Q28790362":{"code":28790362,"name":"ethnic community","p":41710,"type":28790362},"Q28916128":{"code":28916128,"name":"local government district","p":15284,"type":28916128},"Q44551483":{"code":44551483,"name":"city in Newfoundland and Labrador","p":515,"type":44551483},"Q1065592":{"code":1065592,"name":"desert island","p":23442,"type":1065592},"Q1549591":{"code":1549591,"name":"big city","p":98966309,"type":1549591},"Q1637706":{"code":1637706,"name":"million city","p":1549591,"type":1637706},"Q5154611":{"code":5154611,"name":"community","p":15617994,"type":5154611},"Q105419665":{"code":105419665,"name":"Roman Catholic archdiocese not metropolitan","p":51041800,"type":105419665},"Q106071744":{"code":106071744,"name":"former town","p":98966309,"type":106071744},"Q108822885":{"code":108822885,"name":"Catholic Metropolitan Archieparchy","p":51041800,"type":108822885},"Q20538317":{"code":20538317,"name":"village in Saskatchewan","p":532,"type":20538317},"Q115861271":{"code":115861271,"name":"northern village","p":20538317,"type":115861271},"Q115916908":{"code":115916908,"name":"electoral area of British Columbia","p":15617994,"type":115916908},"Q3257686":{"code":3257686,"name":"locality","p":486972,"type":3257686},"Q27676416":{"code":27676416,"name":"city or town","p":1048835,"type":27676416},"Q20203616":{"code":20203616,"name":"Indian reservation","p":15617994,"type":20203616},"Q20725872":{"code":20725872,"name":"Eastern Catholic eparchy","p":20926517,"type":20725872},"Q50330360":{"code":50330360,"name":"second largest city","p":7930989,"type":50330360},"Q51929311":{"code":51929311,"name":"largest city","p":7930989,"type":51929311},"Q52132873":{"code":52132873,"name":"town in New Brunswick","p":3957,"type":52132873},"Q2264924":{"code":2264924,"name":"port settlement","p":515,"type":2264924},"Q6641762":{"code":6641762,"name":"summer village in Alberta","p":15284,"type":6641762},"Q15239622":{"code":15239622,"name":"disputed territory","p":183366,"type":15239622},"Q2882257":{"code":2882257,"name":"First Nation band","p":56061,"type":2882257},"Q3308596":{"code":3308596,"name":"mayor–council government","p":1307214,"type":3308596},"Q3327871":{"code":3327871,"name":"district municipality","p":15284,"type":3327871},"Q3788231":{"code":3788231,"name":"municipal government in Canada","p":15284,"type":3788231},"Q3327873":{"code":3327873,"name":"local municipality of Quebec","p":3788231,"type":3327873},"Q1907114":{"code":1907114,"name":"metropolitan area","p":56061,"type":1907114},"Q3732788":{"code":3732788,"name":"apostolic exarchate","p":1492823,"type":3732788},"Q4286337":{"code":4286337,"name":"city district","p":56061,"type":4286337},"Q17366755":{"code":17366755,"name":"hamlet in Alberta","p":269528,"type":17366755},"Q17457202":{"code":17457202,"name":"population centre","p":702492,"type":17457202},"Q19730508":{"code":19730508,"name":"former municipality","p":15284,"type":19730508},"Q55430416":{"code":55430416,"name":"town in Alberta","p":3957,"type":55430416},"Q55440238":{"code":55440238,"name":"city in Alberta","p":515,"type":55440238},"Q55998242":{"code":55998242,"name":"administrative region of Quebec","p":15617994,"type":55998242},"Q56885635":{"code":56885635,"name":"dispersed rural community","p":269528,"type":56885635},"Q59341087":{"code":59341087,"name":"town in Nova Scotia","p":3788231,"type":59341087},"Q60458065":{"code":60458065,"name":"city in British Columbia","p":515,"type":60458065},"Q60740115":{"code":60740115,"name":"Resort municipality","p":15284,"type":60740115},"Q105389481":{"code":105389481,"name":"Greek-Catholic eparchy","p":20926517,"type":105389481},"Q85796467":{"code":85796467,"name":"regional district","p":13220204,"type":85796467},"Q88397339":{"code":88397339,"name":"railway point in Canada","p":486972,"type":88397339},"Q2774769":{"code":2774769,"name":"","p":486972,"type":2774769},"Q-1":{"code":-1,"name":"INVALID","p":3,"type":-1},"Q-2":{"code":-2,"name":"EXCLUDED","p":3,"type":-2},"Q30059":{"code":30059,"name":"arrondissement (Q30059)","p":-1,"type":30059},"Q44613":{"code":44613,"name":"monastery (Q44613)","p":-1,"type":44613},"Q44782":{"code":44782,"name":"port (Q44782)","p":-1,"type":44782},"Q46169":{"code":46169,"name":"national park (Q46169)","p":-1,"type":46169},"Q63100":{"code":63100,"name":"urban design (Q63100)","p":-1,"type":63100},"Q124282":{"code":124282,"name":"dock (Q124282)","p":-1,"type":124282},"Q149621":{"code":149621,"name":"district (Q149621)","p":-1,"type":149621},"Q151885":{"code":151885,"name":"concept (Q151885)","p":-1,"type":151885},"Q208511":{"code":208511,"name":"global city (Q208511)","p":-1,"type":208511},"Q290649":{"code":290649,"name":"list of communities in British Columbia (Q290649)","p":-1,"type":290649},"Q688718":{"code":688718,"name":"administrative territorial entity of Quebec (Q688718)","p":-1,"type":688718},"Q866196":{"code":866196,"name":"episcopal see (Q866196)","p":-1,"type":866196},"Q874405":{"code":874405,"name":"social group (Q874405)","p":-1,"type":874405},"Q937228":{"code":937228,"name":"property (Q937228)","p":-1,"type":937228},"Q960648":{"code":960648,"name":"point of interest (Q960648)","p":-1,"type":960648},"Q1030034":{"code":1030034,"name":"GLAM (Q1030034)","p":-1,"type":1030034},"Q1053463":{"code":1053463,"name":"census geographic unit of Canada (Q1053463)","p":-1,"type":1053463},"Q1160920":{"code":1160920,"name":"unitary authority (Q1160920)","p":-1,"type":1160920},"Q1165944":{"code":1165944,"name":"land use (Q1165944)","p":-1,"type":1165944},"Q1497375":{"code":1497375,"name":"architectural ensemble (Q1497375)","p":-1,"type":1497375},"Q1839674":{"code":1839674,"name":"lands inhabited by indigenous peoples (Q1839674)","p":-1,"type":1839674},"Q1924376":{"code":1924376,"name":"monitoring station (Q1924376)","p":-1,"type":1924376},"Q1970725":{"code":1970725,"name":"natural region (Q1970725)","p":-1,"type":1970725},"Q2218838":{"code":2218838,"name":"list of municipalities in Nova Scotia (Q2218838)","p":-1,"type":2218838},"Q2416047":{"code":2416047,"name":"list of communities in Alberta (Q2416047)","p":-1,"type":2416047},"Q2936646":{"code":2936646,"name":"township of Canada (Q2936646)","p":-1,"type":2936646},"Q2991484":{"code":2991484,"name":"county of Canada (Q2991484)","p":-1,"type":2991484},"Q3111821":{"code":3111821,"name":"list of communities in New Brunswick (Q3111821)","p":-1,"type":3111821},"Q3409269":{"code":3409269,"name":"statistical unit (Q3409269)","p":-1,"type":3409269},"Q3518810":{"code":3518810,"name":"unorganized area of Canada (Q3518810)","p":-1,"type":3518810},"Q3702971":{"code":3702971,"name":"personal data (Q3702971)","p":-2,"type":3702971},"Q4167410":{"code":4167410,"name":"Wikimedia disambiguation page (Q4167410)","p":-1,"type":4167410},"Q4167836":{"code":4167836,"name":"Wikimedia category (Q4167836)","p":-1,"type":4167836},"Q4303352":{"code":4303352,"name":"passenger ship terminal (Q4303352)","p":-1,"type":4303352},"Q5030865":{"code":5030865,"name":"provincial/territorial electoral district in Canada (Q5030865)","p":-1,"type":5030865},"Q5162954":{"code":5162954,"name":"conservation designation (Q5162954)","p":-1,"type":5162954},"Q10541491":{"code":10541491,"name":"legal form (Q10541491)","p":-1,"type":10541491},"Q11755959":{"code":11755959,"name":"multi-storey urban building (Q11755959)","p":-1,"type":11755959},"Q12139612":{"code":12139612,"name":"list (Q12139612)","p":-1,"type":12139612},"Q13406463":{"code":13406463,"name":"Wikimedia list article (Q13406463)","p":-1,"type":13406463},"Q15700808":{"code":15700808,"name":"urban unit definition (Q15700808)","p":-1,"type":15700808},"Q16334295":{"code":16334295,"name":"group of humans (Q16334295)","p":-1,"type":16334295},"Q17852731":{"code":17852731,"name":"mark (Q17852731)","p":-1,"type":17852731},"Q25397890":{"code":25397890,"name":"type of library (Q25397890)","p":-1,"type":25397890},"Q28872924":{"code":28872924,"name":"designation for an administrative territorial entity of a single country (Q28872924)","p":-1,"type":28872924},"Q30634609":{"code":30634609,"name":"heritage designation (Q30634609)","p":-1,"type":30634609},"Q33104069":{"code":33104069,"name":"political concept (Q33104069)","p":-1,"type":33104069},"Q47455491":{"code":47455491,"name":"municipal electoral district in Canada (Q47455491)","p":-1,"type":47455491},"Q48834786":{"code":48834786,"name":"Local service district (Q48834786)","p":-1,"type":48834786},"Q60029820":{"code":60029820,"name":"FFH-Habitat (Q60029820)","p":-1,"type":60029820},"Q96196009":{"code":96196009,"name":"undefined (Q96196009)","p":-1,"type":96196009},"Q108788952":{"code":108788952,"name":"undefined (Q108788952)","p":-1,"type":108788952},"Q111737478":{"code":111737478,"name":"undefined (Q111737478)","p":-1,"type":111737478},"Q-3":{"code":-3,"name":"UNLINKED","p":3,"type":-3},"Q155239":{"code":155239,"name":"Indian reservation of Canada (Q155239)","p":-3,"type":155239},"Q190107":{"code":190107,"name":"weather station (Q190107)","p":-3,"type":190107},"Q190928":{"code":190928,"name":"shipyard (Q190928)","p":-3,"type":190928},"Q160742":{"code":160742,"name":"abbey (Q160742)","p":-3,"type":160742},"Q184358":{"code":184358,"name":"reef (Q184358)","p":-3,"type":184358},"Q188443":{"code":188443,"name":"micronation (Q188443)","p":-3,"type":188443},"Q295469":{"code":295469,"name":"ecoregion (Q295469)","p":-3,"type":295469},"Q570116":{"code":570116,"name":"tourist attraction (Q570116)","p":-3,"type":570116},"Q18142":{"code":18142,"name":"high-rise building (Q18142)","p":-3,"type":18142},"Q28564":{"code":28564,"name":"public library (Q28564)","p":-3,"type":28564},"Q49297":{"code":49297,"name":"Native Americans in the United States (Q49297)","p":-3,"type":49297},"Q43229":{"code":43229,"name":"organization (Q43229)","p":-3,"type":43229},"Q195339":{"code":195339,"name":"research station (Q195339)","p":-3,"type":195339},"Q188509":{"code":188509,"name":"suburb (Q188509)","p":-3,"type":188509},"Q578521":{"code":578521,"name":"borough of Montreal (Q578521)","p":-3,"type":578521},"Q603715":{"code":603715,"name":"county of New Brunswick (Q603715)","p":-3,"type":603715},"Q1139892":{"code":1139892,"name":"Important Bird Area (Q1139892)","p":-3,"type":1139892},"Q620225":{"code":620225,"name":"apostolic vicariate (Q620225)","p":-3,"type":620225},"Q6644703":{"code":6644703,"name":"list of villages in British Columbia (Q6644703)","p":-3,"type":6644703},"Q6644759":{"code":6644759,"name":"village of New Brunswick (Q6644759)","p":-3,"type":6644759},"Q9357527":{"code":9357527,"name":"territory of Canada (Q9357527)","p":-3,"type":9357527},"Q6266":{"code":6266,"name":"nation (Q6266)","p":-3,"type":6266},"Q204613":{"code":204613,"name":"regional county municipality (Q204613)","p":-3,"type":204613},"Q674950":{"code":674950,"name":"residential area (Q674950)","p":-3,"type":674950},"Q2326815":{"code":2326815,"name":"municipal library (Q2326815)","p":-3,"type":2326815},"Q2472587":{"code":2472587,"name":"people (Q2472587)","p":-3,"type":2472587},"Q11774771":{"code":11774771,"name":"county of Nova Scotia (Q11774771)","p":-3,"type":11774771},"Q11828004":{"code":11828004,"name":"province of Canada (Q11828004)","p":-3,"type":11828004},"Q14465918":{"code":14465918,"name":"provincial historic resource (Q14465918)","p":-3,"type":14465918},"Q14762205":{"code":14762205,"name":"municipal district of Alberta (Q14762205)","p":-3,"type":14762205},"Q14762300":{"code":14762300,"name":"single-tier municipality (Q14762300)","p":-3,"type":14762300},"Q14762890":{"code":14762890,"name":"regional municipality of Ontario (Q14762890)","p":-3,"type":14762890},"Q7075":{"code":7075,"name":"library (Q7075)","p":-3,"type":7075},"Q231002":{"code":231002,"name":"nationality (Q231002)","p":-3,"type":231002},"Q15210668":{"code":15210668,"name":"lower-tier municipality (Q15210668)","p":-3,"type":15210668},"Q15217609":{"code":15217609,"name":"titular see (Q15217609)","p":-3,"type":15217609},"Q14763041":{"code":14763041,"name":"county of Ontario (Q14763041)","p":-3,"type":14763041},"Q14763130":{"code":14763130,"name":"district of Ontario (Q14763130)","p":-3,"type":14763130},"Q15063368":{"code":15063368,"name":"federal electoral district in Manitoba (Q15063368)","p":-3,"type":15063368},"Q15063373":{"code":15063373,"name":"federal electoral district in New Brunswick (Q15063373)","p":-3,"type":15063373},"Q15063379":{"code":15063379,"name":"federal electoral district in Newfoundland and Labrador (Q15063379)","p":-3,"type":15063379},"Q15063384":{"code":15063384,"name":"federal electoral district in Nova Scotia (Q15063384)","p":-3,"type":15063384},"Q15063391":{"code":15063391,"name":"federal electoral district in Prince Edward Island (Q15063391)","p":-3,"type":15063391},"Q15063395":{"code":15063395,"name":"federal electoral district in Saskatchewan (Q15063395)","p":-3,"type":15063395},"Q1195098":{"code":1195098,"name":"ward (Q1195098)","p":-3,"type":1195098},"Q1388464":{"code":1388464,"name":"regional municipality in Canada (Q1388464)","p":-3,"type":1388464},"Q19905455":{"code":19905455,"name":"borough (Q19905455)","p":-3,"type":19905455},"Q1478783":{"code":1478783,"name":"ferry port (Q1478783)","p":-3,"type":1478783},"Q1536372":{"code":1536372,"name":"census division of Ontario (Q1536372)","p":-3,"type":1536372},"Q3497366":{"code":3497366,"name":"whaling station (Q3497366)","p":-3,"type":3497366},"Q3518817":{"code":3518817,"name":"no label (Q3518817)","p":-3,"type":3518817},"Q3559003":{"code":3559003,"name":"no label (Q3559003)","p":-3,"type":3559003},"Q27676422":{"code":27676422,"name":"no label (Q27676422)","p":-3,"type":27676422},"Q27676424":{"code":27676424,"name":"no label (Q27676424)","p":-3,"type":27676424},"Q27676428":{"code":27676428,"name":"no label (Q27676428)","p":-3,"type":27676428},"Q27676431":{"code":27676431,"name":"no label (Q27676431)","p":-3,"type":27676431},"Q27676524":{"code":27676524,"name":"no label (Q27676524)","p":-3,"type":27676524},"Q27824520":{"code":27824520,"name":"no label (Q27824520)","p":-3,"type":27824520},"Q44529188":{"code":44529188,"name":"no label (Q44529188)","p":-3,"type":44529188},"Q47486824":{"code":47486824,"name":"no label (Q47486824)","p":-3,"type":47486824},"Q1066984":{"code":1066984,"name":"no label (Q1066984)","p":-3,"type":1066984},"Q11303":{"code":11303,"name":"no label (Q11303)","p":-3,"type":11303},"Q2097994":{"code":2097994,"name":"no label (Q2097994)","p":-3,"type":2097994},"Q5532181":{"code":5532181,"name":"no label (Q5532181)","p":-3,"type":5532181},"Q956318":{"code":956318,"name":"no label (Q956318)","p":-3,"type":956318},"Q4298922":{"code":4298922,"name":"no label (Q4298922)","p":-3,"type":4298922},"Q4711849":{"code":4711849,"name":"no label (Q4711849)","p":-3,"type":4711849},"Q4895393":{"code":4895393,"name":"no label (Q4895393)","p":-3,"type":4895393},"Q105390172":{"code":105390172,"name":"no label (Q105390172)","p":-3,"type":105390172},"Q115860085":{"code":115860085,"name":"no label (Q115860085)","p":-3,"type":115860085},"Q3032041":{"code":3032041,"name":"no label (Q3032041)","p":-3,"type":3032041},"Q3117863":{"code":3117863,"name":"no label (Q3117863)","p":-3,"type":3117863},"Q3248048":{"code":3248048,"name":"no label (Q3248048)","p":-3,"type":3248048},"Q3252927":{"code":3252927,"name":"no label (Q3252927)","p":-3,"type":3252927},"Q21507383":{"code":21507383,"name":"no label (Q21507383)","p":-3,"type":21507383},"Q23953065":{"code":23953065,"name":"no label (Q23953065)","p":-3,"type":23953065},"Q27676420":{"code":27676420,"name":"no label (Q27676420)","p":-3,"type":27676420},"Q6593033":{"code":6593033,"name":"no label (Q6593033)","p":-3,"type":6593033},"Q6593035":{"code":6593035,"name":"no label (Q6593035)","p":-3,"type":6593035},"Q6609748":{"code":6609748,"name":"no label (Q6609748)","p":-3,"type":6609748},"Q6007853":{"code":6007853,"name":"no label (Q6007853)","p":-3,"type":6007853},"Q6593031":{"code":6593031,"name":"no label (Q6593031)","p":-3,"type":6593031},"Q6609799":{"code":6609799,"name":"no label (Q6609799)","p":-3,"type":6609799},"Q6619312":{"code":6619312,"name":"no label (Q6619312)","p":-3,"type":6619312},"Q6644696":{"code":6644696,"name":"no label (Q6644696)","p":-3,"type":6644696},"Q15219391":{"code":15219391,"name":"no label (Q15219391)","p":-3,"type":15219391},"Q15234658":{"code":15234658,"name":"no label (Q15234658)","p":-3,"type":15234658},"Q15235045":{"code":15235045,"name":"no label (Q15235045)","p":-3,"type":15235045},"Q2531956":{"code":2531956,"name":"no label (Q2531956)","p":-3,"type":2531956},"Q2543447":{"code":2543447,"name":"no label (Q2543447)","p":-3,"type":2543447},"Q2826814":{"code":2826814,"name":"no label (Q2826814)","p":-3,"type":2826814},"Q1850664":{"code":1850664,"name":"no label (Q1850664)","p":-3,"type":1850664},"Q1896949":{"code":1896949,"name":"no label (Q1896949)","p":-3,"type":1896949},"Q3750285":{"code":3750285,"name":"no label (Q3750285)","p":-3,"type":3750285},"Q17202187":{"code":17202187,"name":"no label (Q17202187)","p":-3,"type":17202187},"Q15731904":{"code":15731904,"name":"no label (Q15731904)","p":-3,"type":15731904},"Q16211218":{"code":16211218,"name":"no label (Q16211218)","p":-3,"type":16211218},"Q16295254":{"code":16295254,"name":"no label (Q16295254)","p":-3,"type":16295254},"Q16466688":{"code":16466688,"name":"no label (Q16466688)","p":-3,"type":16466688},"Q17143723":{"code":17143723,"name":"no label (Q17143723)","p":-3,"type":17143723},"Q17344046":{"code":17344046,"name":"no label (Q17344046)","p":-3,"type":17344046},"Q17457753":{"code":17457753,"name":"no label (Q17457753)","p":-3,"type":17457753},"Q18285253":{"code":18285253,"name":"no label (Q18285253)","p":-3,"type":18285253},"Q18810091":{"code":18810091,"name":"no label (Q18810091)","p":-3,"type":18810091},"Q17290932":{"code":17290932,"name":"no label (Q17290932)","p":-3,"type":17290932},"Q55774719":{"code":55774719,"name":"no label (Q55774719)","p":-3,"type":55774719},"Q81064299":{"code":81064299,"name":"no label (Q81064299)","p":-3,"type":81064299},"Q81066200":{"code":81066200,"name":"no label (Q81066200)","p":-3,"type":81066200},"Q104782082":{"code":104782082,"name":"no label (Q104782082)","p":-3,"type":104782082},"Q96759164":{"code":96759164,"name":"no label (Q96759164)","p":-3,"type":96759164},"Q104044090":{"code":104044090,"name":"no label (Q104044090)","p":-3,"type":104044090},"Q241060":{"code":241060,"name":"no label (Q241060)","p":-3,"type":241060},"Q29386689":{"code":29386689,"name":"no label (Q29386689)","p":-3,"type":29386689}}