{"Q3":{"code":3,"name":"ROOT","type":634},"Q24017414":{"code":24017414,"name":"MISC","p":3,"type":24017414},"Q183039":{"code":183039,"name":"COUNTRY","p":3,"type":183039},"Q486972":{"code":486972,"name":"settled","p":3,"type":486972},"Q51041800":{"code":51041800,"name":"religious","p":3,"type":51041800},"Q659390":{"code":659390,"name":"construct","p":3,"type":659390},"Q2221906":{"code":2221906,"name":"geo","p":3,"type":2221906},"Q25894868":{"code":25894868,"name":"place type","p":24017414,"type":25894868},"Q23442":{"code":23442,"name":"island","p":25894868,"type":23442},"Q6256":{"code":6256,"name":"country","p":183039,"type":6256},"Q515":{"code":515,"name":"city","p":486972,"type":515},"Q20926517":{"code":20926517,"name":"religious administrative territorial entity","p":51041800,"type":20926517},"Q665487":{"code":665487,"name":"diocese","p":20926517,"type":665487},"Q471855":{"code":471855,"name":"jurisdiction","p":659390,"type":471855},"Q2665272":{"code":2665272,"name":"Ecclesiastical circumscription immediately subject to the Holy See","p":471855,"type":2665272},"Q618123":{"code":618123,"name":"geographical feature","p":2221906,"type":618123},"Q82794":{"code":82794,"name":"geographic region","p":618123,"type":82794},"Q106589819":{"code":106589819,"name":"elevation","p":618123,"type":106589819},"Q205895":{"code":205895,"name":"landmass","p":82794,"type":205895},"Q5119":{"code":5119,"name":"capital city","p":515,"type":5119},"Q8502":{"code":8502,"name":"mountain","p":106589819,"type":8502},"Q33837":{"code":33837,"name":"archipelago","p":205895,"type":33837},"Q112099":{"code":112099,"name":"island nation","p":6256,"type":112099},"Q3624078":{"code":3624078,"name":"sovereign state","p":6256,"type":3624078},"Q3146899":{"code":3146899,"name":"diocese of the Catholic Church","p":665487,"type":3146899},"Q3502482":{"code":3502482,"name":"cultural region","p":82794,"type":3502482},"Q503269":{"code":503269,"name":"seamount","p":8502,"type":503269},"Q1161185":{"code":1161185,"name":"high island","p":23442,"type":1161185},"Q-3":{"code":-3,"name":"UNLINKED","p":3,"type":-3},"Q8072":{"code":8072,"name":"volcano (Q8072)","p":-3,"type":8072},"Q169358":{"code":169358,"name":"stratovolcano (Q169358)","p":-3,"type":169358},"Q16887380":{"code":16887380,"name":"group (Q16887380)","p":-3,"type":16887380},"Q20740204":{"code":20740204,"name":"division of Tonga (Q20740204)","p":-3,"type":20740204}}