{"Q3":{"code":3,"name":"ROOT","type":634},"Q183039":{"code":183039,"name":"COUNTRY","p":3,"type":183039},"Q486972":{"code":486972,"name":"settled","p":3,"type":486972},"Q6256":{"code":6256,"name":"country","p":183039,"type":6256},"Q515":{"code":515,"name":"city","p":486972,"type":515},"Q532":{"code":532,"name":"village","p":486972,"type":532},"Q15284":{"code":15284,"name":"municipality","p":486972,"type":15284},"Q98966309":{"code":98966309,"name":"classification of human settlements","p":486972,"type":98966309},"Q7930989":{"code":7930989,"name":"city or town","p":486972,"type":7930989},"Q3957":{"code":3957,"name":"town","p":98966309,"type":3957},"Q5119":{"code":5119,"name":"capital city","p":515,"type":5119},"Q24279":{"code":24279,"name":"parish of Andorra","p":15284,"type":24279},"Q11939023":{"code":11939023,"name":"núcleo de población","p":98966309,"type":11939023},"Q41108733":{"code":41108733,"name":"settlement of Andorra","p":486972,"type":41108733},"Q902814":{"code":902814,"name":"border town","p":7930989,"type":902814},"Q3624078":{"code":3624078,"name":"sovereign state","p":6256,"type":3624078},"Q-3":{"code":-3,"name":"UNLINKED","p":3,"type":-3},"Q133056":{"code":133056,"name":"mountain pass (Q133056)","p":-3,"type":133056}}