{"Q3":{"code":3,"name":"ROOT","type":634},"Q24017414":{"code":24017414,"name":"MISC","p":3,"type":24017414},"Q183039":{"code":183039,"name":"COUNTRY","p":3,"type":183039},"Q56061":{"code":56061,"name":"admin","p":3,"type":56061},"Q486972":{"code":486972,"name":"settled","p":3,"type":486972},"Q2625603":{"code":2625603,"name":"population","p":3,"type":2625603},"Q2221906":{"code":2221906,"name":"geo","p":3,"type":2221906},"Q41710":{"code":41710,"name":"ethnic group","p":24017414,"type":41710},"Q6256":{"code":6256,"name":"country","p":183039,"type":6256},"Q12076836":{"code":12076836,"name":"of a single country","p":56061,"type":12076836},"Q1799794":{"code":1799794,"name":"By level","p":56061,"type":1799794},"Q10864048":{"code":10864048,"name":"A1","p":1799794,"type":10864048},"Q13220204":{"code":13220204,"name":"A2","p":1799794,"type":13220204},"Q13221722":{"code":13221722,"name":"A3","p":1799794,"type":13221722},"Q515":{"code":515,"name":"city","p":486972,"type":515},"Q532":{"code":532,"name":"village","p":486972,"type":532},"Q98966309":{"code":98966309,"name":"classification of human settlements","p":486972,"type":98966309},"Q7930989":{"code":7930989,"name":"city or town","p":486972,"type":7930989},"Q33829":{"code":33829,"name":"human population","p":2625603,"type":33829},"Q618123":{"code":618123,"name":"geographical feature","p":2221906,"type":618123},"Q5119":{"code":5119,"name":"capital city","p":515,"type":5119},"Q123480":{"code":123480,"name":"landlocked country","p":6256,"type":123480},"Q1549591":{"code":1549591,"name":"big city","p":98966309,"type":1549591},"Q902814":{"code":902814,"name":"border town","p":7930989,"type":902814},"Q3624078":{"code":3624078,"name":"sovereign state","p":6256,"type":3624078},"Q693039":{"code":693039,"name":"region of Kyrgyzstan","p":10864048,"type":693039},"Q2989457":{"code":2989457,"name":"urban-type settlement","p":486972,"type":2989457},"Q4389100":{"code":4389100,"name":"district of Kyrgyzstan","p":13220204,"type":4389100},"Q4533081":{"code":4533081,"name":"ethnolinguistic group","p":41710,"type":4533081},"Q7270":{"code":7270,"name":"republic","p":183039,"type":7270},"Q15623974":{"code":15623974,"name":"administrative territorial entity of Kyrgyzstan","p":12076836,"type":15623974},"Q30970870":{"code":30970870,"name":"","p":13221722,"type":30970870},"Q-3":{"code":-3,"name":"UNLINKED","p":3,"type":-3},"Q231002":{"code":231002,"name":"nationality (Q231002)","p":-3,"type":231002},"Q1431554":{"code":1431554,"name":"apostolic administration (Q1431554)","p":-3,"type":1431554},"Q2472587":{"code":2472587,"name":"people (Q2472587)","p":-3,"type":2472587},"Q769696":{"code":769696,"name":"ethnic minority (Q769696)","p":-3,"type":769696},"Q6266":{"code":6266,"name":"nation (Q6266)","p":-3,"type":6266},"Q20719675":{"code":20719675,"name":"raion of the Soviet Union (Q20719675)","p":-3,"type":20719675},"Q6017815":{"code":6017815,"name":"kishlak (Q6017815)","p":-3,"type":6017815}}