{"Q3":{"code":3,"name":"ROOT","type":634},"Q24017414":{"code":24017414,"name":"MISC","p":3,"type":24017414},"Q183039":{"code":183039,"name":"COUNTRY","p":3,"type":183039},"Q56061":{"code":56061,"name":"admin","p":3,"type":56061},"Q486972":{"code":486972,"name":"settled","p":3,"type":486972},"Q2625603":{"code":2625603,"name":"population","p":3,"type":2625603},"Q51041800":{"code":51041800,"name":"religious","p":3,"type":51041800},"Q659390":{"code":659390,"name":"construct","p":3,"type":659390},"Q2221906":{"code":2221906,"name":"geo","p":3,"type":2221906},"Q25894868":{"code":25894868,"name":"place type","p":24017414,"type":25894868},"Q41710":{"code":41710,"name":"ethnic group","p":24017414,"type":41710},"Q23442":{"code":23442,"name":"island","p":25894868,"type":23442},"Q15617994":{"code":15617994,"name":"designation for an administrative territorial entity","p":24017414,"type":15617994},"Q1307214":{"code":1307214,"name":"form of government","p":183039,"type":1307214},"Q6256":{"code":6256,"name":"country","p":183039,"type":6256},"Q1799794":{"code":1799794,"name":"By level","p":56061,"type":1799794},"Q10864048":{"code":10864048,"name":"A1","p":1799794,"type":10864048},"Q515":{"code":515,"name":"city","p":486972,"type":515},"Q532":{"code":532,"name":"village","p":486972,"type":532},"Q15284":{"code":15284,"name":"municipality","p":486972,"type":15284},"Q676050":{"code":676050,"name":"old town","p":486972,"type":676050},"Q98966309":{"code":98966309,"name":"classification of human settlements","p":486972,"type":98966309},"Q7930989":{"code":7930989,"name":"city or town","p":486972,"type":7930989},"Q33829":{"code":33829,"name":"human population","p":2625603,"type":33829},"Q20926517":{"code":20926517,"name":"religious administrative territorial entity","p":51041800,"type":20926517},"Q665487":{"code":665487,"name":"diocese","p":20926517,"type":665487},"Q471855":{"code":471855,"name":"jurisdiction","p":659390,"type":471855},"Q2665272":{"code":2665272,"name":"Ecclesiastical circumscription immediately subject to the Holy See","p":471855,"type":2665272},"Q618123":{"code":618123,"name":"geographical feature","p":2221906,"type":618123},"Q82794":{"code":82794,"name":"geographic region","p":618123,"type":82794},"Q3957":{"code":3957,"name":"town","p":98966309,"type":3957},"Q5084":{"code":5084,"name":"hamlet","p":15617994,"type":5084},"Q5119":{"code":5119,"name":"capital city","p":515,"type":5119},"Q123705":{"code":123705,"name":"neighborhood","p":486972,"type":123705},"Q57058":{"code":57058,"name":"municipality of Croatia","p":15284,"type":57058},"Q1021711":{"code":1021711,"name":"seaside resort","p":486972,"type":1021711},"Q162602":{"code":162602,"name":"river island","p":23442,"type":162602},"Q677678":{"code":677678,"name":"fortified town","p":515,"type":677678},"Q902814":{"code":902814,"name":"border town","p":7930989,"type":902814},"Q1620908":{"code":1620908,"name":"historical region","p":56061,"type":1620908},"Q1549591":{"code":1549591,"name":"big city","p":98966309,"type":1549591},"Q4286337":{"code":4286337,"name":"city district","p":56061,"type":4286337},"Q2264924":{"code":2264924,"name":"port settlement","p":515,"type":2264924},"Q50330360":{"code":50330360,"name":"second largest city","p":7930989,"type":50330360},"Q51576574":{"code":51576574,"name":"Mediterranean country","p":6256,"type":51576574},"Q179164":{"code":179164,"name":"unitary state","p":1307214,"type":179164},"Q105389481":{"code":105389481,"name":"Greek-Catholic eparchy","p":20926517,"type":105389481},"Q105419665":{"code":105419665,"name":"Roman Catholic archdiocese not metropolitan","p":51041800,"type":105419665},"Q15105893":{"code":15105893,"name":"town in Croatia","p":3957,"type":15105893},"Q22674925":{"code":22674925,"name":"former settlement","p":98966309,"type":22674925},"Q3146899":{"code":3146899,"name":"diocese of the Catholic Church","p":665487,"type":3146899},"Q3624078":{"code":3624078,"name":"sovereign state","p":6256,"type":3624078},"Q-3":{"code":-3,"name":"UNLINKED","p":3,"type":-3},"Q8072":{"code":8072,"name":"volcano (Q8072)","p":-3,"type":8072},"Q57831":{"code":57831,"name":"fortress (Q57831)","p":-3,"type":57831},"Q57053":{"code":57053,"name":"county of Croatia (Q57053)","p":-3,"type":57053},"Q931946":{"code":931946,"name":"Rakia (Q931946)","p":-3,"type":931946},"Q1172599":{"code":1172599,"name":"inlet (Q1172599)","p":-3,"type":1172599},"Q1478783":{"code":1478783,"name":"ferry port (Q1478783)","p":-3,"type":1478783},"Q105390172":{"code":105390172,"name":"Roman Catholic metropolitan archdiocese (Q105390172)","p":-3,"type":105390172},"Q11695632":{"code":11695632,"name":"district of Split (Q11695632)","p":-3,"type":11695632},"Q12645496":{"code":12645496,"name":"Districts of Zagreb (Q12645496)","p":-3,"type":12645496},"Q216851":{"code":216851,"name":"skerry (Q216851)","p":-3,"type":216851},"Q343975":{"code":343975,"name":"Selo (Q343975)","p":-3,"type":343975},"Q2531956":{"code":2531956,"name":"ethnic group (Q2531956)","p":-3,"type":2531956}}