{"Q3":{"code":3,"name":"ROOT","type":634},"Q24017414":{"code":24017414,"name":"MISC","p":3,"type":24017414},"Q183039":{"code":183039,"name":"COUNTRY","p":3,"type":183039},"Q56061":{"code":56061,"name":"admin","p":3,"type":56061},"Q486972":{"code":486972,"name":"settled","p":3,"type":486972},"Q25894868":{"code":25894868,"name":"place type","p":24017414,"type":25894868},"Q23442":{"code":23442,"name":"island","p":25894868,"type":23442},"Q1307214":{"code":1307214,"name":"form of government","p":183039,"type":1307214},"Q6256":{"code":6256,"name":"country","p":183039,"type":6256},"Q12076836":{"code":12076836,"name":"of a single country","p":56061,"type":12076836},"Q1799794":{"code":1799794,"name":"By level","p":56061,"type":1799794},"Q10864048":{"code":10864048,"name":"A1","p":1799794,"type":10864048},"Q515":{"code":515,"name":"city","p":486972,"type":515},"Q532":{"code":532,"name":"village","p":486972,"type":532},"Q98966309":{"code":98966309,"name":"classification of human settlements","p":486972,"type":98966309},"Q7930989":{"code":7930989,"name":"city or town","p":486972,"type":7930989},"Q3957":{"code":3957,"name":"town","p":98966309,"type":3957},"Q112099":{"code":112099,"name":"island nation","p":6256,"type":112099},"Q123705":{"code":123705,"name":"neighborhood","p":56061,"type":123705},"Q179164":{"code":179164,"name":"unitary state","p":1307214,"type":179164},"Q1048835":{"code":1048835,"name":"political territorial entity","p":56061,"type":1048835},"Q1074523":{"code":1074523,"name":"planned community","p":486972,"type":1074523},"Q1996198":{"code":1996198,"name":"regional corporation or municipality of Trinidad and Tobago","p":10864048,"type":1996198},"Q3624078":{"code":3624078,"name":"sovereign state","p":6256,"type":3624078},"Q51929311":{"code":51929311,"name":"largest city","p":7930989,"type":51929311},"Q13107770":{"code":13107770,"name":"archipelagic state","p":112099,"type":13107770},"Q20732236":{"code":20732236,"name":"administrative territorial entity of Trinidad and Tobago","p":12076836,"type":20732236},"Q50330360":{"code":50330360,"name":"second largest city","p":7930989,"type":50330360},"Q-3":{"code":-3,"name":"UNLINKED","p":3,"type":-3},"Q1195098":{"code":1195098,"name":"ward (Q1195098)","p":-3,"type":1195098},"Q105390172":{"code":105390172,"name":"Roman Catholic metropolitan archdiocese (Q105390172)","p":-3,"type":105390172}}