{"Q3":{"code":3,"name":"ROOT","type":634},"Q24017414":{"code":24017414,"name":"MISC","p":3,"type":24017414},"Q183039":{"code":183039,"name":"COUNTRY","p":3,"type":183039},"Q486972":{"code":486972,"name":"settled","p":3,"type":486972},"Q2221906":{"code":2221906,"name":"geo","p":3,"type":2221906},"Q25894868":{"code":25894868,"name":"place type","p":24017414,"type":25894868},"Q23442":{"code":23442,"name":"island","p":25894868,"type":23442},"Q1307214":{"code":1307214,"name":"form of government","p":183039,"type":1307214},"Q6256":{"code":6256,"name":"country","p":183039,"type":6256},"Q515":{"code":515,"name":"city","p":486972,"type":515},"Q532":{"code":532,"name":"village","p":486972,"type":532},"Q98966309":{"code":98966309,"name":"classification of human settlements","p":486972,"type":98966309},"Q618123":{"code":618123,"name":"geographical feature","p":2221906,"type":618123},"Q82794":{"code":82794,"name":"geographic region","p":618123,"type":82794},"Q3957":{"code":3957,"name":"town","p":98966309,"type":3957},"Q5119":{"code":5119,"name":"capital city","p":515,"type":5119},"Q112099":{"code":112099,"name":"island nation","p":6256,"type":112099},"Q179164":{"code":179164,"name":"unitary state","p":1307214,"type":179164},"Q1161185":{"code":1161185,"name":"high island","p":23442,"type":1161185},"Q3502482":{"code":3502482,"name":"cultural region","p":82794,"type":3502482},"Q3624078":{"code":3624078,"name":"sovereign state","p":6256,"type":3624078},"Q13107770":{"code":13107770,"name":"archipelagic state","p":112099,"type":13107770},"Q-3":{"code":-3,"name":"UNLINKED","p":3,"type":-3},"Q3064474":{"code":3064474,"name":"province of Fiji (Q3064474)","p":-3,"type":3064474},"Q105390172":{"code":105390172,"name":"Roman Catholic metropolitan archdiocese (Q105390172)","p":-3,"type":105390172},"Q15646524":{"code":15646524,"name":"division of Fiji (Q15646524)","p":-3,"type":15646524},"Q16887380":{"code":16887380,"name":"group (Q16887380)","p":-3,"type":16887380}}