{"Q3":{"code":3,"name":"ROOT","type":634},"Q24017414":{"code":24017414,"name":"MISC","p":3,"type":24017414},"Q56061":{"code":56061,"name":"admin","p":3,"type":56061},"Q486972":{"code":486972,"name":"settled","p":3,"type":486972},"Q2625603":{"code":2625603,"name":"population","p":3,"type":2625603},"Q51041800":{"code":51041800,"name":"religious","p":3,"type":51041800},"Q659390":{"code":659390,"name":"construct","p":3,"type":659390},"Q2221906":{"code":2221906,"name":"geo","p":3,"type":2221906},"Q25894868":{"code":25894868,"name":"place type","p":24017414,"type":25894868},"Q41710":{"code":41710,"name":"ethnic group","p":24017414,"type":41710},"Q23442":{"code":23442,"name":"island","p":25894868,"type":23442},"Q515":{"code":515,"name":"city","p":486972,"type":515},"Q532":{"code":532,"name":"village","p":486972,"type":532},"Q98966309":{"code":98966309,"name":"classification of human settlements","p":486972,"type":98966309},"Q7930989":{"code":7930989,"name":"city or town","p":486972,"type":7930989},"Q33829":{"code":33829,"name":"human population","p":2625603,"type":33829},"Q20926517":{"code":20926517,"name":"religious administrative territorial entity","p":51041800,"type":20926517},"Q471855":{"code":471855,"name":"jurisdiction","p":659390,"type":471855},"Q2665272":{"code":2665272,"name":"Ecclesiastical circumscription immediately subject to the Holy See","p":471855,"type":2665272},"Q618123":{"code":618123,"name":"geographical feature","p":2221906,"type":618123},"Q82794":{"code":82794,"name":"geographic region","p":618123,"type":82794},"Q5119":{"code":5119,"name":"capital city","p":515,"type":5119},"Q3957":{"code":3957,"name":"town","p":98966309,"type":3957},"Q13691":{"code":13691,"name":"artificial island","p":23442,"type":13691},"Q133156":{"code":133156,"name":"colony","p":82794,"type":133156},"Q207524":{"code":207524,"name":"islet","p":23442,"type":207524},"Q622499":{"code":622499,"name":"refugee camp","p":486972,"type":622499},"Q1074523":{"code":1074523,"name":"planned community","p":486972,"type":1074523},"Q1317251":{"code":1317251,"name":"fishing village","p":532,"type":1317251},"Q1392581":{"code":1392581,"name":"cycling city","p":7930989,"type":1392581},"Q1549591":{"code":1549591,"name":"big city","p":98966309,"type":1549591},"Q1907114":{"code":1907114,"name":"metropolitan area","p":56061,"type":1907114},"Q2983893":{"code":2983893,"name":"quarter","p":56061,"type":2983893},"Q105388829":{"code":105388829,"name":"Latin Catholic diocese","p":20926517,"type":105388829},"Q109392731":{"code":109392731,"name":"city quarter of Copenhagen","p":2983893,"type":109392731},"Q50330360":{"code":50330360,"name":"second largest city","p":7930989,"type":50330360},"Q51929311":{"code":51929311,"name":"largest city","p":7930989,"type":51929311},"Q-3":{"code":-3,"name":"UNLINKED","p":3,"type":-3},"Q6266":{"code":6266,"name":"nation (Q6266)","p":-3,"type":6266},"Q62326":{"code":62326,"name":"region of Denmark (Q62326)","p":-3,"type":62326},"Q188509":{"code":188509,"name":"suburb (Q188509)","p":-3,"type":188509},"Q231002":{"code":231002,"name":"nationality (Q231002)","p":-3,"type":231002},"Q814648":{"code":814648,"name":"parish of Denmark (Q814648)","p":-3,"type":814648},"Q1397926":{"code":1397926,"name":"refugee crisis (Q1397926)","p":-3,"type":1397926},"Q2177636":{"code":2177636,"name":"municipality of Denmark (Q2177636)","p":-3,"type":2177636},"Q2472587":{"code":2472587,"name":"people (Q2472587)","p":-3,"type":2472587},"Q20757176":{"code":20757176,"name":"parish municipality of Denmark (Q20757176)","p":-3,"type":20757176},"Q23036513":{"code":23036513,"name":"former municipality of Denmark (Q23036513)","p":-3,"type":23036513},"Q110645724":{"code":110645724,"name":"No label (Q110645724)","p":-3,"type":110645724}}