{"Q3":{"code":3,"name":"ROOT","type":634},"Q24017414":{"code":24017414,"name":"MISC","p":3,"type":24017414},"Q183039":{"code":183039,"name":"COUNTRY","p":3,"type":183039},"Q56061":{"code":56061,"name":"admin","p":3,"type":56061},"Q486972":{"code":486972,"name":"settled","p":3,"type":486972},"Q51041800":{"code":51041800,"name":"religious","p":3,"type":51041800},"Q659390":{"code":659390,"name":"construct","p":3,"type":659390},"Q41710":{"code":41710,"name":"ethnic group","p":24017414,"type":41710},"Q15617994":{"code":15617994,"name":"designation for an administrative territorial entity","p":24017414,"type":15617994},"Q6256":{"code":6256,"name":"country","p":183039,"type":6256},"Q12076836":{"code":12076836,"name":"of a single country","p":56061,"type":12076836},"Q1799794":{"code":1799794,"name":"By level","p":56061,"type":1799794},"Q10864048":{"code":10864048,"name":"A1","p":1799794,"type":10864048},"Q13221722":{"code":13221722,"name":"A3","p":1799794,"type":13221722},"Q515":{"code":515,"name":"city","p":486972,"type":515},"Q532":{"code":532,"name":"village","p":486972,"type":532},"Q98966309":{"code":98966309,"name":"classification of human settlements","p":486972,"type":98966309},"Q7930989":{"code":7930989,"name":"city or town","p":486972,"type":7930989},"Q20926517":{"code":20926517,"name":"religious administrative territorial entity","p":51041800,"type":20926517},"Q665487":{"code":665487,"name":"diocese","p":20926517,"type":665487},"Q3957":{"code":3957,"name":"town","p":98966309,"type":3957},"Q5119":{"code":5119,"name":"capital city","p":515,"type":5119},"Q843752":{"code":843752,"name":"administrative territorial entity of Bosnia and Herzegovina","p":12076836,"type":843752},"Q18279":{"code":18279,"name":"canton of the Federation of Bosnia and Herzegovina","p":843752,"type":18279},"Q6266":{"code":6266,"name":"nation","p":659390,"type":6266},"Q3624078":{"code":3624078,"name":"sovereign state","p":6256,"type":3624078},"Q902814":{"code":902814,"name":"border town","p":7930989,"type":902814},"Q123705":{"code":123705,"name":"neighborhood","p":486972,"type":123705},"Q622499":{"code":622499,"name":"refugee camp","p":486972,"type":622499},"Q3146899":{"code":3146899,"name":"diocese of the Catholic Church","p":665487,"type":3146899},"Q3257686":{"code":3257686,"name":"locality","p":486972,"type":3257686},"Q1048835":{"code":1048835,"name":"political territorial entity","p":56061,"type":1048835},"Q1549591":{"code":1549591,"name":"big city","p":98966309,"type":1549591},"Q50330360":{"code":50330360,"name":"second largest city","p":7930989,"type":50330360},"Q102104752":{"code":102104752,"name":"city of Bosnia and Herzegovina","p":15617994,"type":102104752},"Q-3":{"code":-3,"name":"UNLINKED","p":3,"type":-3},"Q2706302":{"code":2706302,"name":"municipality of Bosnia and Herzegovina (Q2706302)","p":-3,"type":2706302},"Q6621940":{"code":6621940,"name":"local self-government (Q6621940)","p":-3,"type":6621940},"Q2531956":{"code":2531956,"name":"ethnic group (Q2531956)","p":-3,"type":2531956},"Q16085106":{"code":16085106,"name":"local administrative entity (Q16085106)","p":-3,"type":16085106},"Q17268368":{"code":17268368,"name":"municipality of the Federation of Bosnia and Herzegovina (Q17268368)","p":-3,"type":17268368},"Q47477839":{"code":47477839,"name":"administrative subdivision of Republic of Srpska (Q47477839)","p":-3,"type":47477839},"Q57315116":{"code":57315116,"name":"municipality of the Republika Srpska (Q57315116)","p":-3,"type":57315116},"Q105390172":{"code":105390172,"name":"Roman Catholic metropolitan archdiocese (Q105390172)","p":-3,"type":105390172}}