{"Q3":{"code":3,"name":"ROOT","type":634},"Q24017414":{"code":24017414,"name":"MISC","p":3,"type":24017414},"Q183039":{"code":183039,"name":"COUNTRY","p":3,"type":183039},"Q56061":{"code":56061,"name":"admin","p":3,"type":56061},"Q486972":{"code":486972,"name":"settled","p":3,"type":486972},"Q51041800":{"code":51041800,"name":"religious","p":3,"type":51041800},"Q2221906":{"code":2221906,"name":"geo","p":3,"type":2221906},"Q25894868":{"code":25894868,"name":"place type","p":24017414,"type":25894868},"Q23442":{"code":23442,"name":"island","p":25894868,"type":23442},"Q6256":{"code":6256,"name":"country","p":183039,"type":6256},"Q1799794":{"code":1799794,"name":"By level","p":56061,"type":1799794},"Q10864048":{"code":10864048,"name":"A1","p":1799794,"type":10864048},"Q515":{"code":515,"name":"city","p":486972,"type":515},"Q98966309":{"code":98966309,"name":"classification of human settlements","p":486972,"type":98966309},"Q7930989":{"code":7930989,"name":"city or town","p":486972,"type":7930989},"Q20926517":{"code":20926517,"name":"religious administrative territorial entity","p":51041800,"type":20926517},"Q665487":{"code":665487,"name":"diocese","p":20926517,"type":665487},"Q618123":{"code":618123,"name":"geographical feature","p":2221906,"type":618123},"Q1291195":{"code":1291195,"name":"place of discovery","p":618123,"type":1291195},"Q5119":{"code":5119,"name":"capital city","p":515,"type":5119},"Q3957":{"code":3957,"name":"town","p":98966309,"type":3957},"Q4588528":{"code":4588528,"name":"holy place","p":2221906,"type":4588528},"Q51929311":{"code":51929311,"name":"largest city","p":7930989,"type":51929311},"Q839954":{"code":839954,"name":"archaeological site","p":1291195,"type":839954},"Q861559":{"code":861559,"name":"province of Sri Lanka","p":10864048,"type":861559},"Q7270":{"code":7270,"name":"republic","p":183039,"type":7270},"Q1549591":{"code":1549591,"name":"big city","p":98966309,"type":1549591},"Q3146899":{"code":3146899,"name":"diocese of the Catholic Church","p":665487,"type":3146899},"Q3624078":{"code":3624078,"name":"sovereign state","p":6256,"type":3624078},"Q112099":{"code":112099,"name":"island nation","p":6256,"type":112099},"Q-3":{"code":-3,"name":"UNLINKED","p":3,"type":-3},"Q12932380":{"code":12932380,"name":"Hinduism of an area (Q12932380)","p":-3,"type":12932380},"Q105390172":{"code":105390172,"name":"Roman Catholic metropolitan archdiocese (Q105390172)","p":-3,"type":105390172},"Q1230110":{"code":1230110,"name":"district of Sri Lanka (Q1230110)","p":-3,"type":1230110},"Q188509":{"code":188509,"name":"suburb (Q188509)","p":-3,"type":188509}}