{"Q3":{"code":3,"name":"ROOT","type":634},"Q24017414":{"code":24017414,"name":"MISC","p":3,"type":24017414},"Q183039":{"code":183039,"name":"COUNTRY","p":3,"type":183039},"Q56061":{"code":56061,"name":"admin","p":3,"type":56061},"Q486972":{"code":486972,"name":"settled","p":3,"type":486972},"Q51041800":{"code":51041800,"name":"religious","p":3,"type":51041800},"Q2221906":{"code":2221906,"name":"geo","p":3,"type":2221906},"Q25894868":{"code":25894868,"name":"place type","p":24017414,"type":25894868},"Q41710":{"code":41710,"name":"ethnic group","p":24017414,"type":41710},"Q23442":{"code":23442,"name":"island","p":25894868,"type":23442},"Q15617994":{"code":15617994,"name":"designation for an administrative territorial entity","p":24017414,"type":15617994},"Q113489728":{"code":113489728,"name":"OECD country","p":183039,"type":113489728},"Q1307214":{"code":1307214,"name":"form of government","p":183039,"type":1307214},"Q6256":{"code":6256,"name":"country","p":183039,"type":6256},"Q1799794":{"code":1799794,"name":"By level","p":56061,"type":1799794},"Q10864048":{"code":10864048,"name":"A1","p":1799794,"type":10864048},"Q515":{"code":515,"name":"city","p":486972,"type":515},"Q98966309":{"code":98966309,"name":"classification of human settlements","p":486972,"type":98966309},"Q7930989":{"code":7930989,"name":"city or town","p":486972,"type":7930989},"Q20926517":{"code":20926517,"name":"religious administrative territorial entity","p":51041800,"type":20926517},"Q665487":{"code":665487,"name":"diocese","p":20926517,"type":665487},"Q618123":{"code":618123,"name":"geographical feature","p":2221906,"type":618123},"Q82794":{"code":82794,"name":"geographic region","p":618123,"type":82794},"Q205895":{"code":205895,"name":"landmass","p":82794,"type":205895},"Q183366":{"code":183366,"name":"territory","p":82794,"type":183366},"Q3957":{"code":3957,"name":"town","p":98966309,"type":3957},"Q5119":{"code":5119,"name":"capital city","p":515,"type":5119},"Q7270":{"code":7270,"name":"republic","p":183039,"type":7270},"Q33837":{"code":33837,"name":"archipelago","p":205895,"type":33837},"Q36747":{"code":36747,"name":"indigenous peoples of the Americas","p":41710,"type":36747},"Q162602":{"code":162602,"name":"river island","p":23442,"type":162602},"Q859563":{"code":859563,"name":"secular state","p":1307214,"type":859563},"Q373074":{"code":373074,"name":"suffragan diocese","p":15617994,"type":373074},"Q395994":{"code":395994,"name":"capital district or territory","p":56061,"type":395994},"Q1549591":{"code":1549591,"name":"big city","p":98966309,"type":1549591},"Q499073":{"code":499073,"name":"direct-controlled municipality","p":15617994,"type":499073},"Q902814":{"code":902814,"name":"border town","p":7930989,"type":902814},"Q1637706":{"code":1637706,"name":"million city","p":1549591,"type":1637706},"Q1907114":{"code":1907114,"name":"metropolitan area","p":56061,"type":1907114},"Q3146899":{"code":3146899,"name":"diocese of the Catholic Church","p":665487,"type":3146899},"Q3257686":{"code":3257686,"name":"locality","p":486972,"type":3257686},"Q3624078":{"code":3624078,"name":"sovereign state","p":6256,"type":3624078},"Q15239622":{"code":15239622,"name":"disputed territory","p":183366,"type":15239622},"Q50330360":{"code":50330360,"name":"second largest city","p":7930989,"type":50330360},"Q51929311":{"code":51929311,"name":"largest city","p":7930989,"type":51929311},"Q63209072":{"code":63209072,"name":"city in Colombia","p":515,"type":63209072},"Q105388829":{"code":105388829,"name":"Latin Catholic diocese","p":20926517,"type":105388829},"Q-3":{"code":-3,"name":"UNLINKED","p":3,"type":-3},"Q133311":{"code":133311,"name":"tribe (Q133311)","p":-3,"type":133311},"Q184358":{"code":184358,"name":"reef (Q184358)","p":-3,"type":184358},"Q199403":{"code":199403,"name":"tropical forest (Q199403)","p":-3,"type":199403},"Q215655":{"code":215655,"name":"department of Colombia (Q215655)","p":-3,"type":215655},"Q620225":{"code":620225,"name":"apostolic vicariate (Q620225)","p":-3,"type":620225},"Q2555896":{"code":2555896,"name":"municipality of Colombia (Q2555896)","p":-3,"type":2555896},"Q2997887":{"code":2997887,"name":"corregimiento departamental of Colombia (Q2997887)","p":-3,"type":2997887},"Q3032103":{"code":3032103,"name":"districts of Colombia (Q3032103)","p":-3,"type":3032103},"Q3117863":{"code":3117863,"name":"isolated human group (Q3117863)","p":-3,"type":3117863},"Q105390172":{"code":105390172,"name":"Roman Catholic metropolitan archdiocese (Q105390172)","p":-3,"type":105390172},"Q5172823":{"code":5172823,"name":"corregimiento of Colombia (Q5172823)","p":-3,"type":5172823},"Q5780443":{"code":5780443,"name":"comuna of Colombia (Q5780443)","p":-3,"type":5780443},"Q6089035":{"code":6089035,"name":"province of Cundinamarca Department (Q6089035)","p":-3,"type":6089035}}