{"Q3":{"code":3,"name":"ROOT","type":634},"Q24017414":{"code":24017414,"name":"MISC","p":3,"type":24017414},"Q183039":{"code":183039,"name":"COUNTRY","p":3,"type":183039},"Q56061":{"code":56061,"name":"admin","p":3,"type":56061},"Q486972":{"code":486972,"name":"settled","p":3,"type":486972},"Q2221906":{"code":2221906,"name":"geo","p":3,"type":2221906},"Q25894868":{"code":25894868,"name":"place type","p":24017414,"type":25894868},"Q41710":{"code":41710,"name":"ethnic group","p":24017414,"type":41710},"Q23442":{"code":23442,"name":"island","p":25894868,"type":23442},"Q15617994":{"code":15617994,"name":"designation for an administrative territorial entity","p":24017414,"type":15617994},"Q6256":{"code":6256,"name":"country","p":183039,"type":6256},"Q12076836":{"code":12076836,"name":"of a single country","p":56061,"type":12076836},"Q1799794":{"code":1799794,"name":"By level","p":56061,"type":1799794},"Q10864048":{"code":10864048,"name":"A1","p":1799794,"type":10864048},"Q13220204":{"code":13220204,"name":"A2","p":1799794,"type":13220204},"Q515":{"code":515,"name":"city","p":486972,"type":515},"Q532":{"code":532,"name":"village","p":486972,"type":532},"Q98966309":{"code":98966309,"name":"classification of human settlements","p":486972,"type":98966309},"Q7930989":{"code":7930989,"name":"city or town","p":486972,"type":7930989},"Q618123":{"code":618123,"name":"geographical feature","p":2221906,"type":618123},"Q82794":{"code":82794,"name":"geographic region","p":618123,"type":82794},"Q205895":{"code":205895,"name":"landmass","p":82794,"type":205895},"Q3957":{"code":3957,"name":"town","p":98966309,"type":3957},"Q7688":{"code":7688,"name":"raion","p":15617994,"type":7688},"Q5119":{"code":5119,"name":"capital city","p":515,"type":5119},"Q1434274":{"code":1434274,"name":"field name","p":618123,"type":1434274},"Q1549591":{"code":1549591,"name":"big city","p":98966309,"type":1549591},"Q123480":{"code":123480,"name":"landlocked country","p":6256,"type":123480},"Q34763":{"code":34763,"name":"peninsula","p":205895,"type":34763},"Q1637706":{"code":1637706,"name":"million city","p":1549591,"type":1637706},"Q7631083":{"code":7631083,"name":"administrative territorial entity of Uzbekistan","p":12076836,"type":7631083},"Q15630934":{"code":15630934,"name":"district of Tashkent","p":7631083,"type":15630934},"Q50330360":{"code":50330360,"name":"second largest city","p":7930989,"type":50330360},"Q52103661":{"code":52103661,"name":"former island","p":23442,"type":52103661},"Q163359":{"code":163359,"name":"local administrative unit in the NUTS system","p":1799794,"type":163359},"Q902814":{"code":902814,"name":"border town","p":7930989,"type":902814},"Q2514025":{"code":2514025,"name":"posyolok","p":15617994,"type":2514025},"Q2989457":{"code":2989457,"name":"urban-type settlement","p":486972,"type":2989457},"Q3257686":{"code":3257686,"name":"locality","p":486972,"type":3257686},"Q3624078":{"code":3624078,"name":"sovereign state","p":6256,"type":3624078},"Q4533081":{"code":4533081,"name":"ethnolinguistic group","p":41710,"type":4533081},"Q-3":{"code":-3,"name":"UNLINKED","p":3,"type":-3},"Q351389":{"code":351389,"name":"ethnic minority (Q351389)","p":-3,"type":351389},"Q1431554":{"code":1431554,"name":"apostolic administration (Q1431554)","p":-3,"type":1431554},"Q769696":{"code":769696,"name":"ethnic minority (Q769696)","p":-3,"type":769696},"Q2472587":{"code":2472587,"name":"people (Q2472587)","p":-3,"type":2472587},"Q28599311":{"code":28599311,"name":"uranium mine (Q28599311)","p":-3,"type":28599311},"Q842420":{"code":842420,"name":"region of Uzbekistan (Q842420)","p":-3,"type":842420},"Q2631599":{"code":2631599,"name":"district of Uzbekistan (Q2631599)","p":-3,"type":2631599}}