{"Q3":{"code":3,"name":"ROOT","type":634},"Q15893266":{"code":15893266,"name":"FORMER","p":3,"type":15893266},"Q24017414":{"code":24017414,"name":"MISC","p":3,"type":24017414},"Q183039":{"code":183039,"name":"COUNTRY","p":3,"type":183039},"Q56061":{"code":56061,"name":"admin","p":3,"type":56061},"Q486972":{"code":486972,"name":"settled","p":3,"type":486972},"Q51041800":{"code":51041800,"name":"religious","p":3,"type":51041800},"Q659390":{"code":659390,"name":"construct","p":3,"type":659390},"Q2221906":{"code":2221906,"name":"geo","p":3,"type":2221906},"Q19953632":{"code":19953632,"name":"former admin","p":15893266,"type":19953632},"Q25894868":{"code":25894868,"name":"place type","p":24017414,"type":25894868},"Q41710":{"code":41710,"name":"ethnic group","p":24017414,"type":41710},"Q23442":{"code":23442,"name":"island","p":25894868,"type":23442},"Q111972893":{"code":111972893,"name":"type of structure","p":24017414,"type":111972893},"Q811979":{"code":811979,"name":"architectural structure","p":111972893,"type":811979},"Q6256":{"code":6256,"name":"country","p":183039,"type":6256},"Q1799794":{"code":1799794,"name":"By level","p":56061,"type":1799794},"Q13220204":{"code":13220204,"name":"A2","p":1799794,"type":13220204},"Q13221722":{"code":13221722,"name":"A3","p":1799794,"type":13221722},"Q702492":{"code":702492,"name":"urban area","p":486972,"type":702492},"Q515":{"code":515,"name":"city","p":486972,"type":515},"Q532":{"code":532,"name":"village","p":486972,"type":532},"Q15284":{"code":15284,"name":"municipality","p":486972,"type":15284},"Q98966309":{"code":98966309,"name":"classification of human settlements","p":486972,"type":98966309},"Q7930989":{"code":7930989,"name":"city or town","p":486972,"type":7930989},"Q20926517":{"code":20926517,"name":"religious administrative territorial entity","p":51041800,"type":20926517},"Q471855":{"code":471855,"name":"jurisdiction","p":659390,"type":471855},"Q2665272":{"code":2665272,"name":"Ecclesiastical circumscription immediately subject to the Holy See","p":471855,"type":2665272},"Q618123":{"code":618123,"name":"geographical feature","p":2221906,"type":618123},"Q1291195":{"code":1291195,"name":"place of discovery","p":618123,"type":1291195},"Q82794":{"code":82794,"name":"geographic region","p":618123,"type":82794},"Q183366":{"code":183366,"name":"territory","p":82794,"type":183366},"Q3957":{"code":3957,"name":"town","p":98966309,"type":3957},"Q5119":{"code":5119,"name":"capital city","p":515,"type":5119},"Q123705":{"code":123705,"name":"neighborhood","p":56061,"type":123705},"Q159313":{"code":159313,"name":"urban agglomeration","p":702492,"type":159313},"Q192611":{"code":192611,"name":"electoral district","p":56061,"type":192611},"Q208511":{"code":208511,"name":"global city","p":515,"type":208511},"Q350895":{"code":350895,"name":"abandoned village","p":98966309,"type":350895},"Q555937":{"code":555937,"name":"tidal island","p":23442,"type":555937},"Q627236":{"code":627236,"name":"company town","p":486972,"type":627236},"Q902814":{"code":902814,"name":"border town","p":7930989,"type":902814},"Q1074523":{"code":1074523,"name":"planned community","p":486972,"type":1074523},"Q200250":{"code":200250,"name":"metropolis","p":486972,"type":200250},"Q839954":{"code":839954,"name":"archaeological site","p":1291195,"type":839954},"Q11197007":{"code":11197007,"name":"ethnoreligious group","p":41710,"type":11197007},"Q2319498":{"code":2319498,"name":"landmark","p":811979,"type":2319498},"Q2983893":{"code":2983893,"name":"quarter","p":56061,"type":2983893},"Q1549591":{"code":1549591,"name":"big city","p":98966309,"type":1549591},"Q15239622":{"code":15239622,"name":"disputed territory","p":183366,"type":15239622},"Q1637706":{"code":1637706,"name":"million city","p":1549591,"type":1637706},"Q19832712":{"code":19832712,"name":"historical administrative division","p":56061,"type":19832712},"Q20725872":{"code":20725872,"name":"Eastern Catholic eparchy","p":20926517,"type":20725872},"Q3502482":{"code":3502482,"name":"cultural region","p":82794,"type":3502482},"Q3624078":{"code":3624078,"name":"sovereign state","p":6256,"type":3624078},"Q50330360":{"code":50330360,"name":"second largest city","p":7930989,"type":50330360},"Q105419665":{"code":105419665,"name":"Roman Catholic archdiocese not metropolitan","p":51041800,"type":105419665},"Q108822885":{"code":108822885,"name":"Catholic Metropolitan Archieparchy","p":51041800,"type":108822885},"Q-3":{"code":-3,"name":"UNLINKED","p":3,"type":-3},"Q11353":{"code":11353,"name":"district of Iran (Q11353)","p":-3,"type":11353},"Q133311":{"code":133311,"name":"tribe (Q133311)","p":-3,"type":133311},"Q137535":{"code":137535,"name":"county of Iran (Q137535)","p":-3,"type":137535},"Q2065736":{"code":2065736,"name":"cultural property (Q2065736)","p":-3,"type":2065736},"Q769696":{"code":769696,"name":"ethnic minority (Q769696)","p":-3,"type":769696},"Q783794":{"code":783794,"name":"company (Q783794)","p":-3,"type":783794},"Q1344695":{"code":1344695,"name":"province of Iran (Q1344695)","p":-3,"type":1344695},"Q672729":{"code":672729,"name":"Islamic Republic (Q672729)","p":-3,"type":672729},"Q5377740":{"code":5377740,"name":"district of Tehran (Q5377740)","p":-3,"type":5377740},"Q15125752":{"code":15125752,"name":"rural district of Iran (Q15125752)","p":-3,"type":15125752},"Q56557504":{"code":56557504,"name":"city of Iran (Q56557504)","p":-3,"type":56557504},"Q101057139":{"code":101057139,"name":"county of Razavi Khorasan Province (Q101057139)","p":-3,"type":101057139}}