{"Q3":{"code":3,"name":"ROOT","type":634},"Q15893266":{"code":15893266,"name":"FORMER","p":3,"type":15893266},"Q24017414":{"code":24017414,"name":"MISC","p":3,"type":24017414},"Q183039":{"code":183039,"name":"COUNTRY","p":3,"type":183039},"Q56061":{"code":56061,"name":"admin","p":3,"type":56061},"Q486972":{"code":486972,"name":"settled","p":3,"type":486972},"Q2625603":{"code":2625603,"name":"population","p":3,"type":2625603},"Q51041800":{"code":51041800,"name":"religious","p":3,"type":51041800},"Q659390":{"code":659390,"name":"construct","p":3,"type":659390},"Q104098715":{"code":104098715,"name":"territorial entity type","p":3,"type":104098715},"Q2221906":{"code":2221906,"name":"geo","p":3,"type":2221906},"Q19953632":{"code":19953632,"name":"former admin","p":15893266,"type":19953632},"Q5962346":{"code":5962346,"name":"classification system","p":24017414,"type":5962346},"Q11834037":{"code":11834037,"name":"physico-geographical regionalization","p":5962346,"type":11834037},"Q25894868":{"code":25894868,"name":"place type","p":24017414,"type":25894868},"Q41710":{"code":41710,"name":"ethnic group","p":24017414,"type":41710},"Q23442":{"code":23442,"name":"island","p":25894868,"type":23442},"Q15617994":{"code":15617994,"name":"designation for an administrative territorial entity","p":24017414,"type":15617994},"Q111972893":{"code":111972893,"name":"type of structure","p":24017414,"type":111972893},"Q811979":{"code":811979,"name":"architectural structure","p":111972893,"type":811979},"Q41176":{"code":41176,"name":"building","p":811979,"type":41176},"Q96084375":{"code":96084375,"name":"former building or structure","p":41176,"type":96084375},"Q12292478":{"code":12292478,"name":"estate","p":811979,"type":12292478},"Q875157":{"code":875157,"name":"resort","p":12292478,"type":875157},"Q699405":{"code":699405,"name":"residence","p":811979,"type":699405},"Q5890494":{"code":5890494,"name":"homestead","p":699405,"type":5890494},"Q11755880":{"code":11755880,"name":"residential building","p":699405,"type":11755880},"Q113489728":{"code":113489728,"name":"OECD country","p":183039,"type":113489728},"Q1307214":{"code":1307214,"name":"form of government","p":183039,"type":1307214},"Q6256":{"code":6256,"name":"country","p":183039,"type":6256},"Q171308":{"code":171308,"name":"oblast","p":56061,"type":171308},"Q15621274":{"code":15621274,"name":"enclave or exclave","p":56061,"type":15621274},"Q3024240":{"code":3024240,"name":"historical country","p":19953632,"type":3024240},"Q12076836":{"code":12076836,"name":"of a single country","p":56061,"type":12076836},"Q2520520":{"code":2520520,"name":"administrative territorial entity of Hungary","p":12076836,"type":2520520},"Q697379":{"code":697379,"name":"administrative territorial entity of Romania","p":12076836,"type":697379},"Q15620181":{"code":15620181,"name":"administrative territorial entity of Estonia","p":12076836,"type":15620181},"Q1799794":{"code":1799794,"name":"By level","p":56061,"type":1799794},"Q788176":{"code":788176,"name":"autonomous administrative territorial entity","p":56061,"type":788176},"Q10864048":{"code":10864048,"name":"A1","p":1799794,"type":10864048},"Q13220204":{"code":13220204,"name":"A2","p":1799794,"type":13220204},"Q13221722":{"code":13221722,"name":"A3","p":1799794,"type":13221722},"Q14757767":{"code":14757767,"name":"A4","p":1799794,"type":14757767},"Q4976993":{"code":4976993,"name":"civil parish","p":14757767,"type":4976993},"Q7275":{"code":7275,"name":"state","p":56061,"type":7275},"Q702492":{"code":702492,"name":"urban area","p":486972,"type":702492},"Q515":{"code":515,"name":"city","p":486972,"type":515},"Q532":{"code":532,"name":"village","p":486972,"type":532},"Q618299":{"code":618299,"name":"settlement","p":486972,"type":618299},"Q15284":{"code":15284,"name":"municipality","p":486972,"type":15284},"Q15253706":{"code":15253706,"name":"like a city","p":486972,"type":15253706},"Q244793":{"code":244793,"name":"twin cities","p":486972,"type":244793},"Q676050":{"code":676050,"name":"old town","p":486972,"type":676050},"Q1782540":{"code":1782540,"name":"railway town","p":486972,"type":1782540},"Q98966309":{"code":98966309,"name":"classification of human settlements","p":486972,"type":98966309},"Q7930989":{"code":7930989,"name":"city or town","p":486972,"type":7930989},"Q33829":{"code":33829,"name":"human population","p":2625603,"type":33829},"Q1492823":{"code":1492823,"name":"ecclesiastical district","p":51041800,"type":1492823},"Q20926517":{"code":20926517,"name":"religious administrative territorial entity","p":51041800,"type":20926517},"Q665487":{"code":665487,"name":"diocese","p":20926517,"type":665487},"Q471855":{"code":471855,"name":"jurisdiction","p":659390,"type":471855},"Q2665272":{"code":2665272,"name":"Ecclesiastical circumscription immediately subject to the Holy See","p":471855,"type":2665272},"Q618123":{"code":618123,"name":"geographical feature","p":2221906,"type":618123},"Q1291195":{"code":1291195,"name":"place of discovery","p":618123,"type":1291195},"Q82794":{"code":82794,"name":"geographic region","p":618123,"type":82794},"Q106589819":{"code":106589819,"name":"elevation","p":618123,"type":106589819},"Q74817647":{"code":74817647,"name":"aspect in a geographic region","p":82794,"type":74817647},"Q205895":{"code":205895,"name":"landmass","p":82794,"type":205895},"Q183366":{"code":183366,"name":"territory","p":82794,"type":183366},"Q4835091":{"code":4835091,"name":"territory","p":82794,"type":4835091},"Q15642541":{"code":15642541,"name":"human-geographic territorial entity","p":183366,"type":15642541},"Q34763":{"code":34763,"name":"peninsula","p":205895,"type":34763},"Q3957":{"code":3957,"name":"town","p":98966309,"type":3957},"Q5084":{"code":5084,"name":"hamlet","p":15617994,"type":5084},"Q5119":{"code":5119,"name":"capital city","p":515,"type":5119},"Q6266":{"code":6266,"name":"nation","p":659390,"type":6266},"Q8502":{"code":8502,"name":"mountain","p":106589819,"type":8502},"Q57821":{"code":57821,"name":"fortification","p":811979,"type":57821},"Q23413":{"code":23413,"name":"castle","p":57821,"type":23413},"Q12518":{"code":12518,"name":"tower","p":41176,"type":12518},"Q148837":{"code":148837,"name":"polis","p":15617994,"type":148837},"Q207524":{"code":207524,"name":"islet","p":23442,"type":207524},"Q216851":{"code":216851,"name":"skerry","p":207524,"type":216851},"Q33837":{"code":33837,"name":"archipelago","p":205895,"type":33837},"Q74047":{"code":74047,"name":"ghost town","p":98966309,"type":74047},"Q123705":{"code":123705,"name":"neighborhood","p":486972,"type":123705},"Q350895":{"code":350895,"name":"abandoned village","p":98966309,"type":350895},"Q490933":{"code":490933,"name":"local community","p":56061,"type":490933},"Q782614":{"code":782614,"name":"autonomous region","p":15617994,"type":782614},"Q839954":{"code":839954,"name":"archaeological site","p":1291195,"type":839954},"Q902814":{"code":902814,"name":"border town","p":7930989,"type":902814},"Q1021711":{"code":1021711,"name":"seaside resort","p":486972,"type":1021711},"Q1549591":{"code":1549591,"name":"big city","p":98966309,"type":1549591},"Q1620908":{"code":1620908,"name":"historical region","p":56061,"type":1620908},"Q3046798":{"code":3046798,"name":"Mesta","p":532,"type":3046798},"Q3146899":{"code":3146899,"name":"diocese of the Catholic Church","p":665487,"type":3146899},"Q3257686":{"code":3257686,"name":"locality","p":486972,"type":3257686},"Q1637706":{"code":1637706,"name":"million city","p":1549591,"type":1637706},"Q1670189":{"code":1670189,"name":"administrative territorial entity of Greece","p":12076836,"type":1670189},"Q1402592":{"code":1402592,"name":"island group","p":82794,"type":1402592},"Q2063507":{"code":2063507,"name":"recreation area","p":4835091,"type":2063507},"Q200250":{"code":200250,"name":"metropolis","p":486972,"type":200250},"Q3266850":{"code":3266850,"name":"commune","p":2221906,"type":3266850},"Q3502482":{"code":3502482,"name":"cultural region","p":82794,"type":3502482},"Q12876091":{"code":12876091,"name":"municipal/local community","p":1670189,"type":12876091},"Q2264924":{"code":2264924,"name":"port settlement","p":515,"type":2264924},"Q3732788":{"code":3732788,"name":"apostolic exarchate","p":1492823,"type":3732788},"Q5154611":{"code":5154611,"name":"community","p":15617994,"type":5154611},"Q5500203":{"code":5500203,"name":"Free city","p":515,"type":5500203},"Q19730508":{"code":19730508,"name":"former municipality","p":15284,"type":19730508},"Q15661340":{"code":15661340,"name":"ancient city","p":515,"type":15661340},"Q1065592":{"code":1065592,"name":"desert island","p":23442,"type":1065592},"Q1081138":{"code":1081138,"name":"historic site","p":811979,"type":1081138},"Q3559207":{"code":3559207,"name":"decentralized administration of Greece","p":1670189,"type":3559207},"Q3624078":{"code":3624078,"name":"sovereign state","p":6256,"type":3624078},"Q22674925":{"code":22674925,"name":"former settlement","p":98966309,"type":22674925},"Q25162136":{"code":25162136,"name":"Greek Islands","p":33837,"type":25162136},"Q50330360":{"code":50330360,"name":"second largest city","p":7930989,"type":50330360},"Q51929311":{"code":51929311,"name":"largest city","p":7930989,"type":51929311},"Q105419665":{"code":105419665,"name":"Roman Catholic archdiocese not metropolitan","p":51041800,"type":105419665},"Q-1":{"code":-1,"name":"INVALID","p":3,"type":-1},"Q-2":{"code":-2,"name":"EXCLUDED","p":3,"type":-2},"Q358":{"code":358,"name":"heritage site (Q358)","p":-1,"type":358},"Q16917":{"code":16917,"name":"hospital (Q16917)","p":-1,"type":16917},"Q43229":{"code":43229,"name":"organization (Q43229)","p":-1,"type":43229},"Q44782":{"code":44782,"name":"port (Q44782)","p":-1,"type":44782},"Q93352":{"code":93352,"name":"coast (Q93352)","p":-1,"type":93352},"Q124714":{"code":124714,"name":"spring (Q124714)","p":-1,"type":124714},"Q151885":{"code":151885,"name":"concept (Q151885)","p":-1,"type":151885},"Q271669":{"code":271669,"name":"landform (Q271669)","p":-1,"type":271669},"Q333109":{"code":333109,"name":"Überrest (Q333109)","p":-1,"type":333109},"Q468756":{"code":468756,"name":"shore (Q468756)","p":-1,"type":468756},"Q488383":{"code":488383,"name":"object (Q488383)","p":-1,"type":488383},"Q785952":{"code":785952,"name":"public bath (Q785952)","p":-1,"type":785952},"Q811430":{"code":811430,"name":"human-made geographic feature (Q811430)","p":-1,"type":811430},"Q847950":{"code":847950,"name":"dormitory (Q847950)","p":-1,"type":847950},"Q874405":{"code":874405,"name":"social group (Q874405)","p":-1,"type":874405},"Q937228":{"code":937228,"name":"property (Q937228)","p":-1,"type":937228},"Q960648":{"code":960648,"name":"point of interest (Q960648)","p":-1,"type":960648},"Q1048835":{"code":1048835,"name":"political territorial entity (Q1048835)","p":-1,"type":1048835},"Q1370598":{"code":1370598,"name":"structure of worship (Q1370598)","p":-1,"type":1370598},"Q1431026":{"code":1431026,"name":"horeca (Q1431026)","p":-1,"type":1431026},"Q1785071":{"code":1785071,"name":"fort (Q1785071)","p":-1,"type":1785071},"Q2135465":{"code":2135465,"name":"legal concept (Q2135465)","p":-1,"type":2135465},"Q3702971":{"code":3702971,"name":"personal data (Q3702971)","p":-2,"type":3702971},"Q4260475":{"code":4260475,"name":"medical facility (Q4260475)","p":-1,"type":4260475},"Q12819564":{"code":12819564,"name":"station (Q12819564)","p":-1,"type":12819564},"Q15700808":{"code":15700808,"name":"urban unit definition (Q15700808)","p":-1,"type":15700808},"Q16887380":{"code":16887380,"name":"group (Q16887380)","p":-1,"type":16887380},"Q20741046":{"code":20741046,"name":"NUTS 1 statistical territorial entity (Q20741046)","p":-1,"type":20741046},"Q24398318":{"code":24398318,"name":"religious building (Q24398318)","p":-1,"type":24398318},"Q28872924":{"code":28872924,"name":"designation for an administrative territorial entity of a single country (Q28872924)","p":-1,"type":28872924},"Q29028649":{"code":29028649,"name":"economic concept (Q29028649)","p":-1,"type":29028649},"Q35145263":{"code":35145263,"name":"natural geographic object (Q35145263)","p":-1,"type":35145263},"Q60029820":{"code":60029820,"name":"FFH-Habitat (Q60029820)","p":-1,"type":60029820},"Q107301909":{"code":107301909,"name":"No label (Q107301909)","p":-1,"type":107301909},"Q111737478":{"code":111737478,"name":"catholic ecclesiastical district (Q111737478)","p":-1,"type":111737478},"Q-3":{"code":-3,"name":"UNLINKED","p":3,"type":-3},"Q40080":{"code":40080,"name":"beach (Q40080)","p":-3,"type":40080},"Q40357":{"code":40357,"name":"prison (Q40357)","p":-3,"type":40357},"Q44613":{"code":44613,"name":"monastery (Q44613)","p":-3,"type":44613},"Q57831":{"code":57831,"name":"fortress (Q57831)","p":-3,"type":57831},"Q55488":{"code":55488,"name":"railway station (Q55488)","p":-3,"type":55488},"Q27686":{"code":27686,"name":"hotel (Q27686)","p":-3,"type":27686},"Q177634":{"code":177634,"name":"community (Q177634)","p":-3,"type":177634},"Q210999":{"code":210999,"name":"psychiatric hospital (Q210999)","p":-3,"type":210999},"Q231002":{"code":231002,"name":"nationality (Q231002)","p":-3,"type":231002},"Q16970":{"code":16970,"name":"church building (Q16970)","p":-3,"type":16970},"Q29553":{"code":29553,"name":"sanctuary (Q29553)","p":-3,"type":29553},"Q33506":{"code":33506,"name":"museum (Q33506)","p":-3,"type":33506},"Q75520":{"code":75520,"name":"plateau (Q75520)","p":-3,"type":75520},"Q109607":{"code":109607,"name":"ruins (Q109607)","p":-3,"type":109607},"Q177380":{"code":177380,"name":"hot spring (Q177380)","p":-3,"type":177380},"Q406957":{"code":406957,"name":"first-level NUTS of the European Union (Q406957)","p":-3,"type":406957},"Q184358":{"code":184358,"name":"reef (Q184358)","p":-3,"type":184358},"Q185113":{"code":185113,"name":"cape (Q185113)","p":-3,"type":185113},"Q188509":{"code":188509,"name":"suburb (Q188509)","p":-3,"type":188509},"Q327333":{"code":327333,"name":"government agency (Q327333)","p":-3,"type":327333},"Q570116":{"code":570116,"name":"tourist attraction (Q570116)","p":-3,"type":570116},"Q620225":{"code":620225,"name":"apostolic vicariate (Q620225)","p":-3,"type":620225},"Q631305":{"code":631305,"name":"rock formation (Q631305)","p":-3,"type":631305},"Q832778":{"code":832778,"name":"campsite (Q832778)","p":-3,"type":832778},"Q863974":{"code":863974,"name":"lake island (Q863974)","p":-3,"type":863974},"Q876852":{"code":876852,"name":"summer camp (Q876852)","p":-3,"type":876852},"Q207299":{"code":207299,"name":"administrative region of Greece (Q207299)","p":-3,"type":207299},"Q721207":{"code":721207,"name":"marina (Q721207)","p":-3,"type":721207},"Q2472587":{"code":2472587,"name":"people (Q2472587)","p":-3,"type":2472587},"Q1349648":{"code":1349648,"name":"municipality of Greece (Q1349648)","p":-3,"type":1349648},"Q1985797":{"code":1985797,"name":"municipal unit of Greece (Q1985797)","p":-3,"type":1985797},"Q1234255":{"code":1234255,"name":"regional unit of Greece (Q1234255)","p":-3,"type":1234255},"Q1341387":{"code":1341387,"name":"spa (Q1341387)","p":-3,"type":1341387},"Q202595":{"code":202595,"name":"prefecture of Greece (Q202595)","p":-3,"type":202595},"Q7100806":{"code":7100806,"name":"Ordinariate for Eastern Catholic faithful (Q7100806)","p":-3,"type":7100806},"Q7315485":{"code":7315485,"name":"residential treatment center (Q7315485)","p":-3,"type":7315485},"Q2031836":{"code":2031836,"name":"Eastern Orthodox church (Q2031836)","p":-3,"type":2031836},"Q2742167":{"code":2742167,"name":"religious community (Q2742167)","p":-3,"type":2742167},"Q3661265":{"code":3661265,"name":"university dormitory (Q3661265)","p":-3,"type":3661265},"Q6021560":{"code":6021560,"name":"female monastery (Q6021560)","p":-3,"type":6021560},"Q13100073":{"code":13100073,"name":"village (Q13100073)","p":-3,"type":13100073},"Q1200957":{"code":1200957,"name":"tourist destination (Q1200957)","p":-3,"type":1200957},"Q25524451":{"code":25524451,"name":"No label (Q25524451)","p":-3,"type":25524451},"Q29048704":{"code":29048704,"name":"traditional settlement in Greece (Q29048704)","p":-3,"type":29048704},"Q105390172":{"code":105390172,"name":"Roman Catholic metropolitan archdiocese (Q105390172)","p":-3,"type":105390172},"Q111904027":{"code":111904027,"name":"commune (Greece) (Q111904027)","p":-3,"type":111904027}}