{"Q3":{"code":3,"name":"ROOT","type":634},"Q24017414":{"code":24017414,"name":"MISC","p":3,"type":24017414},"Q183039":{"code":183039,"name":"COUNTRY","p":3,"type":183039},"Q56061":{"code":56061,"name":"admin","p":3,"type":56061},"Q486972":{"code":486972,"name":"settled","p":3,"type":486972},"Q2625603":{"code":2625603,"name":"population","p":3,"type":2625603},"Q51041800":{"code":51041800,"name":"religious","p":3,"type":51041800},"Q659390":{"code":659390,"name":"construct","p":3,"type":659390},"Q2221906":{"code":2221906,"name":"geo","p":3,"type":2221906},"Q25894868":{"code":25894868,"name":"place type","p":24017414,"type":25894868},"Q41710":{"code":41710,"name":"ethnic group","p":24017414,"type":41710},"Q23442":{"code":23442,"name":"island","p":25894868,"type":23442},"Q15617994":{"code":15617994,"name":"designation for an administrative territorial entity","p":24017414,"type":15617994},"Q111972893":{"code":111972893,"name":"type of structure","p":24017414,"type":111972893},"Q811979":{"code":811979,"name":"architectural structure","p":111972893,"type":811979},"Q41176":{"code":41176,"name":"building","p":811979,"type":41176},"Q6256":{"code":6256,"name":"country","p":183039,"type":6256},"Q702492":{"code":702492,"name":"urban area","p":486972,"type":702492},"Q515":{"code":515,"name":"city","p":486972,"type":515},"Q532":{"code":532,"name":"village","p":486972,"type":532},"Q15284":{"code":15284,"name":"municipality","p":486972,"type":15284},"Q676050":{"code":676050,"name":"old town","p":486972,"type":676050},"Q98966309":{"code":98966309,"name":"classification of human settlements","p":486972,"type":98966309},"Q7930989":{"code":7930989,"name":"city or town","p":486972,"type":7930989},"Q33829":{"code":33829,"name":"human population","p":2625603,"type":33829},"Q1492823":{"code":1492823,"name":"ecclesiastical district","p":51041800,"type":1492823},"Q20926517":{"code":20926517,"name":"religious administrative territorial entity","p":51041800,"type":20926517},"Q665487":{"code":665487,"name":"diocese","p":20926517,"type":665487},"Q471855":{"code":471855,"name":"jurisdiction","p":659390,"type":471855},"Q2665272":{"code":2665272,"name":"Ecclesiastical circumscription immediately subject to the Holy See","p":471855,"type":2665272},"Q618123":{"code":618123,"name":"geographical feature","p":2221906,"type":618123},"Q1291195":{"code":1291195,"name":"place of discovery","p":618123,"type":1291195},"Q82794":{"code":82794,"name":"geographic region","p":618123,"type":82794},"Q106589819":{"code":106589819,"name":"elevation","p":618123,"type":106589819},"Q205895":{"code":205895,"name":"landmass","p":82794,"type":205895},"Q4835091":{"code":4835091,"name":"territory","p":82794,"type":4835091},"Q3957":{"code":3957,"name":"town","p":98966309,"type":3957},"Q5084":{"code":5084,"name":"hamlet","p":15617994,"type":5084},"Q8502":{"code":8502,"name":"mountain","p":106589819,"type":8502},"Q57821":{"code":57821,"name":"fortification","p":811979,"type":57821},"Q5119":{"code":5119,"name":"capital city","p":515,"type":5119},"Q6266":{"code":6266,"name":"nation","p":659390,"type":6266},"Q12518":{"code":12518,"name":"tower","p":41176,"type":12518},"Q23413":{"code":23413,"name":"castle","p":57821,"type":23413},"Q33837":{"code":33837,"name":"archipelago","p":205895,"type":33837},"Q34763":{"code":34763,"name":"peninsula","p":205895,"type":34763},"Q74047":{"code":74047,"name":"ghost town","p":98966309,"type":74047},"Q123705":{"code":123705,"name":"neighborhood","p":486972,"type":123705},"Q200250":{"code":200250,"name":"metropolis","p":486972,"type":200250},"Q148837":{"code":148837,"name":"polis","p":15617994,"type":148837},"Q207524":{"code":207524,"name":"islet","p":23442,"type":207524},"Q902814":{"code":902814,"name":"border town","p":7930989,"type":902814},"Q1021711":{"code":1021711,"name":"seaside resort","p":486972,"type":1021711},"Q1065592":{"code":1065592,"name":"desert island","p":23442,"type":1065592},"Q1081138":{"code":1081138,"name":"historic site","p":811979,"type":1081138},"Q216851":{"code":216851,"name":"skerry","p":207524,"type":216851},"Q350895":{"code":350895,"name":"abandoned village","p":98966309,"type":350895},"Q490933":{"code":490933,"name":"local community","p":56061,"type":490933},"Q839954":{"code":839954,"name":"archaeological site","p":1291195,"type":839954},"Q15661340":{"code":15661340,"name":"ancient city","p":515,"type":15661340},"Q3046798":{"code":3046798,"name":"Mesta","p":532,"type":3046798},"Q3146899":{"code":3146899,"name":"diocese of the Catholic Church","p":665487,"type":3146899},"Q1402592":{"code":1402592,"name":"island group","p":82794,"type":1402592},"Q1620908":{"code":1620908,"name":"historical region","p":56061,"type":1620908},"Q1549591":{"code":1549591,"name":"big city","p":98966309,"type":1549591},"Q1637706":{"code":1637706,"name":"million city","p":1549591,"type":1637706},"Q2063507":{"code":2063507,"name":"recreation area","p":4835091,"type":2063507},"Q2072238":{"code":2072238,"name":"archdiocese","p":665487,"type":2072238},"Q2264924":{"code":2264924,"name":"port settlement","p":515,"type":2264924},"Q3732788":{"code":3732788,"name":"apostolic exarchate","p":1492823,"type":3732788},"Q5154611":{"code":5154611,"name":"community","p":15617994,"type":5154611},"Q19730508":{"code":19730508,"name":"former municipality","p":15284,"type":19730508},"Q22674925":{"code":22674925,"name":"former settlement","p":98966309,"type":22674925},"Q25162136":{"code":25162136,"name":"Greek Islands","p":33837,"type":25162136},"Q5500203":{"code":5500203,"name":"Free city","p":515,"type":5500203},"Q3257686":{"code":3257686,"name":"locality","p":486972,"type":3257686},"Q3266850":{"code":3266850,"name":"commune","p":2221906,"type":3266850},"Q3502482":{"code":3502482,"name":"cultural region","p":82794,"type":3502482},"Q3624078":{"code":3624078,"name":"sovereign state","p":6256,"type":3624078},"Q50330360":{"code":50330360,"name":"second largest city","p":7930989,"type":50330360},"Q51929311":{"code":51929311,"name":"largest city","p":7930989,"type":51929311},"Q105419665":{"code":105419665,"name":"Roman Catholic archdiocese not metropolitan","p":51041800,"type":105419665},"Q-3":{"code":-3,"name":"UNLINKED","p":3,"type":-3},"Q40357":{"code":40357,"name":"prison (Q40357)","p":-3,"type":40357},"Q44613":{"code":44613,"name":"monastery (Q44613)","p":-3,"type":44613},"Q55488":{"code":55488,"name":"railway station (Q55488)","p":-3,"type":55488},"Q16970":{"code":16970,"name":"church building (Q16970)","p":-3,"type":16970},"Q27686":{"code":27686,"name":"hotel (Q27686)","p":-3,"type":27686},"Q29553":{"code":29553,"name":"sanctuary (Q29553)","p":-3,"type":29553},"Q33506":{"code":33506,"name":"museum (Q33506)","p":-3,"type":33506},"Q57831":{"code":57831,"name":"fortress (Q57831)","p":-3,"type":57831},"Q202595":{"code":202595,"name":"prefecture of Greece (Q202595)","p":-3,"type":202595},"Q207299":{"code":207299,"name":"administrative region of Greece (Q207299)","p":-3,"type":207299},"Q40080":{"code":40080,"name":"beach (Q40080)","p":-3,"type":40080},"Q184358":{"code":184358,"name":"reef (Q184358)","p":-3,"type":184358},"Q177380":{"code":177380,"name":"hot spring (Q177380)","p":-3,"type":177380},"Q177634":{"code":177634,"name":"community (Q177634)","p":-3,"type":177634},"Q188509":{"code":188509,"name":"suburb (Q188509)","p":-3,"type":188509},"Q210999":{"code":210999,"name":"psychiatric hospital (Q210999)","p":-3,"type":210999},"Q75520":{"code":75520,"name":"plateau (Q75520)","p":-3,"type":75520},"Q231002":{"code":231002,"name":"nationality (Q231002)","p":-3,"type":231002},"Q406957":{"code":406957,"name":"first-level NUTS of the European Union (Q406957)","p":-3,"type":406957},"Q863974":{"code":863974,"name":"lake island (Q863974)","p":-3,"type":863974},"Q109607":{"code":109607,"name":"ruins (Q109607)","p":-3,"type":109607},"Q185113":{"code":185113,"name":"cape (Q185113)","p":-3,"type":185113},"Q1349648":{"code":1349648,"name":"municipality of Greece (Q1349648)","p":-3,"type":1349648},"Q327333":{"code":327333,"name":"government agency (Q327333)","p":-3,"type":327333},"Q832778":{"code":832778,"name":"campsite (Q832778)","p":-3,"type":832778},"Q876852":{"code":876852,"name":"summer camp (Q876852)","p":-3,"type":876852},"Q12876091":{"code":12876091,"name":"municipal/local community (Q12876091)","p":-3,"type":12876091},"Q570116":{"code":570116,"name":"tourist attraction (Q570116)","p":-3,"type":570116},"Q620225":{"code":620225,"name":"apostolic vicariate (Q620225)","p":-3,"type":620225},"Q1200957":{"code":1200957,"name":"tourist destination (Q1200957)","p":-3,"type":1200957},"Q1234255":{"code":1234255,"name":"regional unit of Greece (Q1234255)","p":-3,"type":1234255},"Q1985797":{"code":1985797,"name":"municipal unit of Greece (Q1985797)","p":-3,"type":1985797},"Q2031836":{"code":2031836,"name":"Eastern Orthodox church (Q2031836)","p":-3,"type":2031836},"Q2472587":{"code":2472587,"name":"people (Q2472587)","p":-3,"type":2472587},"Q3661265":{"code":3661265,"name":"university dormitory (Q3661265)","p":-3,"type":3661265},"Q6021560":{"code":6021560,"name":"female monastery (Q6021560)","p":-3,"type":6021560},"Q7100806":{"code":7100806,"name":"Ordinariate for Eastern Catholic faithful (Q7100806)","p":-3,"type":7100806},"Q7315485":{"code":7315485,"name":"residential treatment center (Q7315485)","p":-3,"type":7315485},"Q29048704":{"code":29048704,"name":"traditional settlement in Greece (Q29048704)","p":-3,"type":29048704},"Q3559207":{"code":3559207,"name":"decentralized administration of Greece (Q3559207)","p":-3,"type":3559207},"Q105390172":{"code":105390172,"name":"Roman Catholic metropolitan archdiocese (Q105390172)","p":-3,"type":105390172},"Q111904027":{"code":111904027,"name":"commune (Greece) (Q111904027)","p":-3,"type":111904027},"Q631305":{"code":631305,"name":"rock formation (Q631305)","p":-3,"type":631305},"Q721207":{"code":721207,"name":"marina (Q721207)","p":-3,"type":721207},"Q1341387":{"code":1341387,"name":"spa (Q1341387)","p":-3,"type":1341387},"Q25524451":{"code":25524451,"name":"No label (Q25524451)","p":-3,"type":25524451}}