{"Q3":{"code":3,"name":"ROOT","type":634},"Q24017414":{"code":24017414,"name":"MISC","p":3,"type":24017414},"Q183039":{"code":183039,"name":"COUNTRY","p":3,"type":183039},"Q56061":{"code":56061,"name":"admin","p":3,"type":56061},"Q486972":{"code":486972,"name":"settled","p":3,"type":486972},"Q2221906":{"code":2221906,"name":"geo","p":3,"type":2221906},"Q25894868":{"code":25894868,"name":"place type","p":24017414,"type":25894868},"Q23442":{"code":23442,"name":"island","p":25894868,"type":23442},"Q15617994":{"code":15617994,"name":"designation for an administrative territorial entity","p":24017414,"type":15617994},"Q6256":{"code":6256,"name":"country","p":183039,"type":6256},"Q515":{"code":515,"name":"city","p":486972,"type":515},"Q532":{"code":532,"name":"village","p":486972,"type":532},"Q98966309":{"code":98966309,"name":"classification of human settlements","p":486972,"type":98966309},"Q618123":{"code":618123,"name":"geographical feature","p":2221906,"type":618123},"Q82794":{"code":82794,"name":"geographic region","p":618123,"type":82794},"Q205895":{"code":205895,"name":"landmass","p":82794,"type":205895},"Q3957":{"code":3957,"name":"town","p":98966309,"type":3957},"Q5119":{"code":5119,"name":"capital city","p":515,"type":5119},"Q7688":{"code":7688,"name":"raion","p":15617994,"type":7688},"Q33837":{"code":33837,"name":"archipelago","p":205895,"type":33837},"Q1549591":{"code":1549591,"name":"big city","p":98966309,"type":1549591},"Q3257686":{"code":3257686,"name":"locality","p":486972,"type":3257686},"Q3624078":{"code":3624078,"name":"sovereign state","p":6256,"type":3624078},"Q-3":{"code":-3,"name":"UNLINKED","p":3,"type":-3},"Q39594":{"code":39594,"name":"bay (Q39594)","p":-3,"type":39594},"Q202686":{"code":202686,"name":"Commonwealth realm (Q202686)","p":-3,"type":202686},"Q1230132":{"code":1230132,"name":"District of the Bahamas (Q1230132)","p":-3,"type":1230132},"Q13107770":{"code":13107770,"name":"archipelagic state (Q13107770)","p":-3,"type":13107770},"Q21601225":{"code":21601225,"name":"former district of the Bahamas (Q21601225)","p":-3,"type":21601225}}